NUMBER; DRIVER_NUMBER; LAP_NUMBER; LAP_TIME; LAP_IMPROVEMENT; CROSSING_FINISH_LINE_IN_PIT; S1; S1_IMPROVEMENT; S2; S2_IMPROVEMENT; S3; S3_IMPROVEMENT; KPH; ELAPSED; HOUR;S1_LARGE;S2_LARGE;S3_LARGE;TOP_SPEED;DRIVER_NAME;PIT_TIME;CLASS;GROUP;TEAM;MANUFACTURER;FLAG_AT_FL;S1_SECONDS;S2_SECONDS;S3_SECONDS;
007;1;1;2:11.027;0;;36.893;0;1:01.928;0;32.206;0;189.1;2:11.027;14:03:02.190;0:36.893;1:01.928;0:32.206;292.9;Harry TINCKNELL;;HYPERCAR;;Aston Martin Thor Team;Aston Martin;GF;36.893;61.928;32.206;
007;1;2;2:05.601;0;;34.670;0;59.282;0;31.649;0;200.7;4:16.628;14:05:07.791;0:34.670;0:59.282;0:31.649;309.6;Harry TINCKNELL;;HYPERCAR;;Aston Martin Thor Team;Aston Martin;GF;34.670;59.282;31.649;
007;1;3;2:05.589;0;;34.773;0;59.132;0;31.684;0;200.8;6:22.217;14:07:13.380;0:34.773;0:59.132;0:31.684;306.1;Harry TINCKNELL;;HYPERCAR;;Aston Martin Thor Team;Aston Martin;GF;34.773;59.132;31.684;
007;1;4;2:05.717;0;;34.764;0;59.147;0;31.806;0;200.6;8:27.934;14:09:19.097;0:34.764;0:59.147;0:31.806;290.5;Harry TINCKNELL;;HYPERCAR;;Aston Martin Thor Team;Aston Martin;GF;34.764;59.147;31.806;
007;1;5;2:06.200;0;;34.753;0;59.590;0;31.857;0;199.8;10:34.134;14:11:25.297;0:34.753;0:59.590;0:31.857;296.9;Harry TINCKNELL;;HYPERCAR;;Aston Martin Thor Team;Aston Martin;GF;34.753;59.590;31.857;
007;1;6;2:05.732;0;;34.537;0;59.411;0;31.784;0;200.5;12:39.866;14:13:31.029;0:34.537;0:59.411;0:31.784;293.7;Harry TINCKNELL;;HYPERCAR;;Aston Martin Thor Team;Aston Martin;GF;34.537;59.411;31.784;
007;1;7;2:31.013;0;;34.453;0;1:01.624;0;54.936;0;167.0;15:10.879;14:16:02.042;0:34.453;1:01.624;0:54.936;293.7;Harry TINCKNELL;;HYPERCAR;;Aston Martin Thor Team;Aston Martin;SF;34.453;61.624;54.936;
007;1;8;4:45.752;0;;1:29.003;0;1:54.055;0;1:22.694;0;88.2;19:56.631;14:20:47.794;1:29.003;1:54.055;1:22.694;95.9;Harry TINCKNELL;;HYPERCAR;;Aston Martin Thor Team;Aston Martin;SF;89.003;114.055;82.694;
007;1;9;3:07.525;0;;1:07.899;0;1:18.215;0;41.411;0;134.5;23:04.156;14:23:55.319;1:07.899;1:18.215;0:41.411;115.0;Harry TINCKNELL;;HYPERCAR;;Aston Martin Thor Team;Aston Martin;SF;67.899;78.215;41.411;
007;1;10;2:56.668;0;;47.816;0;1:19.380;0;49.472;0;142.7;26:00.824;14:26:51.987;0:47.816;1:19.380;0:49.472;195.6;Harry TINCKNELL;;HYPERCAR;;Aston Martin Thor Team;Aston Martin;GF;47.816;79.380;49.472;
007;1;11;2:07.012;0;;34.835;0;1:00.238;0;31.939;0;198.5;28:07.836;14:28:58.999;0:34.835;1:00.238;0:31.939;298.5;Harry TINCKNELL;;HYPERCAR;;Aston Martin Thor Team;Aston Martin;GF;34.835;60.238;31.939;
007;1;12;2:06.413;0;;34.503;0;1:00.035;0;31.875;0;199.5;30:14.249;14:31:05.412;0:34.503;1:00.035;0:31.875;291.3;Harry TINCKNELL;;HYPERCAR;;Aston Martin Thor Team;Aston Martin;GF;34.503;60.035;31.875;
007;1;13;2:06.446;0;;34.611;0;1:00.006;0;31.829;0;199.4;32:20.695;14:33:11.858;0:34.611;1:00.006;0:31.829;292.9;Harry TINCKNELL;;HYPERCAR;;Aston Martin Thor Team;Aston Martin;GF;34.611;60.006;31.829;
007;1;14;2:06.535;0;;34.718;0;59.760;0;32.057;0;199.3;34:27.230;14:35:18.393;0:34.718;0:59.760;0:32.057;285.9;Harry TINCKNELL;;HYPERCAR;;Aston Martin Thor Team;Aston Martin;GF;34.718;59.760;32.057;
007;1;15;2:07.073;0;;35.362;0;59.867;0;31.844;0;198.4;36:34.303;14:37:25.466;0:35.362;0:59.867;0:31.844;289.7;Harry TINCKNELL;;HYPERCAR;;Aston Martin Thor Team;Aston Martin;GF;35.362;59.867;31.844;
007;1;16;2:06.217;0;;34.669;0;59.685;0;31.863;0;199.8;38:40.520;14:39:31.683;0:34.669;0:59.685;0:31.863;287.4;Harry TINCKNELL;;HYPERCAR;;Aston Martin Thor Team;Aston Martin;GF;34.669;59.685;31.863;
007;1;17;2:07.377;0;;34.516;0;1:00.132;0;32.729;0;197.9;40:47.897;14:41:39.060;0:34.516;1:00.132;0:32.729;289.7;Harry TINCKNELL;;HYPERCAR;;Aston Martin Thor Team;Aston Martin;GF;34.516;60.132;32.729;
007;1;18;2:10.365;0;;34.711;0;1:02.075;0;33.579;0;193.4;42:58.262;14:43:49.425;0:34.711;1:02.075;0:33.579;282.2;Harry TINCKNELL;;HYPERCAR;;Aston Martin Thor Team;Aston Martin;GF;34.711;62.075;33.579;
007;1;19;2:10.208;0;;36.010;0;1:01.348;0;32.850;0;193.6;45:08.470;14:45:59.633;0:36.010;1:01.348;0:32.850;316.8;Harry TINCKNELL;;HYPERCAR;;Aston Martin Thor Team;Aston Martin;GF;36.010;61.348;32.850;
007;1;20;2:06.884;0;;35.333;0;59.738;0;31.813;0;198.7;47:15.354;14:48:06.517;0:35.333;0:59.738;0:31.813;280.0;Harry TINCKNELL;;HYPERCAR;;Aston Martin Thor Team;Aston Martin;GF;35.333;59.738;31.813;
007;1;21;2:06.520;0;;34.731;0;1:00.009;0;31.780;0;199.3;49:21.874;14:50:13.037;0:34.731;1:00.009;0:31.780;288.2;Harry TINCKNELL;;HYPERCAR;;Aston Martin Thor Team;Aston Martin;GF;34.731;60.009;31.780;
007;1;22;2:05.847;0;;34.556;0;59.730;0;31.561;0;200.4;51:27.721;14:52:18.884;0:34.556;0:59.730;0:31.561;290.5;Harry TINCKNELL;;HYPERCAR;;Aston Martin Thor Team;Aston Martin;GF;34.556;59.730;31.561;
007;1;23;2:05.782;0;;35.293;0;59.083;0;31.406;0;200.5;53:33.503;14:54:24.666;0:35.293;0:59.083;0:31.406;284.4;Harry TINCKNELL;;HYPERCAR;;Aston Martin Thor Team;Aston Martin;GF;35.293;59.083;31.406;
007;1;24;2:04.739;0;;34.500;0;58.899;0;31.340;2;202.1;55:38.242;14:56:29.405;0:34.500;0:58.899;0:31.340;289.7;Harry TINCKNELL;;HYPERCAR;;Aston Martin Thor Team;Aston Martin;GF;34.500;58.899;31.340;
007;1;25;2:06.288;0;;34.395;0;1:00.164;0;31.729;0;199.7;57:44.530;14:58:35.693;0:34.395;1:00.164;0:31.729;289.0;Harry TINCKNELL;;HYPERCAR;;Aston Martin Thor Team;Aston Martin;GF;34.395;60.164;31.729;
007;1;26;2:06.454;0;;34.445;0;1:00.388;0;31.621;0;199.4;59:50.984;15:00:42.147;0:34.445;1:00.388;0:31.621;287.4;Harry TINCKNELL;;HYPERCAR;;Aston Martin Thor Team;Aston Martin;GF;34.445;60.388;31.621;
007;1;27;2:15.260;0;B;34.939;0;1:02.091;0;38.230;0;186.4;1:02:06.244;15:02:57.407;0:34.939;1:02.091;0:38.230;280.7;Harry TINCKNELL;;HYPERCAR;;Aston Martin Thor Team;Aston Martin;GF;34.939;62.091;38.230;
007;1;28;3:04.074;0;;1:32.009;0;1:00.312;0;31.753;0;137.0;1:05:10.318;15:06:01.481;1:32.009;1:00.312;0:31.753;311.4;Harry TINCKNELL;0:01:07.766;HYPERCAR;;Aston Martin Thor Team;Aston Martin;GF;92.009;60.312;31.753;
007;1;29;2:06.475;0;;34.830;0;59.790;0;31.855;0;199.4;1:07:16.793;15:08:07.956;0:34.830;0:59.790;0:31.855;288.2;Harry TINCKNELL;;HYPERCAR;;Aston Martin Thor Team;Aston Martin;GF;34.830;59.790;31.855;
007;1;30;2:06.417;0;;34.813;0;59.748;0;31.856;0;199.5;1:09:23.210;15:10:14.373;0:34.813;0:59.748;0:31.856;289.7;Harry TINCKNELL;;HYPERCAR;;Aston Martin Thor Team;Aston Martin;GF;34.813;59.748;31.856;
007;1;31;2:06.816;0;;34.690;0;1:00.209;0;31.917;0;198.8;1:11:30.026;15:12:21.189;0:34.690;1:00.209;0:31.917;291.3;Harry TINCKNELL;;HYPERCAR;;Aston Martin Thor Team;Aston Martin;GF;34.690;60.209;31.917;
007;1;32;2:06.430;0;;34.859;0;59.840;0;31.731;0;199.4;1:13:36.456;15:14:27.619;0:34.859;0:59.840;0:31.731;292.1;Harry TINCKNELL;;HYPERCAR;;Aston Martin Thor Team;Aston Martin;GF;34.859;59.840;31.731;
007;1;33;2:06.394;0;;34.511;0;1:00.172;0;31.711;0;199.5;1:15:42.850;15:16:34.013;0:34.511;1:00.172;0:31.711;296.1;Harry TINCKNELL;;HYPERCAR;;Aston Martin Thor Team;Aston Martin;GF;34.511;60.172;31.711;
007;1;34;2:07.229;0;;34.814;0;1:00.492;0;31.923;0;198.2;1:17:50.079;15:18:41.242;0:34.814;1:00.492;0:31.923;296.1;Harry TINCKNELL;;HYPERCAR;;Aston Martin Thor Team;Aston Martin;GF;34.814;60.492;31.923;
007;1;35;2:12.851;0;;36.136;0;1:03.392;0;33.323;0;189.8;1:20:02.930;15:20:54.093;0:36.136;1:03.392;0:33.323;280.0;Harry TINCKNELL;;HYPERCAR;;Aston Martin Thor Team;Aston Martin;GF;36.136;63.392;33.323;
007;1;36;2:07.449;0;;34.715;0;1:00.370;0;32.364;0;197.8;1:22:10.379;15:23:01.542;0:34.715;1:00.370;0:32.364;291.3;Harry TINCKNELL;;HYPERCAR;;Aston Martin Thor Team;Aston Martin;GF;34.715;60.370;32.364;
007;1;37;2:08.690;0;;35.032;0;1:00.349;0;33.309;0;195.9;1:24:19.069;15:25:10.232;0:35.032;1:00.349;0:33.309;290.5;Harry TINCKNELL;;HYPERCAR;;Aston Martin Thor Team;Aston Martin;GF;35.032;60.349;33.309;
007;1;38;2:06.573;0;;34.657;0;1:00.072;0;31.844;0;199.2;1:26:25.642;15:27:16.805;0:34.657;1:00.072;0:31.844;293.7;Harry TINCKNELL;;HYPERCAR;;Aston Martin Thor Team;Aston Martin;GF;34.657;60.072;31.844;
007;1;39;2:06.840;0;;34.643;0;1:00.287;0;31.910;0;198.8;1:28:32.482;15:29:23.645;0:34.643;1:00.287;0:31.910;297.7;Harry TINCKNELL;;HYPERCAR;;Aston Martin Thor Team;Aston Martin;GF;34.643;60.287;31.910;
007;1;40;2:05.886;0;;34.618;0;59.577;0;31.691;0;200.3;1:30:38.368;15:31:29.531;0:34.618;0:59.577;0:31.691;298.5;Harry TINCKNELL;;HYPERCAR;;Aston Martin Thor Team;Aston Martin;GF;34.618;59.577;31.691;
007;1;41;2:08.494;0;;35.865;0;1:00.818;0;31.811;0;196.2;1:32:46.862;15:33:38.025;0:35.865;1:00.818;0:31.811;292.1;Harry TINCKNELL;;HYPERCAR;;Aston Martin Thor Team;Aston Martin;GF;35.865;60.818;31.811;
007;1;42;2:06.222;0;;34.453;0;59.512;0;32.257;0;199.8;1:34:53.084;15:35:44.247;0:34.453;0:59.512;0:32.257;297.7;Harry TINCKNELL;;HYPERCAR;;Aston Martin Thor Team;Aston Martin;GF;34.453;59.512;32.257;
007;1;43;2:05.785;0;;34.490;0;59.759;0;31.536;0;200.5;1:36:58.869;15:37:50.032;0:34.490;0:59.759;0:31.536;298.5;Harry TINCKNELL;;HYPERCAR;;Aston Martin Thor Team;Aston Martin;GF;34.490;59.759;31.536;
007;1;44;2:09.387;0;;34.627;0;1:02.695;0;32.065;0;194.9;1:39:08.256;15:39:59.419;0:34.627;1:02.695;0:32.065;290.5;Harry TINCKNELL;;HYPERCAR;;Aston Martin Thor Team;Aston Martin;GF;34.627;62.695;32.065;
007;1;45;2:06.174;0;;34.664;0;59.457;0;32.053;0;199.8;1:41:14.430;15:42:05.593;0:34.664;0:59.457;0:32.053;297.7;Harry TINCKNELL;;HYPERCAR;;Aston Martin Thor Team;Aston Martin;GF;34.664;59.457;32.053;
007;1;46;2:06.826;0;;34.399;0;1:00.750;0;31.677;0;198.8;1:43:21.256;15:44:12.419;0:34.399;1:00.750;0:31.677;301.0;Harry TINCKNELL;;HYPERCAR;;Aston Martin Thor Team;Aston Martin;GF;34.399;60.750;31.677;
007;1;47;2:07.724;0;;34.708;0;1:00.605;0;32.411;0;197.4;1:45:28.980;15:46:20.143;0:34.708;1:00.605;0:32.411;300.2;Harry TINCKNELL;;HYPERCAR;;Aston Martin Thor Team;Aston Martin;GF;34.708;60.605;32.411;
007;1;48;2:06.835;0;;34.499;0;1:00.435;0;31.901;0;198.8;1:47:35.815;15:48:26.978;0:34.499;1:00.435;0:31.901;300.2;Harry TINCKNELL;;HYPERCAR;;Aston Martin Thor Team;Aston Martin;GF;34.499;60.435;31.901;
007;1;49;2:06.328;0;;34.546;0;59.939;0;31.843;0;199.6;1:49:42.143;15:50:33.306;0:34.546;0:59.939;0:31.843;298.5;Harry TINCKNELL;;HYPERCAR;;Aston Martin Thor Team;Aston Martin;GF;34.546;59.939;31.843;
007;1;50;2:05.249;0;;34.479;0;59.358;0;31.412;0;201.3;1:51:47.392;15:52:38.555;0:34.479;0:59.358;0:31.412;298.5;Harry TINCKNELL;;HYPERCAR;;Aston Martin Thor Team;Aston Martin;GF;34.479;59.358;31.412;
007;1;51;2:05.952;0;;34.658;0;59.553;0;31.741;0;200.2;1:53:53.344;15:54:44.507;0:34.658;0:59.553;0:31.741;296.9;Harry TINCKNELL;;HYPERCAR;;Aston Martin Thor Team;Aston Martin;GF;34.658;59.553;31.741;
007;1;52;2:13.711;0;B;35.946;0;59.644;0;38.121;0;188.6;1:56:07.055;15:56:58.218;0:35.946;0:59.644;0:38.121;310.5;Harry TINCKNELL;;HYPERCAR;;Aston Martin Thor Team;Aston Martin;GF;35.946;59.644;38.121;
007;2;53;3:23.918;0;;1:48.422;0;1:03.061;0;32.435;0;123.6;1:59:30.973;16:00:22.136;1:48.422;1:03.061;0:32.435;275.0;Tom GAMBLE;0:01:20.144;HYPERCAR;;Aston Martin Thor Team;Aston Martin;GF;108.422;63.061;32.435;
007;2;54;2:07.736;0;;36.132;0;59.237;0;32.367;0;197.4;2:01:38.709;16:02:29.872;0:36.132;0:59.237;0:32.367;307.8;Tom GAMBLE;;HYPERCAR;;Aston Martin Thor Team;Aston Martin;GF;36.132;59.237;32.367;
007;2;55;2:05.735;0;;34.948;0;59.163;0;31.624;0;200.5;2:03:44.444;16:04:35.607;0:34.948;0:59.163;0:31.624;315.0;Tom GAMBLE;;HYPERCAR;;Aston Martin Thor Team;Aston Martin;GF;34.948;59.163;31.624;
007;2;56;2:05.295;0;;34.642;0;58.894;0;31.759;0;201.2;2:05:49.739;16:06:40.902;0:34.642;0:58.894;0:31.759;314.1;Tom GAMBLE;;HYPERCAR;;Aston Martin Thor Team;Aston Martin;GF;34.642;58.894;31.759;
007;2;57;2:06.270;0;;34.605;0;59.831;0;31.834;0;199.7;2:07:56.009;16:08:47.172;0:34.605;0:59.831;0:31.834;297.7;Tom GAMBLE;;HYPERCAR;;Aston Martin Thor Team;Aston Martin;GF;34.605;59.831;31.834;
007;2;58;2:05.881;0;;34.661;0;59.281;0;31.939;0;200.3;2:10:01.890;16:10:53.053;0:34.661;0:59.281;0:31.939;289.7;Tom GAMBLE;;HYPERCAR;;Aston Martin Thor Team;Aston Martin;GF;34.661;59.281;31.939;
007;2;59;2:06.137;0;;34.757;0;59.413;0;31.967;0;199.9;2:12:08.027;16:12:59.190;0:34.757;0:59.413;0:31.967;289.0;Tom GAMBLE;;HYPERCAR;;Aston Martin Thor Team;Aston Martin;GF;34.757;59.413;31.967;
007;2;60;2:06.407;0;;34.731;0;59.735;0;31.941;0;199.5;2:14:14.434;16:15:05.597;0:34.731;0:59.735;0:31.941;284.4;Tom GAMBLE;;HYPERCAR;;Aston Martin Thor Team;Aston Martin;GF;34.731;59.735;31.941;
007;2;61;2:07.467;0;;34.621;0;1:00.327;0;32.519;0;197.8;2:16:21.901;16:17:13.064;0:34.621;1:00.327;0:32.519;300.2;Tom GAMBLE;;HYPERCAR;;Aston Martin Thor Team;Aston Martin;GF;34.621;60.327;32.519;
007;2;62;2:06.268;0;;34.572;0;59.807;0;31.889;0;199.7;2:18:28.169;16:19:19.332;0:34.572;0:59.807;0:31.889;300.2;Tom GAMBLE;;HYPERCAR;;Aston Martin Thor Team;Aston Martin;GF;34.572;59.807;31.889;
007;2;63;2:06.408;0;;34.700;0;59.673;0;32.035;0;199.5;2:20:34.577;16:21:25.740;0:34.700;0:59.673;0:32.035;287.4;Tom GAMBLE;;HYPERCAR;;Aston Martin Thor Team;Aston Martin;GF;34.700;59.673;32.035;
007;2;64;2:07.712;0;;34.688;0;1:00.875;0;32.149;0;197.4;2:22:42.289;16:23:33.452;0:34.688;1:00.875;0:32.149;272.3;Tom GAMBLE;;HYPERCAR;;Aston Martin Thor Team;Aston Martin;GF;34.688;60.875;32.149;
007;2;65;2:06.257;0;;34.483;0;59.648;0;32.126;0;199.7;2:24:48.546;16:25:39.709;0:34.483;0:59.648;0:32.126;292.9;Tom GAMBLE;;HYPERCAR;;Aston Martin Thor Team;Aston Martin;GF;34.483;59.648;32.126;
007;2;66;2:06.160;0;;34.656;0;59.577;0;31.927;0;199.9;2:26:54.706;16:27:45.869;0:34.656;0:59.577;0:31.927;292.9;Tom GAMBLE;;HYPERCAR;;Aston Martin Thor Team;Aston Martin;GF;34.656;59.577;31.927;
007;2;67;2:08.179;0;;35.226;0;1:00.420;0;32.533;0;196.7;2:29:02.885;16:29:54.048;0:35.226;1:00.420;0:32.533;282.2;Tom GAMBLE;;HYPERCAR;;Aston Martin Thor Team;Aston Martin;GF;35.226;60.420;32.533;
007;2;68;2:06.733;0;;34.742;0;59.890;0;32.101;0;199.0;2:31:09.618;16:32:00.781;0:34.742;0:59.890;0:32.101;280.0;Tom GAMBLE;;HYPERCAR;;Aston Martin Thor Team;Aston Martin;GF;34.742;59.890;32.101;
007;2;69;2:06.860;0;;34.767;0;59.998;0;32.095;0;198.8;2:33:16.478;16:34:07.641;0:34.767;0:59.998;0:32.095;272.3;Tom GAMBLE;;HYPERCAR;;Aston Martin Thor Team;Aston Martin;GF;34.767;59.998;32.095;
007;2;70;2:06.187;0;;34.711;0;59.577;0;31.899;0;199.8;2:35:22.665;16:36:13.828;0:34.711;0:59.577;0:31.899;297.7;Tom GAMBLE;;HYPERCAR;;Aston Martin Thor Team;Aston Martin;GF;34.711;59.577;31.899;
007;2;71;2:06.837;0;;34.485;0;1:00.144;0;32.208;0;198.8;2:37:29.502;16:38:20.665;0:34.485;1:00.144;0:32.208;292.9;Tom GAMBLE;;HYPERCAR;;Aston Martin Thor Team;Aston Martin;GF;34.485;60.144;32.208;
007;2;72;2:07.188;0;;35.367;0;59.892;0;31.929;0;198.2;2:39:36.690;16:40:27.853;0:35.367;0:59.892;0:31.929;292.9;Tom GAMBLE;;HYPERCAR;;Aston Martin Thor Team;Aston Martin;GF;35.367;59.892;31.929;
007;2;73;2:07.928;0;;34.745;0;1:00.656;0;32.527;0;197.1;2:41:44.618;16:42:35.781;0:34.745;1:00.656;0:32.527;301.8;Tom GAMBLE;;HYPERCAR;;Aston Martin Thor Team;Aston Martin;GF;34.745;60.656;32.527;
007;2;74;2:07.659;0;;35.625;0;1:00.291;0;31.743;0;197.5;2:43:52.277;16:44:43.440;0:35.625;1:00.291;0:31.743;302.7;Tom GAMBLE;;HYPERCAR;;Aston Martin Thor Team;Aston Martin;GF;35.625;60.291;31.743;
007;2;75;3:32.574;0;;35.074;0;1:40.344;0;1:17.156;0;118.6;2:47:24.851;16:48:16.014;0:35.074;1:40.344;1:17.156;312.3;Tom GAMBLE;;HYPERCAR;;Aston Martin Thor Team;Aston Martin;GF;35.074;100.344;77.156;
007;2;76;2:06.110;0;;34.466;0;59.775;0;31.869;0;199.9;2:49:30.961;16:50:22.124;0:34.466;0:59.775;0:31.869;305.2;Tom GAMBLE;;HYPERCAR;;Aston Martin Thor Team;Aston Martin;GF;34.466;59.775;31.869;
007;2;77;2:13.870;0;B;34.297;0;1:00.601;0;38.972;0;188.3;2:51:44.831;16:52:35.994;0:34.297;1:00.601;0:38.972;316.8;Tom GAMBLE;;HYPERCAR;;Aston Martin Thor Team;Aston Martin;GF;34.297;60.601;38.972;
007;2;78;3:07.758;0;;1:33.252;0;1:01.703;0;32.803;0;134.3;2:54:52.589;16:55:43.752;1:33.252;1:01.703;0:32.803;291.3;Tom GAMBLE;0:01:09.355;HYPERCAR;;Aston Martin Thor Team;Aston Martin;GF;93.252;61.703;32.803;
007;2;79;2:07.557;0;;34.783;0;1:00.369;0;32.405;0;197.7;2:57:00.146;16:57:51.309;0:34.783;1:00.369;0:32.405;301.0;Tom GAMBLE;;HYPERCAR;;Aston Martin Thor Team;Aston Martin;GF;34.783;60.369;32.405;
007;2;80;2:07.101;0;;34.699;0;1:00.181;0;32.221;0;198.4;2:59:07.247;16:59:58.410;0:34.699;1:00.181;0:32.221;314.1;Tom GAMBLE;;HYPERCAR;;Aston Martin Thor Team;Aston Martin;GF;34.699;60.181;32.221;
007;2;81;2:07.599;0;;34.565;0;1:00.761;0;32.273;0;197.6;3:01:14.846;17:02:06.009;0:34.565;1:00.761;0:32.273;296.9;Tom GAMBLE;;HYPERCAR;;Aston Martin Thor Team;Aston Martin;GF;34.565;60.761;32.273;
007;2;82;2:07.971;0;;35.316;0;1:00.207;0;32.448;0;197.0;3:03:22.817;17:04:13.980;0:35.316;1:00.207;0:32.448;294.5;Tom GAMBLE;;HYPERCAR;;Aston Martin Thor Team;Aston Martin;GF;35.316;60.207;32.448;
007;2;83;2:08.833;0;;34.764;0;1:01.437;0;32.632;0;195.7;3:05:31.650;17:06:22.813;0:34.764;1:01.437;0:32.632;298.5;Tom GAMBLE;;HYPERCAR;;Aston Martin Thor Team;Aston Martin;GF;34.764;61.437;32.632;
007;2;84;2:07.661;0;;34.480;0;1:01.004;0;32.177;0;197.5;3:07:39.311;17:08:30.474;0:34.480;1:01.004;0:32.177;299.3;Tom GAMBLE;;HYPERCAR;;Aston Martin Thor Team;Aston Martin;GF;34.480;61.004;32.177;
007;2;85;2:06.548;0;;34.493;0;1:00.041;0;32.014;0;199.2;3:09:45.859;17:10:37.022;0:34.493;1:00.041;0:32.014;297.7;Tom GAMBLE;;HYPERCAR;;Aston Martin Thor Team;Aston Martin;GF;34.493;60.041;32.014;
007;2;86;2:07.339;0;;34.571;0;1:00.097;0;32.671;0;198.0;3:11:53.198;17:12:44.361;0:34.571;1:00.097;0:32.671;297.7;Tom GAMBLE;;HYPERCAR;;Aston Martin Thor Team;Aston Martin;GF;34.571;60.097;32.671;
007;2;87;2:06.754;0;;34.571;0;1:00.040;0;32.143;0;198.9;3:13:59.952;17:14:51.115;0:34.571;1:00.040;0:32.143;296.9;Tom GAMBLE;;HYPERCAR;;Aston Martin Thor Team;Aston Martin;GF;34.571;60.040;32.143;
007;2;88;2:07.118;0;;34.672;0;1:00.638;0;31.808;0;198.4;3:16:07.070;17:16:58.233;0:34.672;1:00.638;0:31.808;296.9;Tom GAMBLE;;HYPERCAR;;Aston Martin Thor Team;Aston Martin;GF;34.672;60.638;31.808;
007;2;89;2:06.512;0;;34.543;0;1:00.076;0;31.893;0;199.3;3:18:13.582;17:19:04.745;0:34.543;1:00.076;0:31.893;298.5;Tom GAMBLE;;HYPERCAR;;Aston Martin Thor Team;Aston Martin;GF;34.543;60.076;31.893;
007;2;90;2:06.652;0;;34.529;0;1:00.148;0;31.975;0;199.1;3:20:20.234;17:21:11.397;0:34.529;1:00.148;0:31.975;297.7;Tom GAMBLE;;HYPERCAR;;Aston Martin Thor Team;Aston Martin;GF;34.529;60.148;31.975;
007;2;91;2:08.820;0;;34.567;0;1:01.562;0;32.691;0;195.7;3:22:29.054;17:23:20.217;0:34.567;1:01.562;0:32.691;282.9;Tom GAMBLE;;HYPERCAR;;Aston Martin Thor Team;Aston Martin;GF;34.567;61.562;32.691;
007;2;92;2:07.083;0;;34.493;0;1:00.389;0;32.201;0;198.4;3:24:36.137;17:25:27.300;0:34.493;1:00.389;0:32.201;297.7;Tom GAMBLE;;HYPERCAR;;Aston Martin Thor Team;Aston Martin;GF;34.493;60.389;32.201;
007;2;93;2:07.442;0;;34.503;0;1:00.793;0;32.146;0;197.8;3:26:43.579;17:27:34.742;0:34.503;1:00.793;0:32.146;302.7;Tom GAMBLE;;HYPERCAR;;Aston Martin Thor Team;Aston Martin;GF;34.503;60.793;32.146;
007;2;94;2:07.964;0;;34.711;0;1:01.055;0;32.198;0;197.0;3:28:51.543;17:29:42.706;0:34.711;1:01.055;0:32.198;311.4;Tom GAMBLE;;HYPERCAR;;Aston Martin Thor Team;Aston Martin;GF;34.711;61.055;32.198;
007;2;95;2:08.028;0;;34.608;0;1:00.803;0;32.617;0;196.9;3:30:59.571;17:31:50.734;0:34.608;1:00.803;0:32.617;299.3;Tom GAMBLE;;HYPERCAR;;Aston Martin Thor Team;Aston Martin;GF;34.608;60.803;32.617;
007;2;96;2:07.440;0;;34.711;0;1:00.677;0;32.052;0;197.9;3:33:07.011;17:33:58.174;0:34.711;1:00.677;0:32.052;300.2;Tom GAMBLE;;HYPERCAR;;Aston Martin Thor Team;Aston Martin;GF;34.711;60.677;32.052;
007;2;97;2:08.841;0;;34.592;0;1:02.114;0;32.135;0;195.7;3:35:15.852;17:36:07.015;0:34.592;1:02.114;0:32.135;299.3;Tom GAMBLE;;HYPERCAR;;Aston Martin Thor Team;Aston Martin;GF;34.592;62.114;32.135;
007;2;98;2:07.880;0;;34.538;0;1:00.703;0;32.639;0;197.2;3:37:23.732;17:38:14.895;0:34.538;1:00.703;0:32.639;316.8;Tom GAMBLE;;HYPERCAR;;Aston Martin Thor Team;Aston Martin;GF;34.538;60.703;32.639;
007;2;99;2:07.105;0;;34.577;0;1:00.497;0;32.031;0;198.4;3:39:30.837;17:40:22.000;0:34.577;1:00.497;0:32.031;297.7;Tom GAMBLE;;HYPERCAR;;Aston Martin Thor Team;Aston Martin;GF;34.577;60.497;32.031;
007;2;100;2:05.897;0;;34.326;0;59.861;0;31.710;0;200.3;3:41:36.734;17:42:27.897;0:34.326;0:59.861;0:31.710;316.8;Tom GAMBLE;;HYPERCAR;;Aston Martin Thor Team;Aston Martin;GF;34.326;59.861;31.710;
007;2;101;2:13.084;0;B;34.252;2;1:00.504;0;38.328;0;189.5;3:43:49.818;17:44:40.981;0:34.252;1:00.504;0:38.328;296.9;Tom GAMBLE;;HYPERCAR;;Aston Martin Thor Team;Aston Martin;GF;34.252;60.504;38.328;
007;1;102;3:27.053;0;;1:50.849;0;1:03.928;0;32.276;0;121.8;3:47:16.871;17:48:08.034;1:50.849;1:03.928;0:32.276;265.6;Harry TINCKNELL;0:01:22.735;HYPERCAR;;Aston Martin Thor Team;Aston Martin;GF;110.849;63.928;32.276;
007;1;103;2:07.947;0;;34.747;0;1:01.188;0;32.012;0;197.1;3:49:24.818;17:50:15.981;0:34.747;1:01.188;0:32.012;314.1;Harry TINCKNELL;;HYPERCAR;;Aston Martin Thor Team;Aston Martin;GF;34.747;61.188;32.012;
007;1;104;3:17.917;0;;34.774;0;1:18.359;0;1:24.784;0;127.4;3:52:42.735;17:53:33.898;0:34.774;1:18.359;1:24.784;313.2;Harry TINCKNELL;;HYPERCAR;;Aston Martin Thor Team;Aston Martin;GF;34.774;78.359;84.784;
007;1;105;5:18.276;0;B;1:41.264;0;2:07.852;0;1:29.160;0;79.2;3:58:01.011;17:58:52.174;1:41.264;2:07.852;1:29.160;80.1;Harry TINCKNELL;;HYPERCAR;;Aston Martin Thor Team;Aston Martin;GF;101.264;127.852;89.160;
007;1;106;4:53.198;0;;1:52.834;0;2:07.932;0;52.432;0;86.0;4:02:54.209;18:03:45.372;1:52.834;2:07.932;0:52.432;80.0;Harry TINCKNELL;0:00:33.294;HYPERCAR;;Aston Martin Thor Team;Aston Martin;SF;112.834;127.932;52.432;
007;1;107;2:45.824;0;;50.566;0;1:13.368;0;41.890;0;152.1;4:05:40.033;18:06:31.196;0:50.566;1:13.368;0:41.890;207.6;Harry TINCKNELL;;HYPERCAR;;Aston Martin Thor Team;Aston Martin;SF;50.566;73.368;41.890;
007;1;108;4:21.651;0;;1:02.509;0;1:58.910;0;1:20.232;0;96.4;4:10:01.684;18:10:52.847;1:02.509;1:58.910;1:20.232;81.3;Harry TINCKNELL;;HYPERCAR;;Aston Martin Thor Team;Aston Martin;SF;62.509;118.910;80.232;
007;1;109;4:27.306;0;;1:22.906;0;1:47.814;0;1:16.586;0;94.3;4:14:28.990;18:15:20.153;1:22.906;1:47.814;1:16.586;82.3;Harry TINCKNELL;;HYPERCAR;;Aston Martin Thor Team;Aston Martin;SF;82.906;107.814;76.586;
007;1;110;3:06.985;0;;1:04.291;0;1:14.715;0;47.979;0;134.8;4:17:35.975;18:18:27.138;1:04.291;1:14.715;0:47.979;212.1;Harry TINCKNELL;;HYPERCAR;;Aston Martin Thor Team;Aston Martin;GF;64.291;74.715;47.979;
007;1;111;2:07.730;0;;35.263;0;1:00.620;0;31.847;0;197.4;4:19:43.705;18:20:34.868;0:35.263;1:00.620;0:31.847;303.5;Harry TINCKNELL;;HYPERCAR;;Aston Martin Thor Team;Aston Martin;GF;35.263;60.620;31.847;
007;1;112;2:06.210;0;;34.803;0;59.806;0;31.601;0;199.8;4:21:49.915;18:22:41.078;0:34.803;0:59.806;0:31.601;294.5;Harry TINCKNELL;;HYPERCAR;;Aston Martin Thor Team;Aston Martin;GF;34.803;59.806;31.601;
007;1;113;2:05.960;0;;34.624;0;59.624;0;31.712;0;200.2;4:23:55.875;18:24:47.038;0:34.624;0:59.624;0:31.712;298.5;Harry TINCKNELL;;HYPERCAR;;Aston Martin Thor Team;Aston Martin;GF;34.624;59.624;31.712;
007;1;114;2:05.870;0;;34.538;0;59.570;0;31.762;0;200.3;4:26:01.745;18:26:52.908;0:34.538;0:59.570;0:31.762;306.1;Harry TINCKNELL;;HYPERCAR;;Aston Martin Thor Team;Aston Martin;GF;34.538;59.570;31.762;
007;1;115;2:06.657;0;;34.829;0;59.974;0;31.854;0;199.1;4:28:08.402;18:28:59.565;0:34.829;0:59.974;0:31.854;297.7;Harry TINCKNELL;;HYPERCAR;;Aston Martin Thor Team;Aston Martin;GF;34.829;59.974;31.854;
007;1;116;2:06.495;0;;34.687;0;1:00.032;0;31.776;0;199.3;4:30:14.897;18:31:06.060;0:34.687;1:00.032;0:31.776;291.3;Harry TINCKNELL;;HYPERCAR;;Aston Martin Thor Team;Aston Martin;GF;34.687;60.032;31.776;
007;1;117;2:06.443;0;;34.635;0;59.981;0;31.827;0;199.4;4:32:21.340;18:33:12.503;0:34.635;0:59.981;0:31.827;291.3;Harry TINCKNELL;;HYPERCAR;;Aston Martin Thor Team;Aston Martin;GF;34.635;59.981;31.827;
007;1;118;2:06.136;0;;34.646;0;59.689;0;31.801;0;199.9;4:34:27.476;18:35:18.639;0:34.646;0:59.689;0:31.801;292.1;Harry TINCKNELL;;HYPERCAR;;Aston Martin Thor Team;Aston Martin;GF;34.646;59.689;31.801;
007;1;119;2:09.498;0;;36.235;0;1:00.904;0;32.359;0;194.7;4:36:36.974;18:37:28.137;0:36.235;1:00.904;0:32.359;284.4;Harry TINCKNELL;;HYPERCAR;;Aston Martin Thor Team;Aston Martin;GF;36.235;60.904;32.359;
007;1;120;2:11.214;0;;34.888;0;1:03.109;0;33.217;0;192.2;4:38:48.188;18:39:39.351;0:34.888;1:03.109;0:33.217;292.1;Harry TINCKNELL;;HYPERCAR;;Aston Martin Thor Team;Aston Martin;GF;34.888;63.109;33.217;
007;1;121;2:07.526;0;;34.957;0;1:00.623;0;31.946;0;197.7;4:40:55.714;18:41:46.877;0:34.957;1:00.623;0:31.946;290.5;Harry TINCKNELL;;HYPERCAR;;Aston Martin Thor Team;Aston Martin;GF;34.957;60.623;31.946;
007;1;122;2:05.951;0;;34.437;0;59.691;0;31.823;0;200.2;4:43:01.665;18:43:52.828;0:34.437;0:59.691;0:31.823;292.9;Harry TINCKNELL;;HYPERCAR;;Aston Martin Thor Team;Aston Martin;GF;34.437;59.691;31.823;
007;1;123;2:06.165;0;;34.399;0;59.911;0;31.855;0;199.9;4:45:07.830;18:45:58.993;0:34.399;0:59.911;0:31.855;293.7;Harry TINCKNELL;;HYPERCAR;;Aston Martin Thor Team;Aston Martin;GF;34.399;59.911;31.855;
007;1;124;2:06.750;0;;34.444;0;1:00.393;0;31.913;0;198.9;4:47:14.580;18:48:05.743;0:34.444;1:00.393;0:31.913;281.5;Harry TINCKNELL;;HYPERCAR;;Aston Martin Thor Team;Aston Martin;GF;34.444;60.393;31.913;
007;1;125;2:06.536;0;;34.303;1;1:00.329;0;31.904;0;199.3;4:49:21.116;18:50:12.279;0:34.303;1:00.329;0:31.904;306.1;Harry TINCKNELL;;HYPERCAR;;Aston Martin Thor Team;Aston Martin;GF;34.303;60.329;31.904;
007;1;126;2:06.703;0;;34.494;0;1:00.471;0;31.738;0;199.0;4:51:27.819;18:52:18.982;0:34.494;1:00.471;0:31.738;306.1;Harry TINCKNELL;;HYPERCAR;;Aston Martin Thor Team;Aston Martin;GF;34.494;60.471;31.738;
007;1;127;2:05.121;0;;34.348;0;59.273;0;31.500;0;201.5;4:53:32.940;18:54:24.103;0:34.348;0:59.273;0:31.500;291.3;Harry TINCKNELL;;HYPERCAR;;Aston Martin Thor Team;Aston Martin;GF;34.348;59.273;31.500;
007;1;128;2:04.453;0;;34.377;0;58.684;1;31.392;0;202.6;4:55:37.393;18:56:28.556;0:34.377;0:58.684;0:31.392;289.7;Harry TINCKNELL;;HYPERCAR;;Aston Martin Thor Team;Aston Martin;GF;34.377;58.684;31.392;
007;1;129;2:07.306;0;;35.517;0;59.665;0;32.124;0;198.1;4:57:44.699;18:58:35.862;0:35.517;0:59.665;0:32.124;285.2;Harry TINCKNELL;;HYPERCAR;;Aston Martin Thor Team;Aston Martin;GF;35.517;59.665;32.124;
007;1;130;2:08.882;0;;37.141;0;59.742;0;31.999;0;195.6;4:59:53.581;19:00:44.744;0:37.141;0:59.742;0:31.999;281.5;Harry TINCKNELL;;HYPERCAR;;Aston Martin Thor Team;Aston Martin;GF;37.141;59.742;31.999;
007;1;131;3:20.019;0;;35.989;0;1:19.461;0;1:24.569;0;126.1;5:03:13.600;19:04:04.763;0:35.989;1:19.461;1:24.569;289.0;Harry TINCKNELL;;HYPERCAR;;Aston Martin Thor Team;Aston Martin;GF;35.989;79.461;84.569;
007;1;132;5:17.857;0;B;1:41.050;0;2:07.594;0;1:29.213;0;79.3;5:08:31.457;19:09:22.620;1:41.050;2:07.594;1:29.213;80.1;Harry TINCKNELL;;HYPERCAR;;Aston Martin Thor Team;Aston Martin;GF;101.050;127.594;89.213;
007;2;133;5:21.269;0;;2:43.532;0;1:57.640;0;40.097;0;78.5;5:13:52.726;19:14:43.889;2:43.532;1:57.640;0:40.097;79.5;Tom GAMBLE;0:01:23.259;HYPERCAR;;Aston Martin Thor Team;Aston Martin;SF;163.532;117.640;40.097;
007;2;134;4:42.209;0;;1:24.031;0;2:00.296;0;1:17.882;0;89.3;5:18:34.935;19:19:26.098;1:24.031;2:00.296;1:17.882;84.7;Tom GAMBLE;;HYPERCAR;;Aston Martin Thor Team;Aston Martin;SF;84.031;120.296;77.882;
007;2;135;4:00.691;0;;1:30.036;0;1:33.252;0;57.403;0;104.8;5:22:35.626;19:23:26.789;1:30.036;1:33.252;0:57.403;87.5;Tom GAMBLE;;HYPERCAR;;Aston Martin Thor Team;Aston Martin;SF;90.036;93.252;57.403;
007;2;136;3:02.828;0;;50.532;0;1:22.001;0;50.295;0;137.9;5:25:38.454;19:26:29.617;0:50.532;1:22.001;0:50.295;151.1;Tom GAMBLE;;HYPERCAR;;Aston Martin Thor Team;Aston Martin;GF;50.532;82.001;50.295;
007;2;137;2:19.157;0;;35.309;0;1:02.415;0;41.433;0;181.2;5:27:57.611;19:28:48.774;0:35.309;1:02.415;0:41.433;245.7;Tom GAMBLE;;HYPERCAR;;Aston Martin Thor Team;Aston Martin;SF;35.309;62.415;41.433;
007;2;138;4:23.796;0;;1:22.479;0;1:52.242;0;1:09.075;0;95.6;5:32:21.407;19:33:12.570;1:22.479;1:52.242;1:09.075;79.4;Tom GAMBLE;;HYPERCAR;;Aston Martin Thor Team;Aston Martin;SF;82.479;112.242;69.075;
007;2;139;3:43.460;0;;1:30.574;0;1:27.254;0;45.632;0;112.8;5:36:04.867;19:36:56.030;1:30.574;1:27.254;0:45.632;76.0;Tom GAMBLE;;HYPERCAR;;Aston Martin Thor Team;Aston Martin;GF;90.574;87.254;45.632;
007;2;140;2:08.552;0;;38.007;0;58.893;0;31.652;0;196.1;5:38:13.419;19:39:04.582;0:38.007;0:58.893;0:31.652;285.2;Tom GAMBLE;;HYPERCAR;;Aston Martin Thor Team;Aston Martin;GF;38.007;58.893;31.652;
007;2;141;2:04.334;2;;34.488;0;58.373;2;31.473;1;202.8;5:40:17.753;19:41:08.916;0:34.488;0:58.373;0:31.473;315.9;Tom GAMBLE;;HYPERCAR;;Aston Martin Thor Team;Aston Martin;GF;34.488;58.373;31.473;
007;2;142;2:04.757;0;;34.397;0;58.645;0;31.715;0;202.1;5:42:22.510;19:43:13.673;0:34.397;0:58.645;0:31.715;316.8;Tom GAMBLE;;HYPERCAR;;Aston Martin Thor Team;Aston Martin;GF;34.397;58.645;31.715;
007;2;143;2:05.289;0;;34.338;0;59.149;0;31.802;0;201.2;5:44:27.799;19:45:18.962;0:34.338;0:59.149;0:31.802;317.8;Tom GAMBLE;;HYPERCAR;;Aston Martin Thor Team;Aston Martin;GF;34.338;59.149;31.802;
007;2;144;2:06.283;0;;34.343;0;1:00.166;0;31.774;0;199.7;5:46:34.082;19:47:25.245;0:34.343;1:00.166;0:31.774;315.9;Tom GAMBLE;;HYPERCAR;;Aston Martin Thor Team;Aston Martin;GF;34.343;60.166;31.774;
007;2;145;2:05.636;0;;34.391;0;59.504;0;31.741;0;200.7;5:48:39.718;19:49:30.881;0:34.391;0:59.504;0:31.741;316.8;Tom GAMBLE;;HYPERCAR;;Aston Martin Thor Team;Aston Martin;GF;34.391;59.504;31.741;
007;2;146;2:05.332;0;;34.294;0;59.442;0;31.596;0;201.2;5:50:45.050;19:51:36.213;0:34.294;0:59.442;0:31.596;317.8;Tom GAMBLE;;HYPERCAR;;Aston Martin Thor Team;Aston Martin;GF;34.294;59.442;31.596;
007;2;147;2:05.685;0;;34.338;0;59.448;0;31.899;0;200.6;5:52:50.735;19:53:41.898;0:34.338;0:59.448;0:31.899;315.9;Tom GAMBLE;;HYPERCAR;;Aston Martin Thor Team;Aston Martin;GF;34.338;59.448;31.899;
007;2;148;2:09.872;0;;35.330;0;1:00.935;0;33.607;0;194.1;5:55:00.607;19:55:51.770;0:35.330;1:00.935;0:33.607;308.7;Tom GAMBLE;;HYPERCAR;;Aston Martin Thor Team;Aston Martin;GF;35.330;60.935;33.607;
007;2;149;2:08.495;0;;35.475;0;1:00.853;0;32.167;0;196.2;5:57:09.102;19:58:00.265;0:35.475;1:00.853;0:32.167;316.8;Tom GAMBLE;;HYPERCAR;;Aston Martin Thor Team;Aston Martin;GF;35.475;60.853;32.167;
007;2;150;2:06.848;0;;35.095;0;59.725;0;32.028;0;198.8;5:59:15.950;20:00:07.113;0:35.095;0:59.725;0:32.028;311.4;Tom GAMBLE;;HYPERCAR;;Aston Martin Thor Team;Aston Martin;GF;35.095;59.725;32.028;
007;2;151;2:06.090;0;;34.533;0;59.448;0;32.109;0;200.0;6:01:22.040;20:02:13.203;0:34.533;0:59.448;0:32.109;316.8;Tom GAMBLE;;HYPERCAR;;Aston Martin Thor Team;Aston Martin;FF;34.533;59.448;32.109;
009;2;1;2:08.785;0;;36.172;0;1:00.882;0;31.731;0;192.4;2:08.785;14:02:59.948;0:36.172;1:00.882;0:31.731;280.0;Marco SØRENSEN;;HYPERCAR;;Aston Martin Thor Team;Aston Martin;GF;36.172;60.882;31.731;
009;2;2;2:05.694;0;;34.739;0;59.278;0;31.677;0;200.6;4:14.479;14:05:05.642;0:34.739;0:59.278;0:31.677;309.6;Marco SØRENSEN;;HYPERCAR;;Aston Martin Thor Team;Aston Martin;GF;34.739;59.278;31.677;
009;2;3;2:05.404;0;;34.537;0;59.327;0;31.540;0;201.1;6:19.883;14:07:11.046;0:34.537;0:59.327;0:31.540;297.7;Marco SØRENSEN;;HYPERCAR;;Aston Martin Thor Team;Aston Martin;GF;34.537;59.327;31.540;
009;2;4;2:05.453;0;;34.396;0;59.182;0;31.875;0;201.0;8:25.336;14:09:16.499;0:34.396;0:59.182;0:31.875;301.0;Marco SØRENSEN;;HYPERCAR;;Aston Martin Thor Team;Aston Martin;GF;34.396;59.182;31.875;
009;2;5;2:05.729;0;;34.649;0;59.493;0;31.587;0;200.5;10:31.065;14:11:22.228;0:34.649;0:59.493;0:31.587;298.5;Marco SØRENSEN;;HYPERCAR;;Aston Martin Thor Team;Aston Martin;GF;34.649;59.493;31.587;
009;2;6;2:05.641;0;;34.489;0;59.348;0;31.804;0;200.7;12:36.706;14:13:27.869;0:34.489;0:59.348;0:31.804;298.5;Marco SØRENSEN;;HYPERCAR;;Aston Martin Thor Team;Aston Martin;GF;34.489;59.348;31.804;
009;2;7;2:30.191;0;;34.678;0;1:00.669;0;54.844;0;167.9;15:06.897;14:15:58.060;0:34.678;1:00.669;0:54.844;304.4;Marco SØRENSEN;;HYPERCAR;;Aston Martin Thor Team;Aston Martin;SF;34.678;60.669;54.844;
009;2;8;4:46.197;0;;1:27.940;0;1:55.906;0;1:22.351;0;88.1;19:53.094;14:20:44.257;1:27.940;1:55.906;1:22.351;85.4;Marco SØRENSEN;;HYPERCAR;;Aston Martin Thor Team;Aston Martin;SF;87.940;115.906;82.351;
009;2;9;3:06.855;0;;1:07.417;0;1:19.317;0;40.121;0;134.9;22:59.949;14:23:51.112;1:07.417;1:19.317;0:40.121;146.2;Marco SØRENSEN;;HYPERCAR;;Aston Martin Thor Team;Aston Martin;SF;67.417;79.317;40.121;
009;2;10;2:58.921;0;;48.287;0;1:19.660;0;50.974;0;140.9;25:58.870;14:26:50.033;0:48.287;1:19.660;0:50.974;150.1;Marco SØRENSEN;;HYPERCAR;;Aston Martin Thor Team;Aston Martin;GF;48.287;79.660;50.974;
009;2;11;2:06.726;0;;34.594;0;1:00.301;0;31.831;0;199.0;28:05.596;14:28:56.759;0:34.594;1:00.301;0:31.831;296.1;Marco SØRENSEN;;HYPERCAR;;Aston Martin Thor Team;Aston Martin;GF;34.594;60.301;31.831;
009;2;12;2:06.097;0;;34.606;0;59.768;0;31.723;0;200.0;30:11.693;14:31:02.856;0:34.606;0:59.768;0:31.723;311.4;Marco SØRENSEN;;HYPERCAR;;Aston Martin Thor Team;Aston Martin;GF;34.606;59.768;31.723;
009;2;13;2:05.622;0;;34.583;0;59.400;0;31.639;0;200.7;32:17.315;14:33:08.478;0:34.583;0:59.400;0:31.639;303.5;Marco SØRENSEN;;HYPERCAR;;Aston Martin Thor Team;Aston Martin;GF;34.583;59.400;31.639;
009;2;14;2:05.934;0;;34.455;0;59.761;0;31.718;0;200.2;34:23.249;14:35:14.412;0:34.455;0:59.761;0:31.718;302.7;Marco SØRENSEN;;HYPERCAR;;Aston Martin Thor Team;Aston Martin;GF;34.455;59.761;31.718;
009;2;15;2:05.908;0;;34.473;0;59.714;0;31.721;0;200.3;36:29.157;14:37:20.320;0:34.473;0:59.714;0:31.721;303.5;Marco SØRENSEN;;HYPERCAR;;Aston Martin Thor Team;Aston Martin;GF;34.473;59.714;31.721;
009;2;16;2:06.182;0;;34.625;0;59.849;0;31.708;0;199.8;38:35.339;14:39:26.502;0:34.625;0:59.849;0:31.708;300.2;Marco SØRENSEN;;HYPERCAR;;Aston Martin Thor Team;Aston Martin;GF;34.625;59.849;31.708;
009;2;17;2:07.694;0;;34.552;0;1:00.980;0;32.162;0;197.5;40:43.033;14:41:34.196;0:34.552;1:00.980;0:32.162;307.8;Marco SØRENSEN;;HYPERCAR;;Aston Martin Thor Team;Aston Martin;GF;34.552;60.980;32.162;
009;2;18;2:10.193;0;;35.829;0;1:01.525;0;32.839;0;193.7;42:53.226;14:43:44.389;0:35.829;1:01.525;0:32.839;304.4;Marco SØRENSEN;;HYPERCAR;;Aston Martin Thor Team;Aston Martin;GF;35.829;61.525;32.839;
009;2;19;2:07.826;0;;34.673;0;1:01.165;0;31.988;0;197.3;45:01.052;14:45:52.215;0:34.673;1:01.165;0:31.988;304.4;Marco SØRENSEN;;HYPERCAR;;Aston Martin Thor Team;Aston Martin;GF;34.673;61.165;31.988;
009;2;20;2:06.424;0;;34.900;0;59.747;0;31.777;0;199.4;47:07.476;14:47:58.639;0:34.900;0:59.747;0:31.777;301.8;Marco SØRENSEN;;HYPERCAR;;Aston Martin Thor Team;Aston Martin;GF;34.900;59.747;31.777;
009;2;21;2:05.430;0;;34.384;0;59.505;0;31.541;0;201.0;49:12.906;14:50:04.069;0:34.384;0:59.505;0:31.541;303.5;Marco SØRENSEN;;HYPERCAR;;Aston Martin Thor Team;Aston Martin;GF;34.384;59.505;31.541;
009;2;22;2:05.415;0;;34.366;1;59.504;0;31.545;0;201.0;51:18.321;14:52:09.484;0:34.366;0:59.504;0:31.545;311.4;Marco SØRENSEN;;HYPERCAR;;Aston Martin Thor Team;Aston Martin;GF;34.366;59.504;31.545;
009;2;23;2:05.803;0;;34.422;0;59.739;0;31.642;0;200.4;53:24.124;14:54:15.287;0:34.422;0:59.739;0:31.642;312.3;Marco SØRENSEN;;HYPERCAR;;Aston Martin Thor Team;Aston Martin;GF;34.422;59.739;31.642;
009;2;24;2:05.754;0;;34.387;0;59.545;0;31.822;0;200.5;55:29.878;14:56:21.041;0:34.387;0:59.545;0:31.822;314.1;Marco SØRENSEN;;HYPERCAR;;Aston Martin Thor Team;Aston Martin;GF;34.387;59.545;31.822;
009;2;25;2:06.418;0;;34.420;0;59.895;0;32.103;0;199.5;57:36.296;14:58:27.459;0:34.420;0:59.895;0:32.103;307.8;Marco SØRENSEN;;HYPERCAR;;Aston Martin Thor Team;Aston Martin;GF;34.420;59.895;32.103;
009;2;26;2:14.226;0;B;34.433;0;1:00.465;0;39.328;0;187.8;59:50.522;15:00:41.685;0:34.433;1:00.465;0:39.328;310.5;Marco SØRENSEN;;HYPERCAR;;Aston Martin Thor Team;Aston Martin;GF;34.433;60.465;39.328;
009;2;27;3:02.576;0;;1:31.265;0;59.706;0;31.605;0;138.1;1:02:53.098;15:03:44.261;1:31.265;0:59.706;0:31.605;312.3;Marco SØRENSEN;0:01:07.115;HYPERCAR;;Aston Martin Thor Team;Aston Martin;GF;91.265;59.706;31.605;
009;2;28;2:06.889;0;;34.896;0;59.855;0;32.138;0;198.7;1:04:59.987;15:05:51.150;0:34.896;0:59.855;0:32.138;307.0;Marco SØRENSEN;;HYPERCAR;;Aston Martin Thor Team;Aston Martin;GF;34.896;59.855;32.138;
009;2;29;2:08.288;0;;34.688;0;1:01.252;0;32.348;0;196.5;1:07:08.275;15:07:59.438;0:34.688;1:01.252;0:32.348;305.2;Marco SØRENSEN;;HYPERCAR;;Aston Martin Thor Team;Aston Martin;GF;34.688;61.252;32.348;
009;2;30;2:07.360;0;;34.961;0;1:00.219;0;32.180;0;198.0;1:09:15.635;15:10:06.798;0:34.961;1:00.219;0:32.180;305.2;Marco SØRENSEN;;HYPERCAR;;Aston Martin Thor Team;Aston Martin;GF;34.961;60.219;32.180;
009;2;31;2:06.446;0;;34.682;0;59.839;0;31.925;0;199.4;1:11:22.081;15:12:13.244;0:34.682;0:59.839;0:31.925;301.8;Marco SØRENSEN;;HYPERCAR;;Aston Martin Thor Team;Aston Martin;GF;34.682;59.839;31.925;
009;2;32;2:06.203;0;;34.770;0;59.742;0;31.691;0;199.8;1:13:28.284;15:14:19.447;0:34.770;0:59.742;0:31.691;297.7;Marco SØRENSEN;;HYPERCAR;;Aston Martin Thor Team;Aston Martin;GF;34.770;59.742;31.691;
009;2;33;2:07.806;0;;34.762;0;1:00.451;0;32.593;0;197.3;1:15:36.090;15:16:27.253;0:34.762;1:00.451;0:32.593;296.9;Marco SØRENSEN;;HYPERCAR;;Aston Martin Thor Team;Aston Martin;GF;34.762;60.451;32.593;
009;2;34;2:07.667;0;;34.755;0;1:00.359;0;32.553;0;197.5;1:17:43.757;15:18:34.920;0:34.755;1:00.359;0:32.553;303.5;Marco SØRENSEN;;HYPERCAR;;Aston Martin Thor Team;Aston Martin;GF;34.755;60.359;32.553;
009;2;35;2:08.640;0;;34.933;0;1:01.706;0;32.001;0;196.0;1:19:52.397;15:20:43.560;0:34.933;1:01.706;0:32.001;316.8;Marco SØRENSEN;;HYPERCAR;;Aston Martin Thor Team;Aston Martin;GF;34.933;61.706;32.001;
009;2;36;2:07.182;0;;34.668;0;1:00.403;0;32.111;0;198.3;1:21:59.579;15:22:50.742;0:34.668;1:00.403;0:32.111;281.5;Marco SØRENSEN;;HYPERCAR;;Aston Martin Thor Team;Aston Martin;GF;34.668;60.403;32.111;
009;2;37;2:06.361;0;;34.614;0;59.758;0;31.989;0;199.5;1:24:05.940;15:24:57.103;0:34.614;0:59.758;0:31.989;297.7;Marco SØRENSEN;;HYPERCAR;;Aston Martin Thor Team;Aston Martin;GF;34.614;59.758;31.989;
009;2;38;2:06.140;0;;34.613;0;59.698;0;31.829;0;199.9;1:26:12.080;15:27:03.243;0:34.613;0:59.698;0:31.829;298.5;Marco SØRENSEN;;HYPERCAR;;Aston Martin Thor Team;Aston Martin;GF;34.613;59.698;31.829;
009;2;39;2:07.385;0;;36.072;0;59.557;0;31.756;0;197.9;1:28:19.465;15:29:10.628;0:36.072;0:59.557;0:31.756;292.9;Marco SØRENSEN;;HYPERCAR;;Aston Martin Thor Team;Aston Martin;GF;36.072;59.557;31.756;
009;2;40;2:06.589;0;;34.508;0;1:00.406;0;31.675;0;199.2;1:30:26.054;15:31:17.217;0:34.508;1:00.406;0:31.675;285.9;Marco SØRENSEN;;HYPERCAR;;Aston Martin Thor Team;Aston Martin;GF;34.508;60.406;31.675;
009;2;41;2:05.987;0;;34.487;0;59.672;0;31.828;0;200.1;1:32:32.041;15:33:23.204;0:34.487;0:59.672;0:31.828;299.3;Marco SØRENSEN;;HYPERCAR;;Aston Martin Thor Team;Aston Martin;GF;34.487;59.672;31.828;
009;2;42;2:06.557;0;;34.570;0;59.999;0;31.988;0;199.2;1:34:38.598;15:35:29.761;0:34.570;0:59.999;0:31.988;298.5;Marco SØRENSEN;;HYPERCAR;;Aston Martin Thor Team;Aston Martin;GF;34.570;59.999;31.988;
009;2;43;2:07.890;0;;34.492;0;1:00.810;0;32.588;0;197.2;1:36:46.488;15:37:37.651;0:34.492;1:00.810;0:32.588;292.9;Marco SØRENSEN;;HYPERCAR;;Aston Martin Thor Team;Aston Martin;GF;34.492;60.810;32.588;
009;2;44;2:06.672;0;;34.565;0;1:00.111;0;31.996;0;199.1;1:38:53.160;15:39:44.323;0:34.565;1:00.111;0:31.996;303.5;Marco SØRENSEN;;HYPERCAR;;Aston Martin Thor Team;Aston Martin;GF;34.565;60.111;31.996;
009;2;45;2:08.194;0;;34.520;0;1:01.096;0;32.578;0;196.7;1:41:01.354;15:41:52.517;0:34.520;1:01.096;0:32.578;299.3;Marco SØRENSEN;;HYPERCAR;;Aston Martin Thor Team;Aston Martin;GF;34.520;61.096;32.578;
009;2;46;2:07.246;0;;34.819;0;1:00.475;0;31.952;0;198.2;1:43:08.600;15:43:59.763;0:34.819;1:00.475;0:31.952;295.3;Marco SØRENSEN;;HYPERCAR;;Aston Martin Thor Team;Aston Martin;GF;34.819;60.475;31.952;
009;2;47;2:07.027;0;;34.649;0;1:00.461;0;31.917;0;198.5;1:45:15.627;15:46:06.790;0:34.649;1:00.461;0:31.917;304.4;Marco SØRENSEN;;HYPERCAR;;Aston Martin Thor Team;Aston Martin;GF;34.649;60.461;31.917;
009;2;48;2:06.460;0;;34.506;0;1:00.182;0;31.772;0;199.4;1:47:22.087;15:48:13.250;0:34.506;1:00.182;0:31.772;302.7;Marco SØRENSEN;;HYPERCAR;;Aston Martin Thor Team;Aston Martin;GF;34.506;60.182;31.772;
009;2;49;2:06.526;0;;34.552;0;1:00.270;0;31.704;0;199.3;1:49:28.613;15:50:19.776;0:34.552;1:00.270;0:31.704;305.2;Marco SØRENSEN;;HYPERCAR;;Aston Martin Thor Team;Aston Martin;GF;34.552;60.270;31.704;
009;2;50;2:07.229;0;;34.540;0;1:00.851;0;31.838;0;198.2;1:51:35.842;15:52:27.005;0:34.540;1:00.851;0:31.838;305.2;Marco SØRENSEN;;HYPERCAR;;Aston Martin Thor Team;Aston Martin;GF;34.540;60.851;31.838;
009;2;51;2:14.273;0;B;34.657;0;1:01.367;0;38.249;0;187.8;1:53:50.115;15:54:41.278;0:34.657;1:01.367;0:38.249;305.2;Marco SØRENSEN;;HYPERCAR;;Aston Martin Thor Team;Aston Martin;GF;34.657;61.367;38.249;
009;1;52;3:32.187;0;;1:55.628;0;1:04.410;0;32.149;0;118.8;1:57:22.302;15:58:13.465;1:55.628;1:04.410;0:32.149;258.6;Alex RIBERAS;0:01:26.903;HYPERCAR;;Aston Martin Thor Team;Aston Martin;GF;115.628;64.410;32.149;
009;1;53;2:07.482;0;;34.727;0;1:00.696;0;32.059;0;197.8;1:59:29.784;16:00:20.947;0:34.727;1:00.696;0:32.059;310.5;Alex RIBERAS;;HYPERCAR;;Aston Martin Thor Team;Aston Martin;GF;34.727;60.696;32.059;
009;1;54;2:07.642;0;;34.536;0;59.632;0;33.474;0;197.5;2:01:37.426;16:02:28.589;0:34.536;0:59.632;0:33.474;305.2;Alex RIBERAS;;HYPERCAR;;Aston Martin Thor Team;Aston Martin;GF;34.536;59.632;33.474;
009;1;55;2:05.441;0;;34.437;0;59.449;0;31.555;0;201.0;2:03:42.867;16:04:34.030;0:34.437;0:59.449;0:31.555;311.4;Alex RIBERAS;;HYPERCAR;;Aston Martin Thor Team;Aston Martin;GF;34.437;59.449;31.555;
009;1;56;2:04.594;2;;34.329;0;58.647;2;31.618;0;202.4;2:05:47.461;16:06:38.624;0:34.329;0:58.647;0:31.618;308.7;Alex RIBERAS;;HYPERCAR;;Aston Martin Thor Team;Aston Martin;GF;34.329;58.647;31.618;
009;1;57;2:06.030;0;;34.990;0;59.441;0;31.599;0;200.1;2:07:53.491;16:08:44.654;0:34.990;0:59.441;0:31.599;294.5;Alex RIBERAS;;HYPERCAR;;Aston Martin Thor Team;Aston Martin;GF;34.990;59.441;31.599;
009;1;58;2:05.129;0;;34.385;0;59.023;0;31.721;0;201.5;2:09:58.620;16:10:49.783;0:34.385;0:59.023;0:31.721;302.7;Alex RIBERAS;;HYPERCAR;;Aston Martin Thor Team;Aston Martin;GF;34.385;59.023;31.721;
009;1;59;2:05.653;0;;34.411;0;59.440;0;31.802;0;200.7;2:12:04.273;16:12:55.436;0:34.411;0:59.440;0:31.802;300.2;Alex RIBERAS;;HYPERCAR;;Aston Martin Thor Team;Aston Martin;GF;34.411;59.440;31.802;
009;1;60;2:05.625;0;;34.292;0;59.599;0;31.734;0;200.7;2:14:09.898;16:15:01.061;0:34.292;0:59.599;0:31.734;302.7;Alex RIBERAS;;HYPERCAR;;Aston Martin Thor Team;Aston Martin;GF;34.292;59.599;31.734;
009;1;61;2:06.132;0;;34.649;0;59.676;0;31.807;0;199.9;2:16:16.030;16:17:07.193;0:34.649;0:59.676;0:31.807;296.9;Alex RIBERAS;;HYPERCAR;;Aston Martin Thor Team;Aston Martin;GF;34.649;59.676;31.807;
009;1;62;2:08.983;0;;34.341;0;1:02.732;0;31.910;0;195.5;2:18:25.013;16:19:16.176;0:34.341;1:02.732;0:31.910;304.4;Alex RIBERAS;;HYPERCAR;;Aston Martin Thor Team;Aston Martin;GF;34.341;62.732;31.910;
009;1;63;2:06.890;0;;34.449;0;1:00.385;0;32.056;0;198.7;2:20:31.903;16:21:23.066;0:34.449;1:00.385;0:32.056;301.0;Alex RIBERAS;;HYPERCAR;;Aston Martin Thor Team;Aston Martin;GF;34.449;60.385;32.056;
009;1;64;2:08.063;0;;35.319;0;1:00.632;0;32.112;0;196.9;2:22:39.966;16:23:31.129;0:35.319;1:00.632;0:32.112;301.0;Alex RIBERAS;;HYPERCAR;;Aston Martin Thor Team;Aston Martin;GF;35.319;60.632;32.112;
009;1;65;2:07.030;0;;34.313;0;59.602;0;33.115;0;198.5;2:24:46.996;16:25:38.159;0:34.313;0:59.602;0:33.115;299.3;Alex RIBERAS;;HYPERCAR;;Aston Martin Thor Team;Aston Martin;GF;34.313;59.602;33.115;
009;1;66;2:05.626;0;;34.402;0;59.418;0;31.806;0;200.7;2:26:52.622;16:27:43.785;0:34.402;0:59.418;0:31.806;299.3;Alex RIBERAS;;HYPERCAR;;Aston Martin Thor Team;Aston Martin;GF;34.402;59.418;31.806;
009;1;67;2:06.410;0;;34.926;0;59.825;0;31.659;0;199.5;2:28:59.032;16:29:50.195;0:34.926;0:59.825;0:31.659;301.8;Alex RIBERAS;;HYPERCAR;;Aston Martin Thor Team;Aston Martin;GF;34.926;59.825;31.659;
009;1;68;2:05.692;0;;34.299;0;59.553;0;31.840;0;200.6;2:31:04.724;16:31:55.887;0:34.299;0:59.553;0:31.840;304.4;Alex RIBERAS;;HYPERCAR;;Aston Martin Thor Team;Aston Martin;GF;34.299;59.553;31.840;
009;1;69;2:06.300;0;;34.492;0;1:00.037;0;31.771;0;199.6;2:33:11.024;16:34:02.187;0:34.492;1:00.037;0:31.771;301.8;Alex RIBERAS;;HYPERCAR;;Aston Martin Thor Team;Aston Martin;GF;34.492;60.037;31.771;
009;1;70;2:06.521;0;;34.308;0;1:00.359;0;31.854;0;199.3;2:35:17.545;16:36:08.708;0:34.308;1:00.359;0:31.854;297.7;Alex RIBERAS;;HYPERCAR;;Aston Martin Thor Team;Aston Martin;GF;34.308;60.359;31.854;
009;1;71;2:09.356;0;;35.863;0;1:01.021;0;32.472;0;194.9;2:37:26.901;16:38:18.064;0:35.863;1:01.021;0:32.472;250.3;Alex RIBERAS;;HYPERCAR;;Aston Martin Thor Team;Aston Martin;GF;35.863;61.021;32.472;
009;1;72;2:06.308;0;;34.462;0;59.944;0;31.902;0;199.6;2:39:33.209;16:40:24.372;0:34.462;0:59.944;0:31.902;296.9;Alex RIBERAS;;HYPERCAR;;Aston Martin Thor Team;Aston Martin;GF;34.462;59.944;31.902;
009;1;73;2:09.329;0;;36.686;0;1:00.637;0;32.006;0;195.0;2:41:42.538;16:42:33.701;0:36.686;1:00.637;0:32.006;300.2;Alex RIBERAS;;HYPERCAR;;Aston Martin Thor Team;Aston Martin;GF;36.686;60.637;32.006;
009;1;74;2:06.816;0;;34.791;0;1:00.169;0;31.856;0;198.8;2:43:49.354;16:44:40.517;0:34.791;1:00.169;0:31.856;293.7;Alex RIBERAS;;HYPERCAR;;Aston Martin Thor Team;Aston Martin;GF;34.791;60.169;31.856;
009;1;75;3:30.745;0;;34.406;0;1:35.144;0;1:21.195;0;119.6;2:47:20.099;16:48:11.262;0:34.406;1:35.144;1:21.195;305.2;Alex RIBERAS;;HYPERCAR;;Aston Martin Thor Team;Aston Martin;GF;34.406;95.144;81.195;
009;1;76;2:13.857;0;B;34.968;0;1:00.294;0;38.595;0;188.4;2:49:33.956;16:50:25.119;0:34.968;1:00.294;0:38.595;302.7;Alex RIBERAS;;HYPERCAR;;Aston Martin Thor Team;Aston Martin;GF;34.968;60.294;38.595;
009;1;77;2:53.451;0;;1:20.120;0;1:01.110;0;32.221;0;145.4;2:52:27.407;16:53:18.570;1:20.120;1:01.110;0:32.221;310.5;Alex RIBERAS;0:00:55.398;HYPERCAR;;Aston Martin Thor Team;Aston Martin;GF;80.120;61.110;32.221;
009;1;78;2:08.715;0;;35.943;0;1:00.451;0;32.321;0;195.9;2:54:36.122;16:55:27.285;0:35.943;1:00.451;0:32.321;296.9;Alex RIBERAS;;HYPERCAR;;Aston Martin Thor Team;Aston Martin;GF;35.943;60.451;32.321;
009;1;79;2:05.837;0;;34.571;0;59.603;0;31.663;0;200.4;2:56:41.959;16:57:33.122;0:34.571;0:59.603;0:31.663;307.0;Alex RIBERAS;;HYPERCAR;;Aston Martin Thor Team;Aston Martin;GF;34.571;59.603;31.663;
009;1;80;2:06.128;0;;34.389;0;59.757;0;31.982;0;199.9;2:58:48.087;16:59:39.250;0:34.389;0:59.757;0:31.982;301.8;Alex RIBERAS;;HYPERCAR;;Aston Martin Thor Team;Aston Martin;GF;34.389;59.757;31.982;
009;1;81;2:06.992;0;;34.681;0;1:00.106;0;32.205;0;198.5;3:00:55.079;17:01:46.242;0:34.681;1:00.106;0:32.205;296.9;Alex RIBERAS;;HYPERCAR;;Aston Martin Thor Team;Aston Martin;GF;34.681;60.106;32.205;
009;1;82;2:06.839;0;;34.716;0;1:00.176;0;31.947;0;198.8;3:03:01.918;17:03:53.081;0:34.716;1:00.176;0:31.947;301.0;Alex RIBERAS;;HYPERCAR;;Aston Martin Thor Team;Aston Martin;GF;34.716;60.176;31.947;
009;1;83;2:07.659;0;;35.089;0;1:00.691;0;31.879;0;197.5;3:05:09.577;17:06:00.740;0:35.089;1:00.691;0:31.879;296.9;Alex RIBERAS;;HYPERCAR;;Aston Martin Thor Team;Aston Martin;GF;35.089;60.691;31.879;
009;1;84;2:06.949;0;;34.524;0;1:00.789;0;31.636;0;198.6;3:07:16.526;17:08:07.689;0:34.524;1:00.789;0:31.636;277.8;Alex RIBERAS;;HYPERCAR;;Aston Martin Thor Team;Aston Martin;GF;34.524;60.789;31.636;
009;1;85;2:07.372;0;;35.118;0;1:00.478;0;31.776;0;198.0;3:09:23.898;17:10:15.061;0:35.118;1:00.478;0:31.776;318.7;Alex RIBERAS;;HYPERCAR;;Aston Martin Thor Team;Aston Martin;GF;35.118;60.478;31.776;
009;1;86;2:06.219;0;;34.361;0;1:00.170;0;31.688;0;199.8;3:11:30.117;17:12:21.280;0:34.361;1:00.170;0:31.688;298.5;Alex RIBERAS;;HYPERCAR;;Aston Martin Thor Team;Aston Martin;GF;34.361;60.170;31.688;
009;1;87;2:05.287;0;;34.498;0;59.230;0;31.559;0;201.3;3:13:35.404;17:14:26.567;0:34.498;0:59.230;0:31.559;300.2;Alex RIBERAS;;HYPERCAR;;Aston Martin Thor Team;Aston Martin;GF;34.498;59.230;31.559;
009;1;88;2:05.213;0;;34.440;0;59.288;0;31.485;1;201.4;3:15:40.617;17:16:31.780;0:34.440;0:59.288;0:31.485;302.7;Alex RIBERAS;;HYPERCAR;;Aston Martin Thor Team;Aston Martin;GF;34.440;59.288;31.485;
009;1;89;2:07.035;0;;34.437;0;1:00.584;0;32.014;0;198.5;3:17:47.652;17:18:38.815;0:34.437;1:00.584;0:32.014;301.0;Alex RIBERAS;;HYPERCAR;;Aston Martin Thor Team;Aston Martin;GF;34.437;60.584;32.014;
009;1;90;2:06.377;0;;34.290;2;1:00.090;0;31.997;0;199.5;3:19:54.029;17:20:45.192;0:34.290;1:00.090;0:31.997;301.8;Alex RIBERAS;;HYPERCAR;;Aston Martin Thor Team;Aston Martin;GF;34.290;60.090;31.997;
009;1;91;2:08.724;0;;34.371;0;1:02.271;0;32.082;0;195.9;3:22:02.753;17:22:53.916;0:34.371;1:02.271;0:32.082;318.7;Alex RIBERAS;;HYPERCAR;;Aston Martin Thor Team;Aston Martin;GF;34.371;62.271;32.082;
009;1;92;2:06.088;0;;34.604;0;59.812;0;31.672;0;200.0;3:24:08.841;17:25:00.004;0:34.604;0:59.812;0:31.672;301.0;Alex RIBERAS;;HYPERCAR;;Aston Martin Thor Team;Aston Martin;GF;34.604;59.812;31.672;
009;1;93;2:15.077;0;B;34.469;0;1:00.668;0;39.940;0;186.7;3:26:23.918;17:27:15.081;0:34.469;1:00.668;0:39.940;307.8;Alex RIBERAS;;HYPERCAR;;Aston Martin Thor Team;Aston Martin;GF;34.469;60.668;39.940;
009;2;94;3:25.410;0;;1:49.246;0;1:04.220;0;31.944;0;122.8;3:29:49.328;17:30:40.491;1:49.246;1:04.220;0:31.944;270.9;Marco SØRENSEN;0:01:21.619;HYPERCAR;;Aston Martin Thor Team;Aston Martin;GF;109.246;64.220;31.944;
009;2;95;2:07.230;0;;34.747;0;1:00.587;0;31.896;0;198.2;3:31:56.558;17:32:47.721;0:34.747;1:00.587;0:31.896;300.2;Marco SØRENSEN;;HYPERCAR;;Aston Martin Thor Team;Aston Martin;GF;34.747;60.587;31.896;
009;2;96;2:06.421;0;;35.047;0;59.427;0;31.947;0;199.4;3:34:02.979;17:34:54.142;0:35.047;0:59.427;0:31.947;304.4;Marco SØRENSEN;;HYPERCAR;;Aston Martin Thor Team;Aston Martin;GF;35.047;59.427;31.947;
009;2;97;2:07.815;0;;34.804;0;1:01.099;0;31.912;0;197.3;3:36:10.794;17:37:01.957;0:34.804;1:01.099;0:31.912;307.8;Marco SØRENSEN;;HYPERCAR;;Aston Martin Thor Team;Aston Martin;GF;34.804;61.099;31.912;
009;2;98;2:07.161;0;;35.489;0;59.994;0;31.678;0;198.3;3:38:17.955;17:39:09.118;0:35.489;0:59.994;0:31.678;282.2;Marco SØRENSEN;;HYPERCAR;;Aston Martin Thor Team;Aston Martin;GF;35.489;59.994;31.678;
009;2;99;2:06.973;0;;34.518;0;1:00.396;0;32.059;0;198.6;3:40:24.928;17:41:16.091;0:34.518;1:00.396;0:32.059;314.1;Marco SØRENSEN;;HYPERCAR;;Aston Martin Thor Team;Aston Martin;GF;34.518;60.396;32.059;
009;2;100;2:06.032;0;;34.695;0;59.665;0;31.672;0;200.1;3:42:30.960;17:43:22.123;0:34.695;0:59.665;0:31.672;301.8;Marco SØRENSEN;;HYPERCAR;;Aston Martin Thor Team;Aston Martin;GF;34.695;59.665;31.672;
009;2;101;2:07.155;0;;34.565;0;1:00.837;0;31.753;0;198.3;3:44:38.115;17:45:29.278;0:34.565;1:00.837;0:31.753;308.7;Marco SØRENSEN;;HYPERCAR;;Aston Martin Thor Team;Aston Martin;GF;34.565;60.837;31.753;
009;2;102;2:05.436;0;;34.399;0;59.494;0;31.543;0;201.0;3:46:43.551;17:47:34.714;0:34.399;0:59.494;0:31.543;315.0;Marco SØRENSEN;;HYPERCAR;;Aston Martin Thor Team;Aston Martin;GF;34.399;59.494;31.543;
009;2;103;2:04.637;0;;34.453;0;58.760;1;31.424;2;202.3;3:48:48.188;17:49:39.351;0:34.453;0:58.760;0:31.424;315.0;Marco SØRENSEN;;HYPERCAR;;Aston Martin Thor Team;Aston Martin;GF;34.453;58.760;31.424;
009;2;104;2:18.621;0;;34.557;0;59.613;0;44.451;0;181.9;3:51:06.809;17:51:57.972;0:34.557;0:59.613;0:44.451;305.2;Marco SØRENSEN;;HYPERCAR;;Aston Martin Thor Team;Aston Martin;GF;34.557;59.613;44.451;
009;2;105;5:18.276;0;B;1:41.052;0;2:08.035;0;1:29.189;0;79.2;3:56:25.085;17:57:16.248;1:41.052;2:08.035;1:29.189;80.1;Marco SØRENSEN;;HYPERCAR;;Aston Martin Thor Team;Aston Martin;GF;101.052;128.035;89.189;
009;2;106;5:38.924;0;;2:05.644;0;2:08.005;0;1:25.275;0;74.4;4:02:04.009;18:02:55.172;2:05.644;2:08.005;1:25.275;80.0;Marco SØRENSEN;0:00:46.221;HYPERCAR;;Aston Martin Thor Team;Aston Martin;SF;125.644;128.005;85.275;
009;2;107;3:15.109;0;;54.417;0;1:24.241;0;56.451;0;129.2;4:05:19.118;18:06:10.281;0:54.417;1:24.241;0:56.451;142.6;Marco SØRENSEN;;HYPERCAR;;Aston Martin Thor Team;Aston Martin;SF;54.417;84.241;56.451;
009;2;108;4:36.586;0;;1:11.759;0;2:06.001;0;1:18.826;0;91.2;4:09:55.704;18:10:46.867;1:11.759;2:06.001;1:18.826;94.1;Marco SØRENSEN;;HYPERCAR;;Aston Martin Thor Team;Aston Martin;SF;71.759;126.001;78.826;
009;2;109;4:27.920;0;;1:22.475;0;1:48.733;0;1:16.712;0;94.1;4:14:23.624;18:15:14.787;1:22.475;1:48.733;1:16.712;91.6;Marco SØRENSEN;;HYPERCAR;;Aston Martin Thor Team;Aston Martin;SF;82.475;108.733;76.712;
009;2;110;3:09.355;0;;1:02.411;0;1:17.071;0;49.873;0;133.2;4:17:32.979;18:18:24.142;1:02.411;1:17.071;0:49.873;226.2;Marco SØRENSEN;;HYPERCAR;;Aston Martin Thor Team;Aston Martin;GF;62.411;77.071;49.873;
009;2;111;2:07.863;0;;34.925;0;1:01.155;0;31.783;0;197.2;4:19:40.842;18:20:32.005;0:34.925;1:01.155;0:31.783;298.5;Marco SØRENSEN;;HYPERCAR;;Aston Martin Thor Team;Aston Martin;GF;34.925;61.155;31.783;
009;2;112;2:05.651;0;;34.540;0;59.569;0;31.542;0;200.7;4:21:46.493;18:22:37.656;0:34.540;0:59.569;0:31.542;307.0;Marco SØRENSEN;;HYPERCAR;;Aston Martin Thor Team;Aston Martin;GF;34.540;59.569;31.542;
009;2;113;2:04.989;0;;34.447;0;59.113;0;31.429;0;201.7;4:23:51.482;18:24:42.645;0:34.447;0:59.113;0:31.429;316.8;Marco SØRENSEN;;HYPERCAR;;Aston Martin Thor Team;Aston Martin;GF;34.447;59.113;31.429;
009;2;114;2:05.810;0;;34.495;0;59.547;0;31.768;0;200.4;4:25:57.292;18:26:48.455;0:34.495;0:59.547;0:31.768;303.5;Marco SØRENSEN;;HYPERCAR;;Aston Martin Thor Team;Aston Martin;GF;34.495;59.547;31.768;
009;2;115;2:06.301;0;;34.814;0;59.678;0;31.809;0;199.6;4:28:03.593;18:28:54.756;0:34.814;0:59.678;0:31.809;298.5;Marco SØRENSEN;;HYPERCAR;;Aston Martin Thor Team;Aston Martin;GF;34.814;59.678;31.809;
009;2;116;2:05.862;0;;34.620;0;59.609;0;31.633;0;200.3;4:30:09.455;18:31:00.618;0:34.620;0:59.609;0:31.633;285.9;Marco SØRENSEN;;HYPERCAR;;Aston Martin Thor Team;Aston Martin;GF;34.620;59.609;31.633;
009;2;117;2:05.785;0;;34.557;0;59.461;0;31.767;0;200.5;4:32:15.240;18:33:06.403;0:34.557;0:59.461;0:31.767;296.9;Marco SØRENSEN;;HYPERCAR;;Aston Martin Thor Team;Aston Martin;GF;34.557;59.461;31.767;
009;2;118;2:06.556;0;;34.544;0;59.965;0;32.047;0;199.2;4:34:21.796;18:35:12.959;0:34.544;0:59.965;0:32.047;295.3;Marco SØRENSEN;;HYPERCAR;;Aston Martin Thor Team;Aston Martin;GF;34.544;59.965;32.047;
009;2;119;2:07.833;0;;35.258;0;1:00.603;0;31.972;0;197.2;4:36:29.629;18:37:20.792;0:35.258;1:00.603;0:31.972;305.2;Marco SØRENSEN;;HYPERCAR;;Aston Martin Thor Team;Aston Martin;GF;35.258;60.603;31.972;
009;2;120;2:12.278;0;;35.331;0;1:04.801;0;32.146;0;190.6;4:38:41.907;18:39:33.070;0:35.331;1:04.801;0:32.146;295.3;Marco SØRENSEN;;HYPERCAR;;Aston Martin Thor Team;Aston Martin;GF;35.331;64.801;32.146;
009;2;121;2:06.203;0;;34.745;0;59.660;0;31.798;0;199.8;4:40:48.110;18:41:39.273;0:34.745;0:59.660;0:31.798;304.4;Marco SØRENSEN;;HYPERCAR;;Aston Martin Thor Team;Aston Martin;GF;34.745;59.660;31.798;
009;2;122;2:06.084;0;;34.540;0;59.619;0;31.925;0;200.0;4:42:54.194;18:43:45.357;0:34.540;0:59.619;0:31.925;292.9;Marco SØRENSEN;;HYPERCAR;;Aston Martin Thor Team;Aston Martin;GF;34.540;59.619;31.925;
009;2;123;2:05.698;0;;34.567;0;59.397;0;31.734;0;200.6;4:44:59.892;18:45:51.055;0:34.567;0:59.397;0:31.734;291.3;Marco SØRENSEN;;HYPERCAR;;Aston Martin Thor Team;Aston Martin;GF;34.567;59.397;31.734;
009;2;124;2:06.168;0;;34.562;0;59.773;0;31.833;0;199.8;4:47:06.060;18:47:57.223;0:34.562;0:59.773;0:31.833;289.7;Marco SØRENSEN;;HYPERCAR;;Aston Martin Thor Team;Aston Martin;GF;34.562;59.773;31.833;
009;2;125;2:06.142;0;;34.513;0;59.826;0;31.803;0;199.9;4:49:12.202;18:50:03.365;0:34.513;0:59.826;0:31.803;293.7;Marco SØRENSEN;;HYPERCAR;;Aston Martin Thor Team;Aston Martin;GF;34.513;59.826;31.803;
009;2;126;2:06.170;0;;34.665;0;59.788;0;31.717;0;199.8;4:51:18.372;18:52:09.535;0:34.665;0:59.788;0:31.717;296.9;Marco SØRENSEN;;HYPERCAR;;Aston Martin Thor Team;Aston Martin;GF;34.665;59.788;31.717;
009;2;127;2:05.712;0;;34.413;0;59.591;0;31.708;0;200.6;4:53:24.084;18:54:15.247;0:34.413;0:59.591;0:31.708;297.7;Marco SØRENSEN;;HYPERCAR;;Aston Martin Thor Team;Aston Martin;GF;34.413;59.591;31.708;
009;2;128;2:06.484;0;;34.455;0;59.948;0;32.081;0;199.3;4:55:30.568;18:56:21.731;0:34.455;0:59.948;0:32.081;303.5;Marco SØRENSEN;;HYPERCAR;;Aston Martin Thor Team;Aston Martin;GF;34.455;59.948;32.081;
009;2;129;2:10.173;0;;34.580;0;1:02.001;0;33.592;0;193.7;4:57:40.741;18:58:31.904;0:34.580;1:02.001;0:33.592;296.9;Marco SØRENSEN;;HYPERCAR;;Aston Martin Thor Team;Aston Martin;GF;34.580;62.001;33.592;
009;2;130;2:08.692;0;;34.757;0;1:01.816;0;32.119;0;195.9;4:59:49.433;19:00:40.596;0:34.757;1:01.816;0:32.119;298.5;Marco SØRENSEN;;HYPERCAR;;Aston Martin Thor Team;Aston Martin;GF;34.757;61.816;32.119;
009;2;131;3:11.930;0;;34.997;0;1:12.354;0;1:24.579;0;131.4;5:03:01.363;19:03:52.526;0:34.997;1:12.354;1:24.579;301.8;Marco SØRENSEN;;HYPERCAR;;Aston Martin Thor Team;Aston Martin;GF;34.997;72.354;84.579;
009;2;132;5:18.321;0;B;1:41.201;0;2:08.011;0;1:29.109;0;79.2;5:08:19.684;19:09:10.847;1:41.201;2:08.011;1:29.109;80.0;Marco SØRENSEN;;HYPERCAR;;Aston Martin Thor Team;Aston Martin;GF;101.201;128.011;89.109;
009;1;133;5:28.450;0;;2:43.217;0;2:01.695;0;43.538;0;76.8;5:13:48.134;19:14:39.297;2:43.217;2:01.695;0:43.538;79.4;Alex RIBERAS;0:01:21.618;HYPERCAR;;Aston Martin Thor Team;Aston Martin;SF;163.217;121.695;43.538;
009;1;134;4:43.047;0;;1:24.292;0;2:01.607;0;1:17.148;0;89.1;5:18:31.181;19:19:22.344;1:24.292;2:01.607;1:17.148;90.1;Alex RIBERAS;;HYPERCAR;;Aston Martin Thor Team;Aston Martin;SF;84.292;121.607;77.148;
009;1;135;4:00.776;0;;1:29.713;0;1:34.864;0;56.199;0;104.7;5:22:31.957;19:23:23.120;1:29.713;1:34.864;0:56.199;126.1;Alex RIBERAS;;HYPERCAR;;Aston Martin Thor Team;Aston Martin;SF;89.713;94.864;56.199;
009;1;136;2:58.336;0;;51.451;0;1:22.456;0;44.429;0;141.4;5:25:30.293;19:26:21.456;0:51.451;1:22.456;0:44.429;177.3;Alex RIBERAS;;HYPERCAR;;Aston Martin Thor Team;Aston Martin;GF;51.451;82.456;44.429;
10;1;1;2:33.143;0;;49.381;0;1:07.390;0;36.372;0;161.8;2:33.143;14:03:24.306;0:49.381;1:07.390;0:36.372;260.5;Antares AU;;LMGT3;;Garage 59;McLaren;GF;49.381;67.390;36.372;
10;1;2;2:21.606;0;;40.519;0;1:05.033;0;36.054;0;178.1;4:54.749;14:05:45.912;0:40.519;1:05.033;0:36.054;259.2;Antares AU;;LMGT3;;Garage 59;McLaren;GF;40.519;65.033;36.054;
10;1;3;2:21.180;0;;40.798;0;1:04.634;0;35.748;1;178.6;7:15.929;14:08:07.092;0:40.798;1:04.634;0:35.748;260.5;Antares AU;;LMGT3;;Garage 59;McLaren;GF;40.798;64.634;35.748;
10;1;4;2:21.700;0;;40.737;0;1:04.464;1;36.499;0;177.9;9:37.629;14:10:28.792;0:40.737;1:04.464;0:36.499;258.6;Antares AU;;LMGT3;;Garage 59;McLaren;GF;40.737;64.464;36.499;
10;1;5;2:21.996;0;;40.640;0;1:04.966;0;36.390;0;177.6;11:59.625;14:12:50.788;0:40.640;1:04.966;0:36.390;259.2;Antares AU;;LMGT3;;Garage 59;McLaren;GF;40.640;64.966;36.390;
10;1;6;2:25.026;0;;40.819;0;1:05.103;0;39.104;0;173.9;14:24.651;14:15:15.814;0:40.819;1:05.103;0:39.104;259.2;Antares AU;;LMGT3;;Garage 59;McLaren;SF;40.819;65.103;39.104;
10;1;7;3:03.249;0;;59.259;0;1:14.383;0;49.607;0;137.6;17:27.900;14:18:19.063;0:59.259;1:14.383;0:49.607;172.0;Antares AU;;LMGT3;;Garage 59;McLaren;SF;59.259;74.383;49.607;
10;1;8;2:45.870;0;;47.184;0;1:10.274;0;48.412;0;152.0;20:13.770;14:21:04.933;0:47.184;1:10.274;0:48.412;209.6;Antares AU;;LMGT3;;Garage 59;McLaren;SF;47.184;70.274;48.412;
10;1;9;3:10.776;0;;1:05.939;0;1:19.047;0;45.790;0;132.2;23:24.546;14:24:15.709;1:05.939;1:19.047;0:45.790;187.8;Antares AU;;LMGT3;;Garage 59;McLaren;SF;65.939;79.047;45.790;
10;1;10;2:46.144;0;;48.073;0;1:12.977;0;45.094;0;151.8;26:10.690;14:27:01.853;0:48.073;1:12.977;0:45.094;192.8;Antares AU;;LMGT3;;Garage 59;McLaren;GF;48.073;72.977;45.094;
10;1;11;2:24.490;0;;40.511;0;1:07.809;0;36.170;0;174.5;28:35.180;14:29:26.343;0:40.511;1:07.809;0:36.170;263.0;Antares AU;;LMGT3;;Garage 59;McLaren;GF;40.511;67.809;36.170;
10;1;12;2:22.292;0;;40.461;0;1:05.272;0;36.559;0;177.2;30:57.472;14:31:48.635;0:40.461;1:05.272;0:36.559;261.7;Antares AU;;LMGT3;;Garage 59;McLaren;GF;40.461;65.272;36.559;
10;1;13;2:23.147;0;;40.415;0;1:05.813;0;36.919;0;176.1;33:20.619;14:34:11.782;0:40.415;1:05.813;0:36.919;261.7;Antares AU;;LMGT3;;Garage 59;McLaren;GF;40.415;65.813;36.919;
10;1;14;2:26.471;0;;41.138;0;1:07.859;0;37.474;0;172.1;35:47.090;14:36:38.253;0:41.138;1:07.859;0:37.474;261.7;Antares AU;;LMGT3;;Garage 59;McLaren;GF;41.138;67.859;37.474;
10;1;15;2:23.184;0;;40.583;0;1:05.939;0;36.662;0;176.1;38:10.274;14:39:01.437;0:40.583;1:05.939;0:36.662;261.1;Antares AU;;LMGT3;;Garage 59;McLaren;GF;40.583;65.939;36.662;
10;1;16;2:22.577;0;;40.357;0;1:05.534;0;36.686;0;176.8;40:32.851;14:41:24.014;0:40.357;1:05.534;0:36.686;261.7;Antares AU;;LMGT3;;Garage 59;McLaren;GF;40.357;65.534;36.686;
10;1;17;2:26.966;0;;40.688;0;1:08.181;0;38.097;0;171.6;42:59.817;14:43:50.980;0:40.688;1:08.181;0:38.097;259.9;Antares AU;;LMGT3;;Garage 59;McLaren;GF;40.688;68.181;38.097;
10;1;18;2:22.660;0;;40.587;0;1:05.498;0;36.575;0;176.7;45:22.477;14:46:13.640;0:40.587;1:05.498;0:36.575;261.7;Antares AU;;LMGT3;;Garage 59;McLaren;GF;40.587;65.498;36.575;
10;1;19;2:23.306;0;;40.604;0;1:05.628;0;37.074;0;175.9;47:45.783;14:48:36.946;0:40.604;1:05.628;0:37.074;260.5;Antares AU;;LMGT3;;Garage 59;McLaren;GF;40.604;65.628;37.074;
10;1;20;2:24.165;0;;40.708;0;1:06.791;0;36.666;0;174.9;50:09.948;14:51:01.111;0:40.708;1:06.791;0:36.666;253.8;Antares AU;;LMGT3;;Garage 59;McLaren;GF;40.708;66.791;36.666;
10;1;21;2:23.286;0;;40.911;0;1:06.124;0;36.251;0;176.0;52:33.234;14:53:24.397;0:40.911;1:06.124;0:36.251;264.3;Antares AU;;LMGT3;;Garage 59;McLaren;GF;40.911;66.124;36.251;
10;1;22;2:22.802;0;;40.330;0;1:06.014;0;36.458;0;176.6;54:56.036;14:55:47.199;0:40.330;1:06.014;0:36.458;263.0;Antares AU;;LMGT3;;Garage 59;McLaren;GF;40.330;66.014;36.458;
10;1;23;2:25.555;0;;40.651;0;1:06.806;0;38.098;0;173.2;57:21.591;14:58:12.754;0:40.651;1:06.806;0:38.098;262.4;Antares AU;;LMGT3;;Garage 59;McLaren;GF;40.651;66.806;38.098;
10;1;24;2:25.080;0;;40.531;0;1:07.165;0;37.384;0;173.8;59:46.671;15:00:37.834;0:40.531;1:07.165;0:37.384;263.0;Antares AU;;LMGT3;;Garage 59;McLaren;GF;40.531;67.165;37.384;
10;1;25;2:23.363;0;;40.541;0;1:06.143;0;36.679;0;175.9;1:02:10.034;15:03:01.197;0:40.541;1:06.143;0:36.679;261.1;Antares AU;;LMGT3;;Garage 59;McLaren;GF;40.541;66.143;36.679;
10;1;26;2:28.926;0;B;40.516;0;1:05.798;0;42.612;0;169.3;1:04:38.960;15:05:30.123;0:40.516;1:05.798;0:42.612;261.7;Antares AU;;LMGT3;;Garage 59;McLaren;GF;40.516;65.798;42.612;
10;1;27;3:36.382;0;;1:52.312;0;1:07.514;0;36.556;0;116.5;1:08:15.342;15:09:06.505;1:52.312;1:07.514;0:36.556;243.0;Antares AU;0:01:20.460;LMGT3;;Garage 59;McLaren;GF;112.312;67.514;36.556;
10;1;28;2:23.218;0;;41.231;0;1:05.586;0;36.401;0;176.1;1:10:38.560;15:11:29.723;0:41.231;1:05.586;0:36.401;254.4;Antares AU;;LMGT3;;Garage 59;McLaren;GF;41.231;65.586;36.401;
10;1;29;2:22.425;0;;40.949;0;1:05.295;0;36.181;0;177.0;1:13:00.985;15:13:52.148;0:40.949;1:05.295;0:36.181;257.4;Antares AU;;LMGT3;;Garage 59;McLaren;GF;40.949;65.295;36.181;
10;1;30;2:22.851;0;;40.733;0;1:05.917;0;36.201;0;176.5;1:15:23.836;15:16:14.999;0:40.733;1:05.917;0:36.201;258.6;Antares AU;;LMGT3;;Garage 59;McLaren;GF;40.733;65.917;36.201;
10;1;31;2:23.107;0;;40.535;0;1:06.447;0;36.125;0;176.2;1:17:46.943;15:18:38.106;0:40.535;1:06.447;0:36.125;259.2;Antares AU;;LMGT3;;Garage 59;McLaren;GF;40.535;66.447;36.125;
10;1;32;2:23.701;0;;41.234;0;1:05.807;0;36.660;0;175.5;1:20:10.644;15:21:01.807;0:41.234;1:05.807;0:36.660;261.7;Antares AU;;LMGT3;;Garage 59;McLaren;GF;41.234;65.807;36.660;
10;1;33;2:23.188;0;;40.752;0;1:05.888;0;36.548;0;176.1;1:22:33.832;15:23:24.995;0:40.752;1:05.888;0:36.548;261.7;Antares AU;;LMGT3;;Garage 59;McLaren;GF;40.752;65.888;36.548;
10;1;34;2:22.453;0;;40.412;0;1:05.486;0;36.555;0;177.0;1:24:56.285;15:25:47.448;0:40.412;1:05.486;0:36.555;261.1;Antares AU;;LMGT3;;Garage 59;McLaren;GF;40.412;65.486;36.555;
10;1;35;2:21.841;0;;40.221;1;1:05.603;0;36.017;0;177.8;1:27:18.126;15:28:09.289;0:40.221;1:05.603;0:36.017;263.6;Antares AU;;LMGT3;;Garage 59;McLaren;GF;40.221;65.603;36.017;
10;1;36;2:23.348;0;;40.522;0;1:06.319;0;36.507;0;175.9;1:29:41.474;15:30:32.637;0:40.522;1:06.319;0:36.507;262.4;Antares AU;;LMGT3;;Garage 59;McLaren;GF;40.522;66.319;36.507;
10;1;37;2:22.803;0;;40.857;0;1:05.652;0;36.294;0;176.6;1:32:04.277;15:32:55.440;0:40.857;1:05.652;0:36.294;260.5;Antares AU;;LMGT3;;Garage 59;McLaren;GF;40.857;65.652;36.294;
10;1;38;2:22.135;0;;40.585;0;1:05.327;0;36.223;0;177.4;1:34:26.412;15:35:17.575;0:40.585;1:05.327;0:36.223;259.2;Antares AU;;LMGT3;;Garage 59;McLaren;GF;40.585;65.327;36.223;
10;1;39;2:24.625;0;;41.437;0;1:06.596;0;36.592;0;174.3;1:36:51.037;15:37:42.200;0:41.437;1:06.596;0:36.592;259.2;Antares AU;;LMGT3;;Garage 59;McLaren;GF;41.437;66.596;36.592;
10;1;40;2:24.203;0;;40.797;0;1:06.711;0;36.695;0;174.9;1:39:15.240;15:40:06.403;0:40.797;1:06.711;0:36.695;261.7;Antares AU;;LMGT3;;Garage 59;McLaren;GF;40.797;66.711;36.695;
10;1;41;2:23.421;0;;40.882;0;1:06.126;0;36.413;0;175.8;1:41:38.661;15:42:29.824;0:40.882;1:06.126;0:36.413;262.4;Antares AU;;LMGT3;;Garage 59;McLaren;GF;40.882;66.126;36.413;
10;1;42;2:24.610;0;;40.554;0;1:07.160;0;36.896;0;174.4;1:44:03.271;15:44:54.434;0:40.554;1:07.160;0:36.896;262.4;Antares AU;;LMGT3;;Garage 59;McLaren;GF;40.554;67.160;36.896;
10;1;43;2:24.597;0;;41.021;0;1:06.553;0;37.023;0;174.4;1:46:27.868;15:47:19.031;0:41.021;1:06.553;0:37.023;259.2;Antares AU;;LMGT3;;Garage 59;McLaren;GF;41.021;66.553;37.023;
10;1;44;2:32.275;0;B;40.980;0;1:08.176;0;43.119;0;165.6;1:49:00.143;15:49:51.306;0:40.980;1:08.176;0:43.119;260.5;Antares AU;;LMGT3;;Garage 59;McLaren;GF;40.980;68.176;43.119;
10;2;45;3:23.539;0;;1:42.896;0;1:05.087;0;35.556;0;123.9;1:52:23.682;15:53:14.845;1:42.896;1:05.087;0:35.556;253.2;Thomas FLEMING;0:01:12.504;LMGT3;;Garage 59;McLaren;GF;102.896;65.087;35.556;
10;2;46;2:20.415;0;;41.066;0;1:03.795;0;35.554;0;179.6;1:54:44.097;15:55:35.260;0:41.066;1:03.795;0:35.554;255.0;Thomas FLEMING;;LMGT3;;Garage 59;McLaren;GF;41.066;63.795;35.554;
10;2;47;2:18.563;2;;40.002;0;1:03.063;2;35.498;0;182.0;1:57:02.660;15:57:53.823;0:40.002;1:03.063;0:35.498;258.0;Thomas FLEMING;;LMGT3;;Garage 59;McLaren;GF;40.002;63.063;35.498;
10;2;48;2:19.072;0;;39.995;0;1:03.433;0;35.644;0;181.3;1:59:21.732;16:00:12.895;0:39.995;1:03.433;0:35.644;259.2;Thomas FLEMING;;LMGT3;;Garage 59;McLaren;GF;39.995;63.433;35.644;
10;2;49;2:19.671;0;;39.897;0;1:03.807;0;35.967;0;180.5;2:01:41.403;16:02:32.566;0:39.897;1:03.807;0:35.967;262.4;Thomas FLEMING;;LMGT3;;Garage 59;McLaren;GF;39.897;63.807;35.967;
10;2;50;2:19.923;0;;39.802;0;1:04.637;0;35.484;1;180.2;2:04:01.326;16:04:52.489;0:39.802;1:04.637;0:35.484;263.0;Thomas FLEMING;;LMGT3;;Garage 59;McLaren;GF;39.802;64.637;35.484;
10;2;51;2:20.702;0;;39.887;0;1:05.076;0;35.739;0;179.2;2:06:22.028;16:07:13.191;0:39.887;1:05.076;0:35.739;262.4;Thomas FLEMING;;LMGT3;;Garage 59;McLaren;GF;39.887;65.076;35.739;
10;2;52;2:20.014;0;;40.248;0;1:04.250;0;35.516;0;180.1;2:08:42.042;16:09:33.205;0:40.248;1:04.250;0:35.516;260.5;Thomas FLEMING;;LMGT3;;Garage 59;McLaren;GF;40.248;64.250;35.516;
10;2;53;2:20.002;0;;39.789;0;1:04.498;0;35.715;0;180.1;2:11:02.044;16:11:53.207;0:39.789;1:04.498;0:35.715;261.7;Thomas FLEMING;;LMGT3;;Garage 59;McLaren;GF;39.789;64.498;35.715;
10;2;54;2:20.694;0;;39.910;0;1:04.809;0;35.975;0;179.2;2:13:22.738;16:14:13.901;0:39.910;1:04.809;0:35.975;264.3;Thomas FLEMING;;LMGT3;;Garage 59;McLaren;GF;39.910;64.809;35.975;
10;2;55;2:20.945;0;;40.368;0;1:04.902;0;35.675;0;178.9;2:15:43.683;16:16:34.846;0:40.368;1:04.902;0:35.675;258.6;Thomas FLEMING;;LMGT3;;Garage 59;McLaren;GF;40.368;64.902;35.675;
10;2;56;2:19.800;0;;39.784;0;1:04.355;0;35.661;0;180.4;2:18:03.483;16:18:54.646;0:39.784;1:04.355;0:35.661;262.4;Thomas FLEMING;;LMGT3;;Garage 59;McLaren;GF;39.784;64.355;35.661;
10;2;57;2:20.075;0;;39.770;0;1:04.407;0;35.898;0;180.0;2:20:23.558;16:21:14.721;0:39.770;1:04.407;0:35.898;261.7;Thomas FLEMING;;LMGT3;;Garage 59;McLaren;GF;39.770;64.407;35.898;
10;2;58;2:20.753;0;;39.847;0;1:05.170;0;35.736;0;179.1;2:22:44.311;16:23:35.474;0:39.847;1:05.170;0:35.736;263.0;Thomas FLEMING;;LMGT3;;Garage 59;McLaren;GF;39.847;65.170;35.736;
10;2;59;2:20.812;0;;39.840;0;1:05.189;0;35.783;0;179.1;2:25:05.123;16:25:56.286;0:39.840;1:05.189;0:35.783;254.4;Thomas FLEMING;;LMGT3;;Garage 59;McLaren;GF;39.840;65.189;35.783;
10;2;60;2:20.557;0;;39.704;0;1:05.135;0;35.718;0;179.4;2:27:25.680;16:28:16.843;0:39.704;1:05.135;0:35.718;263.6;Thomas FLEMING;;LMGT3;;Garage 59;McLaren;GF;39.704;65.135;35.718;
10;2;61;2:21.120;0;;39.721;0;1:05.354;0;36.045;0;178.7;2:29:46.800;16:30:37.963;0:39.721;1:05.354;0:36.045;263.6;Thomas FLEMING;;LMGT3;;Garage 59;McLaren;GF;39.721;65.354;36.045;
10;2;62;2:21.395;0;;39.794;0;1:05.625;0;35.976;0;178.3;2:32:08.195;16:32:59.358;0:39.794;1:05.625;0:35.976;262.4;Thomas FLEMING;;LMGT3;;Garage 59;McLaren;GF;39.794;65.625;35.976;
10;2;63;2:22.743;0;;40.306;0;1:06.458;0;35.979;0;176.6;2:34:30.938;16:35:22.101;0:40.306;1:06.458;0:35.979;263.6;Thomas FLEMING;;LMGT3;;Garage 59;McLaren;GF;40.306;66.458;35.979;
10;2;64;2:23.670;0;;40.904;0;1:06.677;0;36.089;0;175.5;2:36:54.608;16:37:45.771;0:40.904;1:06.677;0:36.089;258.6;Thomas FLEMING;;LMGT3;;Garage 59;McLaren;GF;40.904;66.677;36.089;
10;2;65;2:21.287;0;;40.348;0;1:05.296;0;35.643;0;178.5;2:39:15.895;16:40:07.058;0:40.348;1:05.296;0:35.643;259.9;Thomas FLEMING;;LMGT3;;Garage 59;McLaren;GF;40.348;65.296;35.643;
10;2;66;2:20.955;0;;39.829;0;1:05.288;0;35.838;0;178.9;2:41:36.850;16:42:28.013;0:39.829;1:05.288;0:35.838;260.5;Thomas FLEMING;;LMGT3;;Garage 59;McLaren;GF;39.829;65.288;35.838;
10;2;67;2:21.606;0;;39.927;0;1:05.787;0;35.892;0;178.1;2:43:58.456;16:44:49.619;0:39.927;1:05.787;0:35.892;264.3;Thomas FLEMING;;LMGT3;;Garage 59;McLaren;GF;39.927;65.787;35.892;
10;2;68;3:38.133;0;;40.185;0;1:55.784;0;1:02.164;0;115.6;2:47:36.589;16:48:27.752;0:40.185;1:55.784;1:02.164;262.4;Thomas FLEMING;;LMGT3;;Garage 59;McLaren;GF;40.185;115.784;62.164;
10;2;69;2:20.952;0;;39.822;0;1:05.583;0;35.547;0;178.9;2:49:57.541;16:50:48.704;0:39.822;1:05.583;0:35.547;256.2;Thomas FLEMING;;LMGT3;;Garage 59;McLaren;GF;39.822;65.583;35.547;
10;2;70;2:25.965;0;B;39.724;0;1:04.792;0;41.449;0;172.7;2:52:23.506;16:53:14.669;0:39.724;1:04.792;0:41.449;262.4;Thomas FLEMING;;LMGT3;;Garage 59;McLaren;GF;39.724;64.792;41.449;
10;2;71;3:34.088;0;;1:52.534;0;1:05.700;0;35.854;0;117.8;2:55:57.594;16:56:48.757;1:52.534;1:05.700;0:35.854;258.6;Thomas FLEMING;0:01:22.486;LMGT3;;Garage 59;McLaren;GF;112.534;65.700;35.854;
10;2;72;2:20.438;0;;40.103;0;1:04.634;0;35.701;0;179.5;2:58:18.032;16:59:09.195;0:40.103;1:04.634;0:35.701;259.9;Thomas FLEMING;;LMGT3;;Garage 59;McLaren;GF;40.103;64.634;35.701;
10;2;73;2:20.111;0;;39.928;0;1:04.342;0;35.841;0;180.0;3:00:38.143;17:01:29.306;0:39.928;1:04.342;0:35.841;258.6;Thomas FLEMING;;LMGT3;;Garage 59;McLaren;GF;39.928;64.342;35.841;
10;2;74;2:20.685;0;;39.873;0;1:04.938;0;35.874;0;179.2;3:02:58.828;17:03:49.991;0:39.873;1:04.938;0:35.874;252.6;Thomas FLEMING;;LMGT3;;Garage 59;McLaren;GF;39.873;64.938;35.874;
10;2;75;2:20.013;0;;39.619;0;1:04.586;0;35.808;0;180.1;3:05:18.841;17:06:10.004;0:39.619;1:04.586;0:35.808;260.5;Thomas FLEMING;;LMGT3;;Garage 59;McLaren;GF;39.619;64.586;35.808;
10;2;76;2:22.153;0;;41.042;0;1:05.301;0;35.810;0;177.4;3:07:40.994;17:08:32.157;0:41.042;1:05.301;0:35.810;252.0;Thomas FLEMING;;LMGT3;;Garage 59;McLaren;GF;41.042;65.301;35.810;
10;2;77;2:19.777;0;;39.643;0;1:04.504;0;35.630;0;180.4;3:10:00.771;17:10:51.934;0:39.643;1:04.504;0:35.630;255.6;Thomas FLEMING;;LMGT3;;Garage 59;McLaren;GF;39.643;64.504;35.630;
10;2;78;2:19.195;0;;39.675;0;1:03.948;0;35.572;0;181.1;3:12:19.966;17:13:11.129;0:39.675;1:03.948;0:35.572;259.9;Thomas FLEMING;;LMGT3;;Garage 59;McLaren;GF;39.675;63.948;35.572;
10;2;79;2:19.636;0;;39.738;0;1:04.150;0;35.748;0;180.6;3:14:39.602;17:15:30.765;0:39.738;1:04.150;0:35.748;260.5;Thomas FLEMING;;LMGT3;;Garage 59;McLaren;GF;39.738;64.150;35.748;
10;2;80;2:19.894;0;;39.686;0;1:04.527;0;35.681;0;180.2;3:16:59.496;17:17:50.659;0:39.686;1:04.527;0:35.681;261.1;Thomas FLEMING;;LMGT3;;Garage 59;McLaren;GF;39.686;64.527;35.681;
10;2;81;2:19.554;0;;39.587;0;1:04.309;0;35.658;0;180.7;3:19:19.050;17:20:10.213;0:39.587;1:04.309;0:35.658;259.9;Thomas FLEMING;;LMGT3;;Garage 59;McLaren;GF;39.587;64.309;35.658;
10;2;82;2:19.694;0;;39.611;0;1:04.337;0;35.746;0;180.5;3:21:38.744;17:22:29.907;0:39.611;1:04.337;0:35.746;261.1;Thomas FLEMING;;LMGT3;;Garage 59;McLaren;GF;39.611;64.337;35.746;
10;2;83;2:19.585;0;;39.627;0;1:04.226;0;35.732;0;180.6;3:23:58.329;17:24:49.492;0:39.627;1:04.226;0:35.732;263.0;Thomas FLEMING;;LMGT3;;Garage 59;McLaren;GF;39.627;64.226;35.732;
10;2;84;2:20.113;0;;39.687;0;1:04.208;0;36.218;0;180.0;3:26:18.442;17:27:09.605;0:39.687;1:04.208;0:36.218;260.5;Thomas FLEMING;;LMGT3;;Garage 59;McLaren;GF;39.687;64.208;36.218;
10;2;85;2:20.213;0;;39.800;0;1:04.804;0;35.609;0;179.8;3:28:38.655;17:29:29.818;0:39.800;1:04.804;0:35.609;259.9;Thomas FLEMING;;LMGT3;;Garage 59;McLaren;GF;39.800;64.804;35.609;
10;2;86;2:20.331;0;;39.638;0;1:04.508;0;36.185;0;179.7;3:30:58.986;17:31:50.149;0:39.638;1:04.508;0:36.185;259.9;Thomas FLEMING;;LMGT3;;Garage 59;McLaren;GF;39.638;64.508;36.185;
10;2;87;2:19.557;0;;39.617;0;1:04.388;0;35.552;0;180.7;3:33:18.543;17:34:09.706;0:39.617;1:04.388;0:35.552;261.7;Thomas FLEMING;;LMGT3;;Garage 59;McLaren;GF;39.617;64.388;35.552;
10;2;88;2:19.885;0;;39.541;0;1:04.509;0;35.835;0;180.2;3:35:38.428;17:36:29.591;0:39.541;1:04.509;0:35.835;259.9;Thomas FLEMING;;LMGT3;;Garage 59;McLaren;GF;39.541;64.509;35.835;
10;2;89;2:19.759;0;;39.579;0;1:04.513;0;35.667;0;180.4;3:37:58.187;17:38:49.350;0:39.579;1:04.513;0:35.667;261.7;Thomas FLEMING;;LMGT3;;Garage 59;McLaren;GF;39.579;64.513;35.667;
10;2;90;2:20.074;0;;39.548;0;1:04.749;0;35.777;0;180.0;3:40:18.261;17:41:09.424;0:39.548;1:04.749;0:35.777;259.2;Thomas FLEMING;;LMGT3;;Garage 59;McLaren;GF;39.548;64.749;35.777;
10;2;91;2:20.189;0;;39.529;0;1:04.951;0;35.709;0;179.9;3:42:38.450;17:43:29.613;0:39.529;1:04.951;0:35.709;263.0;Thomas FLEMING;;LMGT3;;Garage 59;McLaren;GF;39.529;64.951;35.709;
10;2;92;2:20.198;0;;39.518;0;1:05.038;0;35.642;0;179.8;3:44:58.648;17:45:49.811;0:39.518;1:05.038;0:35.642;263.0;Thomas FLEMING;;LMGT3;;Garage 59;McLaren;GF;39.518;65.038;35.642;
10;2;93;2:20.429;0;;39.510;1;1:04.757;0;36.162;0;179.6;3:47:19.077;17:48:10.240;0:39.510;1:04.757;0:36.162;263.6;Thomas FLEMING;;LMGT3;;Garage 59;McLaren;GF;39.510;64.757;36.162;
10;2;94;2:22.267;0;;39.587;0;1:07.055;0;35.625;0;177.2;3:49:41.344;17:50:32.507;0:39.587;1:07.055;0:35.625;250.3;Thomas FLEMING;;LMGT3;;Garage 59;McLaren;GF;39.587;67.055;35.625;
10;2;95;4:01.140;0;B;40.013;0;1:51.452;0;1:29.675;0;104.6;3:53:42.484;17:54:33.647;0:40.013;1:51.452;1:29.675;256.2;Thomas FLEMING;;LMGT3;;Garage 59;McLaren;GF;40.013;111.452;89.675;
10;3;96;6:16.547;0;;2:41.624;0;2:09.154;0;1:25.769;0;67.0;3:59:59.031;18:00:50.194;2:41.624;2:09.154;1:25.769;79.1;Marvin KIRCHHÖFER;0:01:20.902;LMGT3;;Garage 59;McLaren;GF;161.624;129.154;85.769;
10;3;97;3:43.455;0;;1:42.411;0;1:19.896;0;41.148;0;112.8;4:03:42.486;18:04:33.649;1:42.411;1:19.896;0:41.148;79.4;Marvin KIRCHHÖFER;;LMGT3;;Garage 59;McLaren;SF;102.411;79.896;41.148;
10;3;98;2:32.746;0;;44.079;0;1:09.198;0;39.469;0;165.1;4:06:15.232;18:07:06.395;0:44.079;1:09.198;0:39.469;208.8;Marvin KIRCHHÖFER;;LMGT3;;Garage 59;McLaren;SF;44.079;69.198;39.469;
10;3;99;3:52.947;0;;44.168;0;1:48.456;0;1:20.323;0;108.2;4:10:08.179;18:10:59.342;0:44.168;1:48.456;1:20.323;199.6;Marvin KIRCHHÖFER;;LMGT3;;Garage 59;McLaren;SF;44.168;108.456;80.323;
10;3;100;4:28.241;0;;1:25.843;0;1:42.779;0;1:19.619;0;94.0;4:14:36.420;18:15:27.583;1:25.843;1:42.779;1:19.619;78.6;Marvin KIRCHHÖFER;;LMGT3;;Garage 59;McLaren;SF;85.843;102.779;79.619;
10;3;101;3:09.367;0;;1:03.783;0;1:11.801;0;53.783;0;133.1;4:17:45.787;18:18:36.950;1:03.783;1:11.801;0:53.783;200.7;Marvin KIRCHHÖFER;;LMGT3;;Garage 59;McLaren;GF;63.783;71.801;53.783;
10;3;102;2:18.647;0;;39.653;0;1:03.493;1;35.501;0;181.9;4:20:04.434;18:20:55.597;0:39.653;1:03.493;0:35.501;263.0;Marvin KIRCHHÖFER;;LMGT3;;Garage 59;McLaren;GF;39.653;63.493;35.501;
10;3;103;2:19.006;0;;39.896;0;1:03.545;0;35.565;0;181.4;4:22:23.440;18:23:14.603;0:39.896;1:03.545;0:35.565;261.7;Marvin KIRCHHÖFER;;LMGT3;;Garage 59;McLaren;GF;39.896;63.545;35.565;
10;3;104;2:18.954;0;;39.725;0;1:03.606;0;35.623;0;181.5;4:24:42.394;18:25:33.557;0:39.725;1:03.606;0:35.623;260.5;Marvin KIRCHHÖFER;;LMGT3;;Garage 59;McLaren;GF;39.725;63.606;35.623;
10;3;105;2:19.207;0;;39.653;0;1:03.909;0;35.645;0;181.1;4:27:01.601;18:27:52.764;0:39.653;1:03.909;0:35.645;260.5;Marvin KIRCHHÖFER;;LMGT3;;Garage 59;McLaren;GF;39.653;63.909;35.645;
10;3;106;2:19.522;0;;39.723;0;1:04.166;0;35.633;0;180.7;4:29:21.123;18:30:12.286;0:39.723;1:04.166;0:35.633;255.6;Marvin KIRCHHÖFER;;LMGT3;;Garage 59;McLaren;GF;39.723;64.166;35.633;
10;3;107;2:19.526;0;;39.788;0;1:04.003;0;35.735;0;180.7;4:31:40.649;18:32:31.812;0:39.788;1:04.003;0:35.735;259.2;Marvin KIRCHHÖFER;;LMGT3;;Garage 59;McLaren;GF;39.788;64.003;35.735;
10;3;108;2:19.669;0;;39.684;0;1:04.231;0;35.754;0;180.5;4:34:00.318;18:34:51.481;0:39.684;1:04.231;0:35.754;258.6;Marvin KIRCHHÖFER;;LMGT3;;Garage 59;McLaren;GF;39.684;64.231;35.754;
10;3;109;2:19.989;0;;39.746;0;1:04.345;0;35.898;0;180.1;4:36:20.307;18:37:11.470;0:39.746;1:04.345;0:35.898;261.1;Marvin KIRCHHÖFER;;LMGT3;;Garage 59;McLaren;GF;39.746;64.345;35.898;
10;3;110;2:20.971;0;;39.631;0;1:05.426;0;35.914;0;178.9;4:38:41.278;18:39:32.441;0:39.631;1:05.426;0:35.914;255.6;Marvin KIRCHHÖFER;;LMGT3;;Garage 59;McLaren;GF;39.631;65.426;35.914;
10;3;111;2:21.778;0;;40.078;0;1:05.807;0;35.893;0;177.8;4:41:03.056;18:41:54.219;0:40.078;1:05.807;0:35.893;265.6;Marvin KIRCHHÖFER;;LMGT3;;Garage 59;McLaren;GF;40.078;65.807;35.893;
10;3;112;2:19.757;0;;39.539;0;1:04.487;0;35.731;0;180.4;4:43:22.813;18:44:13.976;0:39.539;1:04.487;0:35.731;260.5;Marvin KIRCHHÖFER;;LMGT3;;Garage 59;McLaren;GF;39.539;64.487;35.731;
10;3;113;2:20.296;0;;39.771;0;1:04.775;0;35.750;0;179.7;4:45:43.109;18:46:34.272;0:39.771;1:04.775;0:35.750;263.0;Marvin KIRCHHÖFER;;LMGT3;;Garage 59;McLaren;GF;39.771;64.775;35.750;
10;3;114;2:20.094;0;;39.709;0;1:04.681;0;35.704;0;180.0;4:48:03.203;18:48:54.366;0:39.709;1:04.681;0:35.704;263.0;Marvin KIRCHHÖFER;;LMGT3;;Garage 59;McLaren;GF;39.709;64.681;35.704;
10;3;115;2:20.087;0;;39.686;0;1:04.698;0;35.703;0;180.0;4:50:23.290;18:51:14.453;0:39.686;1:04.698;0:35.703;263.6;Marvin KIRCHHÖFER;;LMGT3;;Garage 59;McLaren;GF;39.686;64.698;35.703;
10;3;116;2:19.940;0;;39.714;0;1:04.653;0;35.573;0;180.2;4:52:43.230;18:53:34.393;0:39.714;1:04.653;0:35.573;263.0;Marvin KIRCHHÖFER;;LMGT3;;Garage 59;McLaren;GF;39.714;64.653;35.573;
10;3;117;2:20.010;0;;39.632;0;1:04.704;0;35.674;0;180.1;4:55:03.240;18:55:54.403;0:39.632;1:04.704;0:35.674;261.1;Marvin KIRCHHÖFER;;LMGT3;;Garage 59;McLaren;GF;39.632;64.704;35.674;
10;3;118;2:20.333;0;;39.679;0;1:04.719;0;35.935;0;179.7;4:57:23.573;18:58:14.736;0:39.679;1:04.719;0:35.935;263.6;Marvin KIRCHHÖFER;;LMGT3;;Garage 59;McLaren;GF;39.679;64.719;35.935;
10;3;119;2:20.752;0;;39.726;0;1:05.119;0;35.907;0;179.1;4:59:44.325;19:00:35.488;0:39.726;1:05.119;0:35.907;263.6;Marvin KIRCHHÖFER;;LMGT3;;Garage 59;McLaren;GF;39.726;65.119;35.907;
10;3;120;3:27.343;0;B;40.265;0;1:18.716;0;1:28.362;0;121.6;5:03:11.668;19:04:02.831;0:40.265;1:18.716;1:28.362;250.3;Marvin KIRCHHÖFER;;LMGT3;;Garage 59;McLaren;GF;40.265;78.716;88.362;
10;3;121;6:11.215;0;;2:35.975;0;2:09.366;0;1:25.874;0;67.9;5:09:22.883;19:10:14.046;2:35.975;2:09.366;1:25.874;79.0;Marvin KIRCHHÖFER;0:01:14.413;LMGT3;;Garage 59;McLaren;GF;155.975;129.366;85.874;
10;3;122;4:27.956;0;;1:42.512;0;2:01.180;0;44.264;0;94.1;5:13:50.839;19:14:42.002;1:42.512;2:01.180;0:44.264;79.4;Marvin KIRCHHÖFER;;LMGT3;;Garage 59;McLaren;SF;102.512;121.180;44.264;
10;3;123;4:42.628;0;;1:24.794;0;2:00.050;0;1:17.784;0;89.2;5:18:33.467;19:19:24.630;1:24.794;2:00.050;1:17.784;89.9;Marvin KIRCHHÖFER;;LMGT3;;Garage 59;McLaren;SF;84.794;120.050;77.784;
10;3;124;4:00.557;0;;1:30.186;0;1:33.469;0;56.902;0;104.8;5:22:34.024;19:23:25.187;1:30.186;1:33.469;0:56.902;103.3;Marvin KIRCHHÖFER;;LMGT3;;Garage 59;McLaren;SF;90.186;93.469;56.902;
10;3;125;3:04.027;0;;51.384;0;1:22.104;0;50.539;0;137.0;5:25:38.051;19:26:29.214;0:51.384;1:22.104;0:50.539;153.5;Marvin KIRCHHÖFER;;LMGT3;;Garage 59;McLaren;GF;51.384;82.104;50.539;
10;3;126;2:26.106;0;;40.157;0;1:08.471;0;37.478;0;172.6;5:28:04.157;19:28:55.320;0:40.157;1:08.471;0:37.478;208.8;Marvin KIRCHHÖFER;;LMGT3;;Garage 59;McLaren;SF;40.157;68.471;37.478;
10;3;127;4:19.909;0;;1:19.643;0;1:51.198;0;1:09.068;0;97.0;5:32:24.066;19:33:15.229;1:19.643;1:51.198;1:09.068;72.0;Marvin KIRCHHÖFER;;LMGT3;;Garage 59;McLaren;SF;79.643;111.198;69.068;
10;3;128;3:47.178;0;;1:31.577;0;1:25.910;0;49.691;0;111.0;5:36:11.244;19:37:02.407;1:31.577;1:25.910;0:49.691;73.5;Marvin KIRCHHÖFER;;LMGT3;;Garage 59;McLaren;GF;91.577;85.910;49.691;
10;3;129;2:20.939;0;;40.796;0;1:04.717;0;35.426;2;178.9;5:38:32.183;19:39:23.346;0:40.796;1:04.717;0:35.426;258.0;Marvin KIRCHHÖFER;;LMGT3;;Garage 59;McLaren;GF;40.796;64.717;35.426;
10;3;130;2:19.295;0;;39.629;0;1:04.176;0;35.490;0;181.0;5:40:51.478;19:41:42.641;0:39.629;1:04.176;0:35.490;245.2;Marvin KIRCHHÖFER;;LMGT3;;Garage 59;McLaren;GF;39.629;64.176;35.490;
10;3;131;2:18.833;0;;39.443;2;1:03.819;0;35.571;0;181.6;5:43:10.311;19:44:01.474;0:39.443;1:03.819;0:35.571;264.9;Marvin KIRCHHÖFER;;LMGT3;;Garage 59;McLaren;GF;39.443;63.819;35.571;
10;3;132;2:18.883;0;;39.511;0;1:03.804;0;35.568;0;181.5;5:45:29.194;19:46:20.357;0:39.511;1:03.804;0:35.568;265.6;Marvin KIRCHHÖFER;;LMGT3;;Garage 59;McLaren;GF;39.511;63.804;35.568;
10;3;133;2:19.384;0;;39.523;0;1:04.035;0;35.826;0;180.9;5:47:48.578;19:48:39.741;0:39.523;1:04.035;0:35.826;264.9;Marvin KIRCHHÖFER;;LMGT3;;Garage 59;McLaren;GF;39.523;64.035;35.826;
10;3;134;2:19.583;0;;39.572;0;1:04.422;0;35.589;0;180.6;5:50:08.161;19:50:59.324;0:39.572;1:04.422;0:35.589;257.4;Marvin KIRCHHÖFER;;LMGT3;;Garage 59;McLaren;GF;39.572;64.422;35.589;
10;3;135;2:19.545;0;;39.626;0;1:04.310;0;35.609;0;180.7;5:52:27.706;19:53:18.869;0:39.626;1:04.310;0:35.609;264.9;Marvin KIRCHHÖFER;;LMGT3;;Garage 59;McLaren;GF;39.626;64.310;35.609;
10;3;136;2:19.145;0;;39.457;0;1:04.150;0;35.538;0;181.2;5:54:46.851;19:55:38.014;0:39.457;1:04.150;0:35.538;265.6;Marvin KIRCHHÖFER;;LMGT3;;Garage 59;McLaren;GF;39.457;64.150;35.538;
10;3;137;2:19.391;0;;39.592;0;1:04.124;0;35.675;0;180.9;5:57:06.242;19:57:57.405;0:39.592;1:04.124;0:35.675;264.3;Marvin KIRCHHÖFER;;LMGT3;;Garage 59;McLaren;GF;39.592;64.124;35.675;
10;3;138;2:19.886;0;;39.600;0;1:04.530;0;35.756;0;180.2;5:59:26.128;20:00:17.291;0:39.600;1:04.530;0:35.756;253.8;Marvin KIRCHHÖFER;;LMGT3;;Garage 59;McLaren;GF;39.600;64.530;35.756;
10;3;139;2:19.306;0;;39.599;0;1:04.156;0;35.551;0;181.0;6:01:45.434;20:02:36.597;0:39.599;1:04.156;0:35.551;266.2;Marvin KIRCHHÖFER;;LMGT3;;Garage 59;McLaren;FF;39.599;64.156;35.551;
12;1;1;2:05.113;0;;34.088;0;59.170;0;31.855;0;198.0;2:05.113;14:02:56.276;0:34.088;0:59.170;0:31.855;293.7;Will STEVENS;;HYPERCAR;;Cadillac Hertz Team Jota;Cadillac;GF;34.088;59.170;31.855;
12;1;2;2:05.563;0;;34.876;0;59.111;0;31.576;0;200.8;4:10.676;14:05:01.839;0:34.876;0:59.111;0:31.576;287.4;Will STEVENS;;HYPERCAR;;Cadillac Hertz Team Jota;Cadillac;GF;34.876;59.111;31.576;
12;1;3;2:05.195;0;;34.569;0;59.087;0;31.539;0;201.4;6:15.871;14:07:07.034;0:34.569;0:59.087;0:31.539;287.4;Will STEVENS;;HYPERCAR;;Cadillac Hertz Team Jota;Cadillac;GF;34.569;59.087;31.539;
12;1;4;2:05.279;0;;34.421;0;59.042;0;31.816;0;201.3;8:21.150;14:09:12.313;0:34.421;0:59.042;0:31.816;290.5;Will STEVENS;;HYPERCAR;;Cadillac Hertz Team Jota;Cadillac;GF;34.421;59.042;31.816;
12;1;5;2:05.535;0;;34.566;0;59.226;0;31.743;0;200.9;10:26.685;14:11:17.848;0:34.566;0:59.226;0:31.743;290.5;Will STEVENS;;HYPERCAR;;Cadillac Hertz Team Jota;Cadillac;GF;34.566;59.226;31.743;
12;1;6;2:05.318;0;;34.574;0;59.123;0;31.621;0;201.2;12:32.003;14:13:23.166;0:34.574;0:59.123;0:31.621;292.9;Will STEVENS;;HYPERCAR;;Cadillac Hertz Team Jota;Cadillac;GF;34.574;59.123;31.621;
12;1;7;2:27.493;0;;34.431;0;59.408;0;53.654;0;171.0;14:59.496;14:15:50.659;0:34.431;0:59.408;0:53.654;303.5;Will STEVENS;;HYPERCAR;;Cadillac Hertz Team Jota;Cadillac;SF;34.431;59.408;53.654;
12;1;8;4:46.720;0;;1:27.037;0;1:57.601;0;1:22.082;0;87.9;19:46.216;14:20:37.379;1:27.037;1:57.601;1:22.082;83.2;Will STEVENS;;HYPERCAR;;Cadillac Hertz Team Jota;Cadillac;SF;87.037;117.601;82.082;
12;1;9;3:07.723;0;;1:04.984;0;1:21.433;0;41.306;0;134.3;22:53.939;14:23:45.102;1:04.984;1:21.433;0:41.306;169.6;Will STEVENS;;HYPERCAR;;Cadillac Hertz Team Jota;Cadillac;SF;64.984;81.433;41.306;
12;1;10;3:01.282;0;;45.537;0;1:23.271;0;52.474;0;139.1;25:55.221;14:26:46.384;0:45.537;1:23.271;0:52.474;220.7;Will STEVENS;;HYPERCAR;;Cadillac Hertz Team Jota;Cadillac;GF;45.537;83.271;52.474;
12;1;11;2:05.768;0;;34.809;0;59.259;0;31.700;0;200.5;28:00.989;14:28:52.152;0:34.809;0:59.259;0:31.700;297.7;Will STEVENS;;HYPERCAR;;Cadillac Hertz Team Jota;Cadillac;GF;34.809;59.259;31.700;
12;1;12;2:05.770;0;;34.498;0;59.551;0;31.721;0;200.5;30:06.759;14:30:57.922;0:34.498;0:59.551;0:31.721;288.2;Will STEVENS;;HYPERCAR;;Cadillac Hertz Team Jota;Cadillac;GF;34.498;59.551;31.721;
12;1;13;2:05.385;0;;34.499;0;59.166;0;31.720;0;201.1;32:12.144;14:33:03.307;0:34.499;0:59.166;0:31.720;292.1;Will STEVENS;;HYPERCAR;;Cadillac Hertz Team Jota;Cadillac;GF;34.499;59.166;31.720;
12;1;14;2:06.107;0;;34.638;0;59.590;0;31.879;0;199.9;34:18.251;14:35:09.414;0:34.638;0:59.590;0:31.879;283.7;Will STEVENS;;HYPERCAR;;Cadillac Hertz Team Jota;Cadillac;GF;34.638;59.590;31.879;
12;1;15;2:05.722;0;;34.588;0;59.434;0;31.700;0;200.6;36:23.973;14:37:15.136;0:34.588;0:59.434;0:31.700;296.9;Will STEVENS;;HYPERCAR;;Cadillac Hertz Team Jota;Cadillac;GF;34.588;59.434;31.700;
12;1;16;2:05.552;0;;34.538;0;59.319;0;31.695;0;200.8;38:29.525;14:39:20.688;0:34.538;0:59.319;0:31.695;285.9;Will STEVENS;;HYPERCAR;;Cadillac Hertz Team Jota;Cadillac;GF;34.538;59.319;31.695;
12;1;17;2:07.686;0;;34.426;0;1:00.111;0;33.149;0;197.5;40:37.211;14:41:28.374;0:34.426;1:00.111;0:33.149;287.4;Will STEVENS;;HYPERCAR;;Cadillac Hertz Team Jota;Cadillac;GF;34.426;60.111;33.149;
12;1;18;2:08.757;0;;34.844;0;1:01.768;0;32.145;0;195.8;42:45.968;14:43:37.131;0:34.844;1:01.768;0:32.145;271.6;Will STEVENS;;HYPERCAR;;Cadillac Hertz Team Jota;Cadillac;GF;34.844;61.768;32.145;
12;1;19;2:06.909;0;;34.985;0;1:00.022;0;31.902;0;198.7;44:52.877;14:45:44.040;0:34.985;1:00.022;0:31.902;295.3;Will STEVENS;;HYPERCAR;;Cadillac Hertz Team Jota;Cadillac;GF;34.985;60.022;31.902;
12;1;20;2:05.662;0;;34.751;0;59.303;0;31.608;0;200.7;46:58.539;14:47:49.702;0:34.751;0:59.303;0:31.608;301.0;Will STEVENS;;HYPERCAR;;Cadillac Hertz Team Jota;Cadillac;GF;34.751;59.303;31.608;
12;1;21;2:05.839;0;;34.698;0;59.565;0;31.576;0;200.4;49:04.378;14:49:55.541;0:34.698;0:59.565;0:31.576;299.3;Will STEVENS;;HYPERCAR;;Cadillac Hertz Team Jota;Cadillac;GF;34.698;59.565;31.576;
12;1;22;2:04.891;2;;34.603;0;58.951;0;31.337;2;201.9;51:09.269;14:52:00.432;0:34.603;0:58.951;0:31.337;301.8;Will STEVENS;;HYPERCAR;;Cadillac Hertz Team Jota;Cadillac;GF;34.603;58.951;31.337;
12;1;23;2:04.956;0;;34.585;0;58.909;2;31.462;0;201.8;53:14.225;14:54:05.388;0:34.585;0:58.909;0:31.462;301.0;Will STEVENS;;HYPERCAR;;Cadillac Hertz Team Jota;Cadillac;GF;34.585;58.909;31.462;
12;1;24;2:06.752;0;;34.539;0;1:00.419;0;31.794;0;198.9;55:20.977;14:56:12.140;0:34.539;1:00.419;0:31.794;296.1;Will STEVENS;;HYPERCAR;;Cadillac Hertz Team Jota;Cadillac;GF;34.539;60.419;31.794;
12;1;25;2:07.029;0;;34.188;3;1:01.229;0;31.612;0;198.5;57:28.006;14:58:19.169;0:34.188;1:01.229;0:31.612;306.1;Will STEVENS;;HYPERCAR;;Cadillac Hertz Team Jota;Cadillac;GF;34.188;61.229;31.612;
12;1;26;2:14.747;0;B;34.407;0;1:01.988;0;38.352;0;187.1;59:42.753;15:00:33.916;0:34.407;1:01.988;0:38.352;272.9;Will STEVENS;;HYPERCAR;;Cadillac Hertz Team Jota;Cadillac;GF;34.407;61.988;38.352;
12;1;27;3:02.807;0;;1:30.801;0;1:00.349;0;31.657;0;137.9;1:02:45.560;15:03:36.723;1:30.801;1:00.349;0:31.657;298.5;Will STEVENS;0:01:06.694;HYPERCAR;;Cadillac Hertz Team Jota;Cadillac;GF;90.801;60.349;31.657;
12;1;28;2:06.896;0;;34.435;0;1:00.519;0;31.942;0;198.7;1:04:52.456;15:05:43.619;0:34.435;1:00.519;0:31.942;298.5;Will STEVENS;;HYPERCAR;;Cadillac Hertz Team Jota;Cadillac;GF;34.435;60.519;31.942;
12;1;29;2:06.533;0;;34.842;0;59.755;0;31.936;0;199.3;1:06:58.989;15:07:50.152;0:34.842;0:59.755;0:31.936;298.5;Will STEVENS;;HYPERCAR;;Cadillac Hertz Team Jota;Cadillac;GF;34.842;59.755;31.936;
12;1;30;2:06.194;0;;34.846;0;59.659;0;31.689;0;199.8;1:09:05.183;15:09:56.346;0:34.846;0:59.659;0:31.689;289.7;Will STEVENS;;HYPERCAR;;Cadillac Hertz Team Jota;Cadillac;GF;34.846;59.659;31.689;
12;1;31;2:06.401;0;;35.031;0;59.668;0;31.702;0;199.5;1:11:11.584;15:12:02.747;0:35.031;0:59.668;0:31.702;281.5;Will STEVENS;;HYPERCAR;;Cadillac Hertz Team Jota;Cadillac;GF;35.031;59.668;31.702;
12;1;32;2:07.766;0;;34.762;0;1:01.114;0;31.890;0;197.3;1:13:19.350;15:14:10.513;0:34.762;1:01.114;0:31.890;280.7;Will STEVENS;;HYPERCAR;;Cadillac Hertz Team Jota;Cadillac;GF;34.762;61.114;31.890;
12;1;33;2:06.389;0;;34.665;0;59.964;0;31.760;0;199.5;1:15:25.739;15:16:16.902;0:34.665;0:59.964;0:31.760;300.2;Will STEVENS;;HYPERCAR;;Cadillac Hertz Team Jota;Cadillac;GF;34.665;59.964;31.760;
12;1;34;2:08.325;0;;34.541;0;1:01.170;0;32.614;0;196.5;1:17:34.064;15:18:25.227;0:34.541;1:01.170;0:32.614;286.7;Will STEVENS;;HYPERCAR;;Cadillac Hertz Team Jota;Cadillac;GF;34.541;61.170;32.614;
12;1;35;2:08.371;0;;34.745;0;1:01.069;0;32.557;0;196.4;1:19:42.435;15:20:33.598;0:34.745;1:01.069;0:32.557;292.9;Will STEVENS;;HYPERCAR;;Cadillac Hertz Team Jota;Cadillac;GF;34.745;61.069;32.557;
12;1;36;2:06.425;0;;34.528;0;1:00.435;0;31.462;0;199.4;1:21:48.860;15:22:40.023;0:34.528;1:00.435;0:31.462;281.5;Will STEVENS;;HYPERCAR;;Cadillac Hertz Team Jota;Cadillac;GF;34.528;60.435;31.462;
12;1;37;2:05.614;0;;34.419;0;59.443;0;31.752;0;200.7;1:23:54.474;15:24:45.637;0:34.419;0:59.443;0:31.752;299.3;Will STEVENS;;HYPERCAR;;Cadillac Hertz Team Jota;Cadillac;GF;34.419;59.443;31.752;
12;1;38;2:06.599;0;;34.672;0;59.547;0;32.380;0;199.2;1:26:01.073;15:26:52.236;0:34.672;0:59.547;0:32.380;300.2;Will STEVENS;;HYPERCAR;;Cadillac Hertz Team Jota;Cadillac;GF;34.672;59.547;32.380;
12;1;39;2:06.947;0;;34.811;0;1:00.390;0;31.746;0;198.6;1:28:08.020;15:28:59.183;0:34.811;1:00.390;0:31.746;294.5;Will STEVENS;;HYPERCAR;;Cadillac Hertz Team Jota;Cadillac;GF;34.811;60.390;31.746;
12;1;40;2:07.313;0;;35.820;0;59.820;0;31.673;0;198.0;1:30:15.333;15:31:06.496;0:35.820;0:59.820;0:31.673;296.1;Will STEVENS;;HYPERCAR;;Cadillac Hertz Team Jota;Cadillac;GF;35.820;59.820;31.673;
12;1;41;2:05.932;0;;34.454;0;59.826;0;31.652;0;200.2;1:32:21.265;15:33:12.428;0:34.454;0:59.826;0:31.652;294.5;Will STEVENS;;HYPERCAR;;Cadillac Hertz Team Jota;Cadillac;GF;34.454;59.826;31.652;
12;1;42;2:07.490;0;;35.412;0;59.841;0;32.237;0;197.8;1:34:28.755;15:35:19.918;0:35.412;0:59.841;0:32.237;296.1;Will STEVENS;;HYPERCAR;;Cadillac Hertz Team Jota;Cadillac;GF;35.412;59.841;32.237;
12;1;43;2:09.528;0;;35.018;0;1:02.765;0;31.745;0;194.7;1:36:38.283;15:37:29.446;0:35.018;1:02.765;0:31.745;254.4;Will STEVENS;;HYPERCAR;;Cadillac Hertz Team Jota;Cadillac;GF;35.018;62.765;31.745;
12;1;44;2:06.698;0;;34.735;0;1:00.137;0;31.826;0;199.0;1:38:44.981;15:39:36.144;0:34.735;1:00.137;0:31.826;300.2;Will STEVENS;;HYPERCAR;;Cadillac Hertz Team Jota;Cadillac;GF;34.735;60.137;31.826;
12;1;45;2:07.593;0;;35.073;0;1:00.786;0;31.734;0;197.6;1:40:52.574;15:41:43.737;0:35.073;1:00.786;0:31.734;292.1;Will STEVENS;;HYPERCAR;;Cadillac Hertz Team Jota;Cadillac;GF;35.073;60.786;31.734;
12;1;46;2:07.641;0;;35.831;0;1:00.165;0;31.645;0;197.5;1:43:00.215;15:43:51.378;0:35.831;1:00.165;0:31.645;295.3;Will STEVENS;;HYPERCAR;;Cadillac Hertz Team Jota;Cadillac;GF;35.831;60.165;31.645;
12;1;47;2:06.565;0;;34.590;0;1:00.119;0;31.856;0;199.2;1:45:06.780;15:45:57.943;0:34.590;1:00.119;0:31.856;293.7;Will STEVENS;;HYPERCAR;;Cadillac Hertz Team Jota;Cadillac;GF;34.590;60.119;31.856;
12;1;48;2:06.861;0;;34.691;0;1:00.137;0;32.033;0;198.8;1:47:13.641;15:48:04.804;0:34.691;1:00.137;0:32.033;294.5;Will STEVENS;;HYPERCAR;;Cadillac Hertz Team Jota;Cadillac;GF;34.691;60.137;32.033;
12;1;49;2:06.076;0;;34.721;0;59.825;0;31.530;0;200.0;1:49:19.717;15:50:10.880;0:34.721;0:59.825;0:31.530;310.5;Will STEVENS;;HYPERCAR;;Cadillac Hertz Team Jota;Cadillac;GF;34.721;59.825;31.530;
12;1;50;2:07.810;0;;34.595;0;1:00.468;0;32.747;0;197.3;1:51:27.527;15:52:18.690;0:34.595;1:00.468;0:32.747;304.4;Will STEVENS;;HYPERCAR;;Cadillac Hertz Team Jota;Cadillac;GF;34.595;60.468;32.747;
12;1;51;2:14.606;0;B;34.840;0;1:00.960;0;38.806;0;187.3;1:53:42.133;15:54:33.296;0:34.840;1:00.960;0:38.806;296.9;Will STEVENS;;HYPERCAR;;Cadillac Hertz Team Jota;Cadillac;GF;34.840;60.960;38.806;
12;3;52;3:24.477;0;;1:49.471;0;1:02.950;0;32.056;0;123.3;1:57:06.610;15:57:57.773;1:49.471;1:02.950;0:32.056;257.4;Louis DELÉTRAZ;0:01:21.572;HYPERCAR;;Cadillac Hertz Team Jota;Cadillac;GF;109.471;62.950;32.056;
12;3;53;2:08.935;0;;36.815;0;1:00.144;0;31.976;0;195.6;1:59:15.545;16:00:06.708;0:36.815;1:00.144;0:31.976;295.3;Louis DELÉTRAZ;;HYPERCAR;;Cadillac Hertz Team Jota;Cadillac;GF;36.815;60.144;31.976;
12;3;54;2:06.704;0;;35.449;0;59.481;0;31.774;0;199.0;2:01:22.249;16:02:13.412;0:35.449;0:59.481;0:31.774;282.9;Louis DELÉTRAZ;;HYPERCAR;;Cadillac Hertz Team Jota;Cadillac;GF;35.449;59.481;31.774;
12;3;55;2:05.781;0;;35.158;0;58.985;1;31.638;0;200.5;2:03:28.030;16:04:19.193;0:35.158;0:58.985;0:31.638;285.9;Louis DELÉTRAZ;;HYPERCAR;;Cadillac Hertz Team Jota;Cadillac;GF;35.158;58.985;31.638;
12;3;56;2:08.804;0;;34.954;0;1:01.838;0;32.012;0;195.8;2:05:36.834;16:06:27.997;0:34.954;1:01.838;0:32.012;293.7;Louis DELÉTRAZ;;HYPERCAR;;Cadillac Hertz Team Jota;Cadillac;GF;34.954;61.838;32.012;
12;3;57;2:05.689;0;;35.046;0;59.032;0;31.611;0;200.6;2:07:42.523;16:08:33.686;0:35.046;0:59.032;0:31.611;294.5;Louis DELÉTRAZ;;HYPERCAR;;Cadillac Hertz Team Jota;Cadillac;GF;35.046;59.032;31.611;
12;3;58;2:06.058;0;;34.956;0;59.031;0;32.071;0;200.0;2:09:48.581;16:10:39.744;0:34.956;0:59.031;0:32.071;293.7;Louis DELÉTRAZ;;HYPERCAR;;Cadillac Hertz Team Jota;Cadillac;GF;34.956;59.031;32.071;
12;3;59;2:05.656;0;;35.023;0;59.043;0;31.590;1;200.7;2:11:54.237;16:12:45.400;0:35.023;0:59.043;0:31.590;303.5;Louis DELÉTRAZ;;HYPERCAR;;Cadillac Hertz Team Jota;Cadillac;GF;35.023;59.043;31.590;
12;3;60;2:07.262;0;;34.700;0;1:00.541;0;32.021;0;198.1;2:14:01.499;16:14:52.662;0:34.700;1:00.541;0:32.021;303.5;Louis DELÉTRAZ;;HYPERCAR;;Cadillac Hertz Team Jota;Cadillac;GF;34.700;60.541;32.021;
12;3;61;2:06.019;0;;34.573;0;59.718;0;31.728;0;200.1;2:16:07.518;16:16:58.681;0:34.573;0:59.718;0:31.728;289.0;Louis DELÉTRAZ;;HYPERCAR;;Cadillac Hertz Team Jota;Cadillac;GF;34.573;59.718;31.728;
12;3;62;2:06.557;0;;35.243;0;59.399;0;31.915;0;199.2;2:18:14.075;16:19:05.238;0:35.243;0:59.399;0:31.915;296.9;Louis DELÉTRAZ;;HYPERCAR;;Cadillac Hertz Team Jota;Cadillac;GF;35.243;59.399;31.915;
12;3;63;2:06.707;0;;34.630;0;1:00.160;0;31.917;0;199.0;2:20:20.782;16:21:11.945;0:34.630;1:00.160;0:31.917;304.4;Louis DELÉTRAZ;;HYPERCAR;;Cadillac Hertz Team Jota;Cadillac;GF;34.630;60.160;31.917;
12;3;64;2:06.496;0;;34.752;0;59.478;0;32.266;0;199.3;2:22:27.278;16:23:18.441;0:34.752;0:59.478;0:32.266;303.5;Louis DELÉTRAZ;;HYPERCAR;;Cadillac Hertz Team Jota;Cadillac;GF;34.752;59.478;32.266;
12;3;65;2:05.691;0;;34.672;0;59.395;0;31.624;0;200.6;2:24:32.969;16:25:24.132;0:34.672;0:59.395;0:31.624;299.3;Louis DELÉTRAZ;;HYPERCAR;;Cadillac Hertz Team Jota;Cadillac;GF;34.672;59.395;31.624;
12;3;66;2:07.064;0;;34.891;0;59.805;0;32.368;0;198.4;2:26:40.033;16:27:31.196;0:34.891;0:59.805;0:32.368;301.0;Louis DELÉTRAZ;;HYPERCAR;;Cadillac Hertz Team Jota;Cadillac;GF;34.891;59.805;32.368;
12;3;67;2:05.820;0;;34.755;0;59.423;0;31.642;0;200.4;2:28:45.853;16:29:37.016;0:34.755;0:59.423;0:31.642;303.5;Louis DELÉTRAZ;;HYPERCAR;;Cadillac Hertz Team Jota;Cadillac;GF;34.755;59.423;31.642;
12;3;68;2:06.054;0;;34.805;0;59.481;0;31.768;0;200.0;2:30:51.907;16:31:43.070;0:34.805;0:59.481;0:31.768;301.0;Louis DELÉTRAZ;;HYPERCAR;;Cadillac Hertz Team Jota;Cadillac;GF;34.805;59.481;31.768;
12;3;69;2:06.796;0;;34.785;0;1:00.070;0;31.941;0;198.9;2:32:58.703;16:33:49.866;0:34.785;1:00.070;0:31.941;306.1;Louis DELÉTRAZ;;HYPERCAR;;Cadillac Hertz Team Jota;Cadillac;GF;34.785;60.070;31.941;
12;3;70;2:07.335;0;;34.774;0;1:00.618;0;31.943;0;198.0;2:35:06.038;16:35:57.201;0:34.774;1:00.618;0:31.943;307.8;Louis DELÉTRAZ;;HYPERCAR;;Cadillac Hertz Team Jota;Cadillac;GF;34.774;60.618;31.943;
12;3;71;2:06.173;0;;34.911;0;59.573;0;31.689;0;199.8;2:37:12.211;16:38:03.374;0:34.911;0:59.573;0:31.689;305.2;Louis DELÉTRAZ;;HYPERCAR;;Cadillac Hertz Team Jota;Cadillac;GF;34.911;59.573;31.689;
12;3;72;2:08.126;0;;34.773;0;1:00.827;0;32.526;0;196.8;2:39:20.337;16:40:11.500;0:34.773;1:00.827;0:32.526;300.2;Louis DELÉTRAZ;;HYPERCAR;;Cadillac Hertz Team Jota;Cadillac;GF;34.773;60.827;32.526;
12;3;73;2:07.002;0;;35.175;0;1:00.113;0;31.714;0;198.5;2:41:27.339;16:42:18.502;0:35.175;1:00.113;0:31.714;306.1;Louis DELÉTRAZ;;HYPERCAR;;Cadillac Hertz Team Jota;Cadillac;GF;35.175;60.113;31.714;
12;3;74;2:07.338;0;;35.329;0;59.672;0;32.337;0;198.0;2:43:34.677;16:44:25.840;0:35.329;0:59.672;0:32.337;297.7;Louis DELÉTRAZ;;HYPERCAR;;Cadillac Hertz Team Jota;Cadillac;GF;35.329;59.672;32.337;
12;3;75;3:11.884;0;;34.810;0;1:12.648;0;1:24.426;0;131.4;2:46:46.561;16:47:37.724;0:34.810;1:12.648;1:24.426;309.6;Louis DELÉTRAZ;;HYPERCAR;;Cadillac Hertz Team Jota;Cadillac;FCY;34.810;72.648;84.426;
12;3;76;2:27.538;0;B;48.498;0;1:00.648;0;38.392;0;170.9;2:49:14.099;16:50:05.262;0:48.498;1:00.648;0:38.392;300.2;Louis DELÉTRAZ;;HYPERCAR;;Cadillac Hertz Team Jota;Cadillac;GF;48.498;60.648;38.392;
12;3;77;3:05.975;0;;1:32.238;0;1:01.636;0;32.101;0;135.6;2:52:20.074;16:53:11.237;1:32.238;1:01.636;0:32.101;292.1;Louis DELÉTRAZ;0:01:07.320;HYPERCAR;;Cadillac Hertz Team Jota;Cadillac;GF;92.238;61.636;32.101;
12;3;78;2:07.437;0;;35.415;0;1:00.158;0;31.864;0;197.9;2:54:27.511;16:55:18.674;0:35.415;1:00.158;0:31.864;301.0;Louis DELÉTRAZ;;HYPERCAR;;Cadillac Hertz Team Jota;Cadillac;GF;35.415;60.158;31.864;
12;3;79;2:07.007;0;;35.115;0;1:00.049;0;31.843;0;198.5;2:56:34.518;16:57:25.681;0:35.115;1:00.049;0:31.843;301.0;Louis DELÉTRAZ;;HYPERCAR;;Cadillac Hertz Team Jota;Cadillac;GF;35.115;60.049;31.843;
12;3;80;2:08.661;0;;34.992;0;1:01.414;0;32.255;0;196.0;2:58:43.179;16:59:34.342;0:34.992;1:01.414;0:32.255;296.9;Louis DELÉTRAZ;;HYPERCAR;;Cadillac Hertz Team Jota;Cadillac;GF;34.992;61.414;32.255;
12;3;81;2:08.734;0;;34.979;0;1:01.144;0;32.611;0;195.9;3:00:51.913;17:01:43.076;0:34.979;1:01.144;0:32.611;301.0;Louis DELÉTRAZ;;HYPERCAR;;Cadillac Hertz Team Jota;Cadillac;GF;34.979;61.144;32.611;
12;3;82;2:07.356;0;;35.149;0;1:00.382;0;31.825;0;198.0;3:02:59.269;17:03:50.432;0:35.149;1:00.382;0:31.825;301.8;Louis DELÉTRAZ;;HYPERCAR;;Cadillac Hertz Team Jota;Cadillac;GF;35.149;60.382;31.825;
12;3;83;2:07.355;0;;34.853;0;1:00.484;0;32.018;0;198.0;3:05:06.624;17:05:57.787;0:34.853;1:00.484;0:32.018;304.4;Louis DELÉTRAZ;;HYPERCAR;;Cadillac Hertz Team Jota;Cadillac;GF;34.853;60.484;32.018;
12;3;84;2:08.853;0;;35.440;0;1:01.454;0;31.959;0;195.7;3:07:15.477;17:08:06.640;0:35.440;1:01.454;0:31.959;247.4;Louis DELÉTRAZ;;HYPERCAR;;Cadillac Hertz Team Jota;Cadillac;GF;35.440;61.454;31.959;
12;3;85;2:09.662;0;;36.055;0;1:01.720;0;31.887;0;194.5;3:09:25.139;17:10:16.302;0:36.055;1:01.720;0:31.887;309.6;Louis DELÉTRAZ;;HYPERCAR;;Cadillac Hertz Team Jota;Cadillac;GF;36.055;61.720;31.887;
12;3;86;2:08.314;0;;34.552;0;1:01.843;0;31.919;0;196.5;3:11:33.453;17:12:24.616;0:34.552;1:01.843;0:31.919;309.6;Louis DELÉTRAZ;;HYPERCAR;;Cadillac Hertz Team Jota;Cadillac;GF;34.552;61.843;31.919;
12;3;87;2:05.896;0;;34.520;1;59.779;0;31.597;0;200.3;3:13:39.349;17:14:30.512;0:34.520;0:59.779;0:31.597;307.8;Louis DELÉTRAZ;;HYPERCAR;;Cadillac Hertz Team Jota;Cadillac;GF;34.520;59.779;31.597;
12;3;88;2:06.192;0;;34.590;0;59.937;0;31.665;0;199.8;3:15:45.541;17:16:36.704;0:34.590;0:59.937;0:31.665;303.5;Louis DELÉTRAZ;;HYPERCAR;;Cadillac Hertz Team Jota;Cadillac;GF;34.590;59.937;31.665;
12;3;89;2:08.156;0;;34.715;0;1:00.561;0;32.880;0;196.7;3:17:53.697;17:18:44.860;0:34.715;1:00.561;0:32.880;293.7;Louis DELÉTRAZ;;HYPERCAR;;Cadillac Hertz Team Jota;Cadillac;GF;34.715;60.561;32.880;
12;3;90;2:08.533;0;;34.680;0;1:01.953;0;31.900;0;196.2;3:20:02.230;17:20:53.393;0:34.680;1:01.953;0:31.900;296.1;Louis DELÉTRAZ;;HYPERCAR;;Cadillac Hertz Team Jota;Cadillac;GF;34.680;61.953;31.900;
12;3;91;2:07.562;0;;34.760;0;1:00.397;0;32.405;0;197.7;3:22:09.792;17:23:00.955;0:34.760;1:00.397;0:32.405;293.7;Louis DELÉTRAZ;;HYPERCAR;;Cadillac Hertz Team Jota;Cadillac;GF;34.760;60.397;32.405;
12;3;92;2:08.656;0;;34.782;0;1:01.492;0;32.382;0;196.0;3:24:18.448;17:25:09.611;0:34.782;1:01.492;0:32.382;304.4;Louis DELÉTRAZ;;HYPERCAR;;Cadillac Hertz Team Jota;Cadillac;GF;34.782;61.492;32.382;
12;3;93;2:06.517;0;;34.861;0;1:00.027;0;31.629;0;199.3;3:26:24.965;17:27:16.128;0:34.861;1:00.027;0:31.629;301.0;Louis DELÉTRAZ;;HYPERCAR;;Cadillac Hertz Team Jota;Cadillac;GF;34.861;60.027;31.629;
12;3;94;2:07.515;0;;34.726;0;1:01.061;0;31.728;0;197.7;3:28:32.480;17:29:23.643;0:34.726;1:01.061;0:31.728;292.1;Louis DELÉTRAZ;;HYPERCAR;;Cadillac Hertz Team Jota;Cadillac;GF;34.726;61.061;31.728;
12;3;95;2:06.996;0;;34.873;0;1:00.451;0;31.672;0;198.5;3:30:39.476;17:31:30.639;0:34.873;1:00.451;0:31.672;302.7;Louis DELÉTRAZ;;HYPERCAR;;Cadillac Hertz Team Jota;Cadillac;GF;34.873;60.451;31.672;
12;3;96;2:06.125;0;;34.666;0;59.726;0;31.733;0;199.9;3:32:45.601;17:33:36.764;0:34.666;0:59.726;0:31.733;301.8;Louis DELÉTRAZ;;HYPERCAR;;Cadillac Hertz Team Jota;Cadillac;GF;34.666;59.726;31.733;
12;3;97;2:07.188;0;;34.594;0;1:00.695;0;31.899;0;198.2;3:34:52.789;17:35:43.952;0:34.594;1:00.695;0:31.899;300.2;Louis DELÉTRAZ;;HYPERCAR;;Cadillac Hertz Team Jota;Cadillac;GF;34.594;60.695;31.899;
12;3;98;2:06.478;0;;34.653;0;1:00.153;0;31.672;0;199.4;3:36:59.267;17:37:50.430;0:34.653;1:00.153;0:31.672;289.0;Louis DELÉTRAZ;;HYPERCAR;;Cadillac Hertz Team Jota;Cadillac;GF;34.653;60.153;31.672;
12;3;99;2:07.233;0;;34.624;0;1:00.274;0;32.335;0;198.2;3:39:06.500;17:39:57.663;0:34.624;1:00.274;0:32.335;281.5;Louis DELÉTRAZ;;HYPERCAR;;Cadillac Hertz Team Jota;Cadillac;GF;34.624;60.274;32.335;
12;3;100;2:07.188;0;;34.834;0;1:00.434;0;31.920;0;198.2;3:41:13.688;17:42:04.851;0:34.834;1:00.434;0:31.920;307.8;Louis DELÉTRAZ;;HYPERCAR;;Cadillac Hertz Team Jota;Cadillac;GF;34.834;60.434;31.920;
12;3;101;2:15.610;0;B;34.604;0;1:00.640;0;40.366;0;185.9;3:43:29.298;17:44:20.461;0:34.604;1:00.640;0:40.366;311.4;Louis DELÉTRAZ;;HYPERCAR;;Cadillac Hertz Team Jota;Cadillac;GF;34.604;60.640;40.366;
12;2;102;3:27.387;0;;1:53.454;0;1:01.548;0;32.385;0;121.6;3:46:56.685;17:47:47.848;1:53.454;1:01.548;0:32.385;248.5;Norman NATO;0:01:26.177;HYPERCAR;;Cadillac Hertz Team Jota;Cadillac;GF;113.454;61.548;32.385;
12;2;103;2:06.649;0;;35.022;0;59.596;0;32.031;0;199.1;3:49:03.334;17:49:54.497;0:35.022;0:59.596;0:32.031;296.9;Norman NATO;;HYPERCAR;;Cadillac Hertz Team Jota;Cadillac;GF;35.022;59.596;32.031;
12;2;104;2:52.653;0;;35.331;0;58.978;1;1:18.344;0;146.0;3:51:55.987;17:52:47.150;0:35.331;0:58.978;1:18.344;287.4;Norman NATO;;HYPERCAR;;Cadillac Hertz Team Jota;Cadillac;GF;35.331;58.978;78.344;
12;2;105;5:18.679;0;B;1:41.224;0;2:08.115;0;1:29.340;0;79.1;3:57:14.666;17:58:05.829;1:41.224;2:08.115;1:29.340;79.9;Norman NATO;;HYPERCAR;;Cadillac Hertz Team Jota;Cadillac;GF;101.224;128.115;89.340;
12;2;106;5:20.737;0;;1:54.497;0;2:08.155;0;1:18.085;0;78.6;4:02:35.403;18:03:26.566;1:54.497;2:08.155;1:18.085;79.9;Norman NATO;0:00:35.153;HYPERCAR;;Cadillac Hertz Team Jota;Cadillac;SF;114.497;128.155;78.085;
12;2;107;2:51.135;0;;51.064;0;1:14.797;0;45.274;0;147.3;4:05:26.538;18:06:17.701;0:51.064;1:14.797;0:45.274;174.2;Norman NATO;;HYPERCAR;;Cadillac Hertz Team Jota;Cadillac;SF;51.064;74.797;45.274;
12;2;108;4:30.030;0;;1:08.661;0;2:02.595;0;1:18.774;0;93.4;4:09:56.568;18:10:47.731;1:08.661;2:02.595;1:18.774;102.3;Norman NATO;;HYPERCAR;;Cadillac Hertz Team Jota;Cadillac;SF;68.661;122.595;78.774;
12;2;109;4:27.871;0;;1:23.115;0;1:48.047;0;1:16.709;0;94.1;4:14:24.439;18:15:15.602;1:23.115;1:48.047;1:16.709;90.4;Norman NATO;;HYPERCAR;;Cadillac Hertz Team Jota;Cadillac;SF;83.115;108.047;76.709;
12;2;110;3:09.334;0;;1:03.614;0;1:15.798;0;49.922;0;133.2;4:17:33.773;18:18:24.936;1:03.614;1:15.798;0:49.922;198.5;Norman NATO;;HYPERCAR;;Cadillac Hertz Team Jota;Cadillac;GF;63.614;75.798;49.922;
12;2;111;2:07.716;0;;35.232;0;1:00.575;0;31.909;0;197.4;4:19:41.489;18:20:32.652;0:35.232;1:00.575;0:31.909;289.7;Norman NATO;;HYPERCAR;;Cadillac Hertz Team Jota;Cadillac;GF;35.232;60.575;31.909;
12;2;112;2:05.661;0;;34.729;0;59.149;0;31.783;0;200.7;4:21:47.150;18:22:38.313;0:34.729;0:59.149;0:31.783;305.2;Norman NATO;;HYPERCAR;;Cadillac Hertz Team Jota;Cadillac;GF;34.729;59.149;31.783;
12;2;113;2:05.380;0;;34.681;0;59.068;0;31.631;0;201.1;4:23:52.530;18:24:43.693;0:34.681;0:59.068;0:31.631;298.5;Norman NATO;;HYPERCAR;;Cadillac Hertz Team Jota;Cadillac;GF;34.681;59.068;31.631;
12;2;114;2:05.905;0;;34.636;0;59.458;0;31.811;0;200.3;4:25:58.435;18:26:49.598;0:34.636;0:59.458;0:31.811;299.3;Norman NATO;;HYPERCAR;;Cadillac Hertz Team Jota;Cadillac;GF;34.636;59.458;31.811;
12;2;115;2:05.999;0;;34.648;0;59.599;0;31.752;0;200.1;4:28:04.434;18:28:55.597;0:34.648;0:59.599;0:31.752;291.3;Norman NATO;;HYPERCAR;;Cadillac Hertz Team Jota;Cadillac;GF;34.648;59.599;31.752;
12;2;116;2:06.127;0;;34.553;0;59.775;0;31.799;0;199.9;4:30:10.561;18:31:01.724;0:34.553;0:59.775;0:31.799;299.3;Norman NATO;;HYPERCAR;;Cadillac Hertz Team Jota;Cadillac;GF;34.553;59.775;31.799;
12;2;117;2:05.793;0;;34.569;0;59.509;0;31.715;0;200.4;4:32:16.354;18:33:07.517;0:34.569;0:59.509;0:31.715;298.5;Norman NATO;;HYPERCAR;;Cadillac Hertz Team Jota;Cadillac;GF;34.569;59.509;31.715;
12;2;118;2:06.410;0;;34.591;0;59.654;0;32.165;0;199.5;4:34:22.764;18:35:13.927;0:34.591;0:59.654;0:32.165;296.1;Norman NATO;;HYPERCAR;;Cadillac Hertz Team Jota;Cadillac;GF;34.591;59.654;32.165;
12;2;119;2:09.216;0;;34.859;0;1:01.881;0;32.476;0;195.1;4:36:31.980;18:37:23.143;0:34.859;1:01.881;0:32.476;270.9;Norman NATO;;HYPERCAR;;Cadillac Hertz Team Jota;Cadillac;GF;34.859;61.881;32.476;
12;2;120;2:11.731;0;;36.044;0;1:03.163;0;32.524;0;191.4;4:38:43.711;18:39:34.874;0:36.044;1:03.163;0:32.524;262.4;Norman NATO;;HYPERCAR;;Cadillac Hertz Team Jota;Cadillac;GF;36.044;63.163;32.524;
12;2;121;2:09.396;0;;36.208;0;1:01.357;0;31.831;0;194.9;4:40:53.107;18:41:44.270;0:36.208;1:01.357;0:31.831;255.6;Norman NATO;;HYPERCAR;;Cadillac Hertz Team Jota;Cadillac;GF;36.208;61.357;31.831;
12;2;122;2:06.402;0;;34.663;0;1:00.003;0;31.736;0;199.5;4:42:59.509;18:43:50.672;0:34.663;1:00.003;0:31.736;304.4;Norman NATO;;HYPERCAR;;Cadillac Hertz Team Jota;Cadillac;GF;34.663;60.003;31.736;
12;2;123;2:05.902;0;;34.499;1;59.600;0;31.803;0;200.3;4:45:05.411;18:45:56.574;0:34.499;0:59.600;0:31.803;307.0;Norman NATO;;HYPERCAR;;Cadillac Hertz Team Jota;Cadillac;GF;34.499;59.600;31.803;
12;2;124;2:08.271;0;;35.377;0;1:00.955;0;31.939;0;196.6;4:47:13.682;18:48:04.845;0:35.377;1:00.955;0:31.939;304.4;Norman NATO;;HYPERCAR;;Cadillac Hertz Team Jota;Cadillac;GF;35.377;60.955;31.939;
12;2;125;2:06.879;0;;34.564;0;1:00.176;0;32.139;0;198.7;4:49:20.561;18:50:11.724;0:34.564;1:00.176;0:32.139;305.2;Norman NATO;;HYPERCAR;;Cadillac Hertz Team Jota;Cadillac;GF;34.564;60.176;32.139;
12;2;126;2:07.718;0;;34.769;0;1:00.362;0;32.587;0;197.4;4:51:28.279;18:52:19.442;0:34.769;1:00.362;0:32.587;295.3;Norman NATO;;HYPERCAR;;Cadillac Hertz Team Jota;Cadillac;GF;34.769;60.362;32.587;
12;2;127;2:08.448;0;;34.951;0;1:01.435;0;32.062;0;196.3;4:53:36.727;18:54:27.890;0:34.951;1:01.435;0:32.062;292.9;Norman NATO;;HYPERCAR;;Cadillac Hertz Team Jota;Cadillac;GF;34.951;61.435;32.062;
12;2;128;2:07.057;0;;34.889;0;1:00.092;0;32.076;0;198.4;4:55:43.784;18:56:34.947;0:34.889;1:00.092;0:32.076;298.5;Norman NATO;;HYPERCAR;;Cadillac Hertz Team Jota;Cadillac;GF;34.889;60.092;32.076;
12;2;129;2:12.384;0;;34.827;0;1:03.008;0;34.549;0;190.5;4:57:56.168;18:58:47.331;0:34.827;1:03.008;0:34.549;289.7;Norman NATO;;HYPERCAR;;Cadillac Hertz Team Jota;Cadillac;GF;34.827;63.008;34.549;
12;2;130;2:15.239;0;;36.945;0;1:02.363;0;35.931;0;186.4;5:00:11.407;19:01:02.570;0:36.945;1:02.363;0:35.931;263.0;Norman NATO;;HYPERCAR;;Cadillac Hertz Team Jota;Cadillac;GF;36.945;62.363;35.931;
12;2;131;3:51.193;0;;37.280;0;1:48.802;0;1:25.111;0;109.1;5:04:02.600;19:04:53.763;0:37.280;1:48.802;1:25.111;261.7;Norman NATO;;HYPERCAR;;Cadillac Hertz Team Jota;Cadillac;GF;37.280;108.802;85.111;
12;2;132;5:18.658;0;B;1:41.444;0;2:07.909;0;1:29.305;0;79.1;5:09:21.258;19:10:12.421;1:41.444;2:07.909;1:29.305;80.0;Norman NATO;;HYPERCAR;;Cadillac Hertz Team Jota;Cadillac;GF;101.444;127.909;89.305;
12;2;133;4:56.637;0;;2:38.784;0;1:37.958;0;39.895;0;85.0;5:14:17.895;19:15:09.058;2:38.784;1:37.958;0:39.895;79.6;Norman NATO;0:01:17.357;HYPERCAR;;Cadillac Hertz Team Jota;Cadillac;SF;158.784;97.958;39.895;
12;2;134;4:26.925;0;;1:10.450;0;1:58.917;0;1:17.558;0;94.5;5:18:44.820;19:19:35.983;1:10.450;1:58.917;1:17.558;88.5;Norman NATO;;HYPERCAR;;Cadillac Hertz Team Jota;Cadillac;SF;70.450;118.917;77.558;
12;2;135;4:00.868;0;;1:32.404;0;1:30.508;0;57.956;0;104.7;5:22:45.688;19:23:36.851;1:32.404;1:30.508;0:57.956;67.8;Norman NATO;;HYPERCAR;;Cadillac Hertz Team Jota;Cadillac;SF;92.404;90.508;57.956;
12;2;136;2:58.010;0;;50.704;0;1:18.375;0;48.931;0;141.6;5:25:43.698;19:26:34.861;0:50.704;1:18.375;0:48.931;170.9;Norman NATO;;HYPERCAR;;Cadillac Hertz Team Jota;Cadillac;GF;50.704;78.375;48.931;
12;2;137;2:34.101;0;;38.113;0;1:14.439;0;41.549;0;163.6;5:28:17.799;19:29:08.962;0:38.113;1:14.439;0:41.549;210.8;Norman NATO;;HYPERCAR;;Cadillac Hertz Team Jota;Cadillac;SF;38.113;74.439;41.549;
12;2;138;4:15.246;0;;1:18.364;0;1:45.151;0;1:11.731;0;98.8;5:32:33.045;19:33:24.208;1:18.364;1:45.151;1:11.731;60.9;Norman NATO;;HYPERCAR;;Cadillac Hertz Team Jota;Cadillac;SF;78.364;105.151;71.731;
12;2;139;3:41.835;0;;1:32.114;0;1:22.737;0;46.984;0;113.7;5:36:14.880;19:37:06.043;1:32.114;1:22.737;0:46.984;109.7;Norman NATO;;HYPERCAR;;Cadillac Hertz Team Jota;Cadillac;GF;92.114;82.737;46.984;
12;2;140;2:11.394;0;;38.236;0;1:01.628;0;31.530;1;191.9;5:38:26.274;19:39:17.437;0:38.236;1:01.628;0:31.530;239.7;Norman NATO;;HYPERCAR;;Cadillac Hertz Team Jota;Cadillac;GF;38.236;61.628;31.530;
12;2;141;2:07.208;0;;34.849;0;1:00.196;0;32.163;0;198.2;5:40:33.482;19:41:24.645;0:34.849;1:00.196;0:32.163;303.5;Norman NATO;;HYPERCAR;;Cadillac Hertz Team Jota;Cadillac;GF;34.849;60.196;32.163;
12;2;142;2:07.060;0;;35.053;0;1:00.019;0;31.988;0;198.4;5:42:40.542;19:43:31.705;0:35.053;1:00.019;0:31.988;304.4;Norman NATO;;HYPERCAR;;Cadillac Hertz Team Jota;Cadillac;GF;35.053;60.019;31.988;
12;2;143;2:06.818;0;;35.001;0;59.938;0;31.879;0;198.8;5:44:47.360;19:45:38.523;0:35.001;0:59.938;0:31.879;303.5;Norman NATO;;HYPERCAR;;Cadillac Hertz Team Jota;Cadillac;GF;35.001;59.938;31.879;
12;2;144;2:06.441;0;;34.712;0;59.825;0;31.904;0;199.4;5:46:53.801;19:47:44.964;0:34.712;0:59.825;0:31.904;298.5;Norman NATO;;HYPERCAR;;Cadillac Hertz Team Jota;Cadillac;GF;34.712;59.825;31.904;
12;2;145;2:06.703;0;;34.713;0;59.842;0;32.148;0;199.0;5:49:00.504;19:49:51.667;0:34.713;0:59.842;0:32.148;309.6;Norman NATO;;HYPERCAR;;Cadillac Hertz Team Jota;Cadillac;GF;34.713;59.842;32.148;
12;2;146;2:06.488;0;;34.712;0;1:00.044;0;31.732;0;199.3;5:51:06.992;19:51:58.155;0:34.712;1:00.044;0:31.732;311.4;Norman NATO;;HYPERCAR;;Cadillac Hertz Team Jota;Cadillac;GF;34.712;60.044;31.732;
12;2;147;2:06.603;0;;34.942;0;59.720;0;31.941;0;199.2;5:53:13.595;19:54:04.758;0:34.942;0:59.720;0:31.941;309.6;Norman NATO;;HYPERCAR;;Cadillac Hertz Team Jota;Cadillac;GF;34.942;59.720;31.941;
12;2;148;2:06.702;0;;34.792;0;1:00.032;0;31.878;0;199.0;5:55:20.297;19:56:11.460;0:34.792;1:00.032;0:31.878;311.4;Norman NATO;;HYPERCAR;;Cadillac Hertz Team Jota;Cadillac;GF;34.792;60.032;31.878;
12;2;149;2:08.269;0;;34.934;0;1:00.484;0;32.851;0;196.6;5:57:28.566;19:58:19.729;0:34.934;1:00.484;0:32.851;307.0;Norman NATO;;HYPERCAR;;Cadillac Hertz Team Jota;Cadillac;GF;34.934;60.484;32.851;
12;2;150;2:11.244;0;;34.727;0;1:02.070;0;34.447;0;192.1;5:59:39.810;20:00:30.973;0:34.727;1:02.070;0:34.447;303.5;Norman NATO;;HYPERCAR;;Cadillac Hertz Team Jota;Cadillac;GF;34.727;62.070;34.447;
12;2;151;2:09.063;0;;35.237;0;1:00.987;0;32.839;0;195.4;6:01:48.873;20:02:40.036;0:35.237;1:00.987;0:32.839;301.8;Norman NATO;;HYPERCAR;;Cadillac Hertz Team Jota;Cadillac;FF;35.237;60.987;32.839;
15;1;1;2:07.680;0;;36.050;0;59.720;0;31.910;0;194.0;2:07.680;14:02:58.843;0:36.050;0:59.720;0:31.910;299.3;Kevin MAGNUSSEN;;HYPERCAR;;BMW M Team WRT;BMW;GF;36.050;59.720;31.910;
15;1;2;2:05.568;0;;34.764;0;59.086;0;31.718;0;200.8;4:13.248;14:05:04.411;0:34.764;0:59.086;0:31.718;301.8;Kevin MAGNUSSEN;;HYPERCAR;;BMW M Team WRT;BMW;GF;34.764;59.086;31.718;
15;1;3;2:05.253;0;;34.859;0;58.629;1;31.765;0;201.3;6:18.501;14:07:09.664;0:34.859;0:58.629;0:31.765;302.7;Kevin MAGNUSSEN;;HYPERCAR;;BMW M Team WRT;BMW;GF;34.859;58.629;31.765;
15;1;4;2:05.473;0;;34.646;0;58.990;0;31.837;0;201.0;8:23.974;14:09:15.137;0:34.646;0:58.990;0:31.837;301.8;Kevin MAGNUSSEN;;HYPERCAR;;BMW M Team WRT;BMW;GF;34.646;58.990;31.837;
15;1;5;2:05.493;0;;34.837;0;58.902;0;31.754;0;200.9;10:29.467;14:11:20.630;0:34.837;0:58.902;0:31.754;292.1;Kevin MAGNUSSEN;;HYPERCAR;;BMW M Team WRT;BMW;GF;34.837;58.902;31.754;
15;1;6;2:06.021;0;;34.697;0;59.389;0;31.935;0;200.1;12:35.488;14:13:26.651;0:34.697;0:59.389;0:31.935;293.7;Kevin MAGNUSSEN;;HYPERCAR;;BMW M Team WRT;BMW;GF;34.697;59.389;31.935;
15;1;7;2:27.665;0;;34.727;0;59.293;0;53.645;0;170.8;15:03.153;14:15:54.316;0:34.727;0:59.293;0:53.645;290.5;Kevin MAGNUSSEN;;HYPERCAR;;BMW M Team WRT;BMW;SF;34.727;59.293;53.645;
15;1;8;4:46.067;0;;1:27.533;0;1:57.114;0;1:21.420;0;88.1;19:49.220;14:20:40.383;1:27.533;1:57.114;1:21.420;78.9;Kevin MAGNUSSEN;;HYPERCAR;;BMW M Team WRT;BMW;SF;87.533;117.114;81.420;
15;1;9;3:07.786;0;;1:07.532;0;1:19.458;0;40.796;0;134.3;22:57.006;14:23:48.169;1:07.532;1:19.458;0:40.796;142.8;Kevin MAGNUSSEN;;HYPERCAR;;BMW M Team WRT;BMW;SF;67.532;79.458;40.796;
15;1;10;3:00.582;0;;47.650;0;1:20.624;0;52.308;0;139.6;25:57.588;14:26:48.751;0:47.650;1:20.624;0:52.308;211.2;Kevin MAGNUSSEN;;HYPERCAR;;BMW M Team WRT;BMW;GF;47.650;80.624;52.308;
15;1;11;2:06.339;0;;35.063;0;59.490;0;31.786;0;199.6;28:03.927;14:28:55.090;0:35.063;0:59.490;0:31.786;304.4;Kevin MAGNUSSEN;;HYPERCAR;;BMW M Team WRT;BMW;GF;35.063;59.490;31.786;
15;1;12;2:05.709;0;;34.654;0;59.391;0;31.664;0;200.6;30:09.636;14:31:00.799;0:34.654;0:59.391;0:31.664;294.5;Kevin MAGNUSSEN;;HYPERCAR;;BMW M Team WRT;BMW;GF;34.654;59.391;31.664;
15;1;13;2:05.468;0;;34.625;0;59.273;0;31.570;0;201.0;32:15.104;14:33:06.267;0:34.625;0:59.273;0:31.570;293.7;Kevin MAGNUSSEN;;HYPERCAR;;BMW M Team WRT;BMW;GF;34.625;59.273;31.570;
15;1;14;2:05.740;0;;34.646;0;59.331;0;31.763;0;200.5;34:20.844;14:35:12.007;0:34.646;0:59.331;0:31.763;293.7;Kevin MAGNUSSEN;;HYPERCAR;;BMW M Team WRT;BMW;GF;34.646;59.331;31.763;
15;1;15;2:06.211;0;;34.644;0;59.904;0;31.663;0;199.8;36:27.055;14:37:18.218;0:34.644;0:59.904;0:31.663;294.5;Kevin MAGNUSSEN;;HYPERCAR;;BMW M Team WRT;BMW;GF;34.644;59.904;31.663;
15;1;16;2:06.173;0;;34.772;0;59.701;0;31.700;0;199.8;38:33.228;14:39:24.391;0:34.772;0:59.701;0:31.700;312.3;Kevin MAGNUSSEN;;HYPERCAR;;BMW M Team WRT;BMW;GF;34.772;59.701;31.700;
15;1;17;2:06.675;0;;34.674;0;1:00.095;0;31.906;0;199.0;40:39.903;14:41:31.066;0:34.674;1:00.095;0:31.906;296.1;Kevin MAGNUSSEN;;HYPERCAR;;BMW M Team WRT;BMW;GF;34.674;60.095;31.906;
15;1;18;2:11.862;0;;35.252;0;1:03.858;0;32.752;0;191.2;42:51.765;14:43:42.928;0:35.252;1:03.858;0:32.752;293.7;Kevin MAGNUSSEN;;HYPERCAR;;BMW M Team WRT;BMW;GF;35.252;63.858;32.752;
15;1;19;2:08.262;0;;34.581;0;1:01.318;0;32.363;0;196.6;45:00.027;14:45:51.190;0:34.581;1:01.318;0:32.363;295.3;Kevin MAGNUSSEN;;HYPERCAR;;BMW M Team WRT;BMW;GF;34.581;61.318;32.363;
15;1;20;2:05.645;0;;34.665;0;59.338;0;31.642;0;200.7;47:05.672;14:47:56.835;0:34.665;0:59.338;0:31.642;292.1;Kevin MAGNUSSEN;;HYPERCAR;;BMW M Team WRT;BMW;GF;34.665;59.338;31.642;
15;1;21;2:05.197;0;;34.590;0;59.075;0;31.532;0;201.4;49:10.869;14:50:02.032;0:34.590;0:59.075;0:31.532;292.9;Kevin MAGNUSSEN;;HYPERCAR;;BMW M Team WRT;BMW;GF;34.590;59.075;31.532;
15;1;22;2:05.451;0;;34.613;0;59.076;0;31.762;0;201.0;51:16.320;14:52:07.483;0:34.613;0:59.076;0:31.762;294.5;Kevin MAGNUSSEN;;HYPERCAR;;BMW M Team WRT;BMW;GF;34.613;59.076;31.762;
15;1;23;2:05.318;0;;34.618;0;59.223;0;31.477;0;201.2;53:21.638;14:54:12.801;0:34.618;0:59.223;0:31.477;294.5;Kevin MAGNUSSEN;;HYPERCAR;;BMW M Team WRT;BMW;GF;34.618;59.223;31.477;
15;1;24;2:05.068;0;;34.618;0;58.983;0;31.467;1;201.6;55:26.706;14:56:17.869;0:34.618;0:58.983;0:31.467;297.7;Kevin MAGNUSSEN;;HYPERCAR;;BMW M Team WRT;BMW;GF;34.618;58.983;31.467;
15;1;25;2:07.794;0;;34.515;0;1:00.147;0;33.132;0;197.3;57:34.500;14:58:25.663;0:34.515;1:00.147;0:33.132;302.7;Kevin MAGNUSSEN;;HYPERCAR;;BMW M Team WRT;BMW;GF;34.515;60.147;33.132;
15;1;26;2:08.679;0;;34.556;0;1:01.487;0;32.636;0;195.9;59:43.179;15:00:34.342;0:34.556;1:01.487;0:32.636;301.8;Kevin MAGNUSSEN;;HYPERCAR;;BMW M Team WRT;BMW;GF;34.556;61.487;32.636;
15;1;27;2:14.023;0;B;36.540;0;59.869;0;37.614;0;188.1;1:01:57.202;15:02:48.365;0:36.540;0:59.869;0:37.614;289.0;Kevin MAGNUSSEN;;HYPERCAR;;BMW M Team WRT;BMW;GF;36.540;59.869;37.614;
15;1;28;3:05.890;0;;1:33.998;0;59.985;0;31.907;0;135.6;1:05:03.092;15:05:54.255;1:33.998;0:59.985;0:31.907;305.2;Kevin MAGNUSSEN;0:01:08.358;HYPERCAR;;BMW M Team WRT;BMW;GF;93.998;59.985;31.907;
15;1;29;2:07.807;0;;34.640;0;1:00.998;0;32.169;0;197.3;1:07:10.899;15:08:02.062;0:34.640;1:00.998;0:32.169;314.1;Kevin MAGNUSSEN;;HYPERCAR;;BMW M Team WRT;BMW;GF;34.640;60.998;32.169;
15;1;30;2:07.152;0;;34.934;0;1:00.182;0;32.036;0;198.3;1:09:18.051;15:10:09.214;0:34.934;1:00.182;0:32.036;297.7;Kevin MAGNUSSEN;;HYPERCAR;;BMW M Team WRT;BMW;GF;34.934;60.182;32.036;
15;1;31;2:07.220;0;;34.825;0;1:00.135;0;32.260;0;198.2;1:11:25.271;15:12:16.434;0:34.825;1:00.135;0:32.260;297.7;Kevin MAGNUSSEN;;HYPERCAR;;BMW M Team WRT;BMW;GF;34.825;60.135;32.260;
15;1;32;2:06.375;0;;34.693;0;59.863;0;31.819;0;199.5;1:13:31.646;15:14:22.809;0:34.693;0:59.863;0:31.819;311.4;Kevin MAGNUSSEN;;HYPERCAR;;BMW M Team WRT;BMW;GF;34.693;59.863;31.819;
15;1;33;2:07.892;0;;34.899;0;59.695;0;33.298;0;197.2;1:15:39.538;15:16:30.701;0:34.899;0:59.695;0:33.298;292.9;Kevin MAGNUSSEN;;HYPERCAR;;BMW M Team WRT;BMW;GF;34.899;59.695;33.298;
15;1;34;2:07.609;0;;34.860;0;1:00.043;0;32.706;0;197.6;1:17:47.147;15:18:38.310;0:34.860;1:00.043;0:32.706;307.0;Kevin MAGNUSSEN;;HYPERCAR;;BMW M Team WRT;BMW;GF;34.860;60.043;32.706;
15;1;35;2:07.912;0;;34.891;0;1:01.113;0;31.908;0;197.1;1:19:55.059;15:20:46.222;0:34.891;1:01.113;0:31.908;307.8;Kevin MAGNUSSEN;;HYPERCAR;;BMW M Team WRT;BMW;GF;34.891;61.113;31.908;
15;1;36;2:08.212;0;;34.595;0;1:01.603;0;32.014;0;196.7;1:22:03.271;15:22:54.434;0:34.595;1:01.603;0:32.014;308.7;Kevin MAGNUSSEN;;HYPERCAR;;BMW M Team WRT;BMW;GF;34.595;61.603;32.014;
15;1;37;2:05.774;0;;34.663;0;59.379;0;31.732;0;200.5;1:24:09.045;15:25:00.208;0:34.663;0:59.379;0:31.732;308.7;Kevin MAGNUSSEN;;HYPERCAR;;BMW M Team WRT;BMW;GF;34.663;59.379;31.732;
15;1;38;2:05.869;0;;34.558;0;59.620;0;31.691;0;200.3;1:26:14.914;15:27:06.077;0:34.558;0:59.620;0:31.691;310.5;Kevin MAGNUSSEN;;HYPERCAR;;BMW M Team WRT;BMW;GF;34.558;59.620;31.691;
15;1;39;2:06.253;0;;34.610;0;59.839;0;31.804;0;199.7;1:28:21.167;15:29:12.330;0:34.610;0:59.839;0:31.804;309.6;Kevin MAGNUSSEN;;HYPERCAR;;BMW M Team WRT;BMW;GF;34.610;59.839;31.804;
15;1;40;2:06.593;0;;34.691;0;1:00.150;0;31.752;0;199.2;1:30:27.760;15:31:18.923;0:34.691;1:00.150;0:31.752;309.6;Kevin MAGNUSSEN;;HYPERCAR;;BMW M Team WRT;BMW;GF;34.691;60.150;31.752;
15;1;41;2:06.298;0;;34.573;0;59.987;0;31.738;0;199.6;1:32:34.058;15:33:25.221;0:34.573;0:59.987;0:31.738;311.4;Kevin MAGNUSSEN;;HYPERCAR;;BMW M Team WRT;BMW;GF;34.573;59.987;31.738;
15;1;42;2:07.648;0;;35.120;0;59.871;0;32.657;0;197.5;1:34:41.706;15:35:32.869;0:35.120;0:59.871;0:32.657;301.8;Kevin MAGNUSSEN;;HYPERCAR;;BMW M Team WRT;BMW;GF;35.120;59.871;32.657;
15;1;43;2:08.321;0;;34.564;0;1:00.707;0;33.050;0;196.5;1:36:50.027;15:37:41.190;0:34.564;1:00.707;0:33.050;309.6;Kevin MAGNUSSEN;;HYPERCAR;;BMW M Team WRT;BMW;GF;34.564;60.707;33.050;
15;1;44;2:10.144;0;;36.635;0;1:01.672;0;31.837;0;193.7;1:39:00.171;15:39:51.334;0:36.635;1:01.672;0:31.837;307.8;Kevin MAGNUSSEN;;HYPERCAR;;BMW M Team WRT;BMW;GF;36.635;61.672;31.837;
15;1;45;2:06.725;0;;34.669;0;1:00.278;0;31.778;0;199.0;1:41:06.896;15:41:58.059;0:34.669;1:00.278;0:31.778;306.1;Kevin MAGNUSSEN;;HYPERCAR;;BMW M Team WRT;BMW;GF;34.669;60.278;31.778;
15;1;46;2:08.102;0;;35.005;0;59.963;0;33.134;0;196.8;1:43:14.998;15:44:06.161;0:35.005;0:59.963;0:33.134;308.7;Kevin MAGNUSSEN;;HYPERCAR;;BMW M Team WRT;BMW;GF;35.005;59.963;33.134;
15;1;47;2:06.327;0;;34.774;0;59.962;0;31.591;0;199.6;1:45:21.325;15:46:12.488;0:34.774;0:59.962;0:31.591;309.6;Kevin MAGNUSSEN;;HYPERCAR;;BMW M Team WRT;BMW;GF;34.774;59.962;31.591;
15;1;48;2:05.322;0;;34.502;0;59.323;0;31.497;0;201.2;1:47:26.647;15:48:17.810;0:34.502;0:59.323;0:31.497;309.6;Kevin MAGNUSSEN;;HYPERCAR;;BMW M Team WRT;BMW;GF;34.502;59.323;31.497;
15;1;49;2:05.361;0;;34.399;0;59.478;0;31.484;0;201.1;1:49:32.008;15:50:23.171;0:34.399;0:59.478;0:31.484;313.2;Kevin MAGNUSSEN;;HYPERCAR;;BMW M Team WRT;BMW;GF;34.399;59.478;31.484;
15;1;50;2:05.967;0;;34.534;0;59.681;0;31.752;0;200.2;1:51:37.975;15:52:29.138;0:34.534;0:59.681;0:31.752;309.6;Kevin MAGNUSSEN;;HYPERCAR;;BMW M Team WRT;BMW;GF;34.534;59.681;31.752;
15;1;51;2:06.800;0;;34.535;0;1:00.512;0;31.753;0;198.8;1:53:44.775;15:54:35.938;0:34.535;1:00.512;0:31.753;311.4;Kevin MAGNUSSEN;;HYPERCAR;;BMW M Team WRT;BMW;GF;34.535;60.512;31.753;
15;1;52;2:14.189;0;B;34.620;0;1:00.592;0;38.977;0;187.9;1:55:58.964;15:56:50.127;0:34.620;1:00.592;0:38.977;311.4;Kevin MAGNUSSEN;;HYPERCAR;;BMW M Team WRT;BMW;GF;34.620;60.592;38.977;
15;2;53;3:23.412;0;;1:49.266;0;1:02.219;0;31.927;0;124.0;1:59:22.376;16:00:13.539;1:49.266;1:02.219;0:31.927;284.4;Raffaele MARCIELLO;0:01:22.190;HYPERCAR;;BMW M Team WRT;BMW;GF;109.266;62.219;31.927;
15;2;54;2:08.475;0;;35.129;0;1:01.260;0;32.086;0;196.3;2:01:30.851;16:02:22.014;0:35.129;1:01.260;0:32.086;304.4;Raffaele MARCIELLO;;HYPERCAR;;BMW M Team WRT;BMW;GF;35.129;61.260;32.086;
15;2;55;2:06.490;0;;35.014;0;59.858;0;31.618;1;199.3;2:03:37.341;16:04:28.504;0:35.014;0:59.858;0:31.618;312.3;Raffaele MARCIELLO;;HYPERCAR;;BMW M Team WRT;BMW;GF;35.014;59.858;31.618;
15;2;56;2:06.808;0;;34.682;0;58.902;1;33.224;0;198.8;2:05:44.149;16:06:35.312;0:34.682;0:58.902;0:33.224;297.7;Raffaele MARCIELLO;;HYPERCAR;;BMW M Team WRT;BMW;GF;34.682;58.902;33.224;
15;2;57;2:07.353;0;;35.664;0;59.996;0;31.693;0;198.0;2:07:51.502;16:08:42.665;0:35.664;0:59.996;0:31.693;298.5;Raffaele MARCIELLO;;HYPERCAR;;BMW M Team WRT;BMW;GF;35.664;59.996;31.693;
15;2;58;2:06.193;0;;34.615;0;59.600;0;31.978;0;199.8;2:09:57.695;16:10:48.858;0:34.615;0:59.600;0:31.978;305.2;Raffaele MARCIELLO;;HYPERCAR;;BMW M Team WRT;BMW;GF;34.615;59.600;31.978;
15;2;59;2:05.646;0;;34.715;0;59.249;0;31.682;0;200.7;2:12:03.341;16:12:54.504;0:34.715;0:59.249;0:31.682;299.3;Raffaele MARCIELLO;;HYPERCAR;;BMW M Team WRT;BMW;GF;34.715;59.249;31.682;
15;2;60;2:05.840;0;;34.707;0;59.114;0;32.019;0;200.4;2:14:09.181;16:15:00.344;0:34.707;0:59.114;0:32.019;297.7;Raffaele MARCIELLO;;HYPERCAR;;BMW M Team WRT;BMW;GF;34.707;59.114;32.019;
15;2;61;2:06.233;0;;34.643;0;59.775;0;31.815;0;199.7;2:16:15.414;16:17:06.577;0:34.643;0:59.775;0:31.815;303.5;Raffaele MARCIELLO;;HYPERCAR;;BMW M Team WRT;BMW;GF;34.643;59.775;31.815;
15;2;62;2:08.922;0;;34.619;0;1:02.453;0;31.850;0;195.6;2:18:24.336;16:19:15.499;0:34.619;1:02.453;0:31.850;304.4;Raffaele MARCIELLO;;HYPERCAR;;BMW M Team WRT;BMW;GF;34.619;62.453;31.850;
15;2;63;2:06.641;0;;34.616;0;1:00.085;0;31.940;0;199.1;2:20:30.977;16:21:22.140;0:34.616;1:00.085;0:31.940;301.0;Raffaele MARCIELLO;;HYPERCAR;;BMW M Team WRT;BMW;GF;34.616;60.085;31.940;
15;2;64;2:06.879;0;;34.933;0;1:00.046;0;31.900;0;198.7;2:22:37.856;16:23:29.019;0:34.933;1:00.046;0:31.900;300.2;Raffaele MARCIELLO;;HYPERCAR;;BMW M Team WRT;BMW;GF;34.933;60.046;31.900;
15;2;65;2:06.656;0;;34.624;0;59.752;0;32.280;0;199.1;2:24:44.512;16:25:35.675;0:34.624;0:59.752;0:32.280;301.0;Raffaele MARCIELLO;;HYPERCAR;;BMW M Team WRT;BMW;GF;34.624;59.752;32.280;
15;2;66;2:06.251;0;;34.855;0;59.495;0;31.901;0;199.7;2:26:50.763;16:27:41.926;0:34.855;0:59.495;0:31.901;288.2;Raffaele MARCIELLO;;HYPERCAR;;BMW M Team WRT;BMW;GF;34.855;59.495;31.901;
15;2;67;2:06.641;0;;34.776;0;1:00.093;0;31.772;0;199.1;2:28:57.404;16:29:48.567;0:34.776;1:00.093;0:31.772;291.3;Raffaele MARCIELLO;;HYPERCAR;;BMW M Team WRT;BMW;GF;34.776;60.093;31.772;
15;2;68;2:06.480;0;;34.693;0;59.883;0;31.904;0;199.4;2:31:03.884;16:31:55.047;0:34.693;0:59.883;0:31.904;292.9;Raffaele MARCIELLO;;HYPERCAR;;BMW M Team WRT;BMW;GF;34.693;59.883;31.904;
15;2;69;2:06.359;0;;34.868;0;59.846;0;31.645;0;199.5;2:33:10.243;16:34:01.406;0:34.868;0:59.846;0:31.645;291.3;Raffaele MARCIELLO;;HYPERCAR;;BMW M Team WRT;BMW;GF;34.868;59.846;31.645;
15;2;70;2:06.699;0;;34.542;1;1:00.372;0;31.785;0;199.0;2:35:16.942;16:36:08.105;0:34.542;1:00.372;0:31.785;291.3;Raffaele MARCIELLO;;HYPERCAR;;BMW M Team WRT;BMW;GF;34.542;60.372;31.785;
15;2;71;2:08.970;0;;36.274;0;1:00.481;0;32.215;0;195.5;2:37:25.912;16:38:17.075;0:36.274;1:00.481;0:32.215;308.7;Raffaele MARCIELLO;;HYPERCAR;;BMW M Team WRT;BMW;GF;36.274;60.481;32.215;
15;2;72;2:06.289;0;;34.705;0;59.751;0;31.833;0;199.7;2:39:32.201;16:40:23.364;0:34.705;0:59.751;0:31.833;289.7;Raffaele MARCIELLO;;HYPERCAR;;BMW M Team WRT;BMW;GF;34.705;59.751;31.833;
15;2;73;2:08.671;0;;34.844;0;1:00.950;0;32.877;0;196.0;2:41:40.872;16:42:32.035;0:34.844;1:00.950;0:32.877;292.1;Raffaele MARCIELLO;;HYPERCAR;;BMW M Team WRT;BMW;GF;34.844;60.950;32.877;
15;2;74;2:07.041;0;;35.036;0;59.970;0;32.035;0;198.5;2:43:47.913;16:44:39.076;0:35.036;0:59.970;0:32.035;289.7;Raffaele MARCIELLO;;HYPERCAR;;BMW M Team WRT;BMW;GF;35.036;59.970;32.035;
15;2;75;3:30.548;0;;34.883;0;1:33.508;0;1:22.157;0;119.8;2:47:18.461;16:48:09.624;0:34.883;1:33.508;1:22.157;289.7;Raffaele MARCIELLO;;HYPERCAR;;BMW M Team WRT;BMW;GF;34.883;93.508;82.157;
15;2;76;2:08.023;0;;34.908;0;1:01.079;0;32.036;0;197.0;2:49:26.484;16:50:17.647;0:34.908;1:01.079;0:32.036;311.4;Raffaele MARCIELLO;;HYPERCAR;;BMW M Team WRT;BMW;GF;34.908;61.079;32.036;
15;2;77;2:08.214;0;;34.803;0;1:01.400;0;32.011;0;196.7;2:51:34.698;16:52:25.861;0:34.803;1:01.400;0:32.011;282.9;Raffaele MARCIELLO;;HYPERCAR;;BMW M Team WRT;BMW;GF;34.803;61.400;32.011;
15;2;78;2:12.961;0;B;34.892;0;59.950;0;38.119;0;189.6;2:53:47.659;16:54:38.822;0:34.892;0:59.950;0:38.119;272.3;Raffaele MARCIELLO;;HYPERCAR;;BMW M Team WRT;BMW;GF;34.892;59.950;38.119;
15;3;79;3:07.375;0;;1:33.908;0;1:01.340;0;32.127;0;134.6;2:56:55.034;16:57:46.197;1:33.908;1:01.340;0:32.127;285.9;Dries VANTHOOR;0:01:08.820;HYPERCAR;;BMW M Team WRT;BMW;GF;93.908;61.340;32.127;
15;3;80;2:06.725;0;;34.777;0;1:00.069;0;31.879;0;199.0;2:59:01.759;16:59:52.922;0:34.777;1:00.069;0:31.879;292.9;Dries VANTHOOR;;HYPERCAR;;BMW M Team WRT;BMW;GF;34.777;60.069;31.879;
15;3;81;2:06.878;0;;34.943;0;59.981;0;31.954;0;198.7;3:01:08.637;17:01:59.800;0:34.943;0:59.981;0:31.954;294.5;Dries VANTHOOR;;HYPERCAR;;BMW M Team WRT;BMW;GF;34.943;59.981;31.954;
15;3;82;2:09.365;0;;35.700;0;1:01.162;0;32.503;0;194.9;3:03:18.002;17:04:09.165;0:35.700;1:01.162;0:32.503;282.2;Dries VANTHOOR;;HYPERCAR;;BMW M Team WRT;BMW;GF;35.700;61.162;32.503;
15;3;83;2:06.271;0;;34.742;0;59.661;0;31.868;0;199.7;3:05:24.273;17:06:15.436;0:34.742;0:59.661;0:31.868;295.3;Dries VANTHOOR;;HYPERCAR;;BMW M Team WRT;BMW;GF;34.742;59.661;31.868;
15;3;84;2:07.293;0;;34.865;0;1:00.600;0;31.828;0;198.1;3:07:31.566;17:08:22.729;0:34.865;1:00.600;0:31.828;289.0;Dries VANTHOOR;;HYPERCAR;;BMW M Team WRT;BMW;GF;34.865;60.600;31.828;
15;3;85;2:07.660;0;;34.761;0;1:01.198;0;31.701;0;197.5;3:09:39.226;17:10:30.389;0:34.761;1:01.198;0:31.701;300.2;Dries VANTHOOR;;HYPERCAR;;BMW M Team WRT;BMW;GF;34.761;61.198;31.701;
15;3;86;2:07.388;0;;35.762;0;59.841;0;31.785;0;197.9;3:11:46.614;17:12:37.777;0:35.762;0:59.841;0:31.785;282.2;Dries VANTHOOR;;HYPERCAR;;BMW M Team WRT;BMW;GF;35.762;59.841;31.785;
15;3;87;2:06.603;0;;34.696;0;1:00.131;0;31.776;0;199.2;3:13:53.217;17:14:44.380;0:34.696;1:00.131;0:31.776;292.9;Dries VANTHOOR;;HYPERCAR;;BMW M Team WRT;BMW;GF;34.696;60.131;31.776;
15;3;88;2:05.753;0;;34.666;0;59.367;0;31.720;0;200.5;3:15:58.970;17:16:50.133;0:34.666;0:59.367;0:31.720;292.9;Dries VANTHOOR;;HYPERCAR;;BMW M Team WRT;BMW;GF;34.666;59.367;31.720;
15;3;89;2:05.837;0;;34.652;0;59.441;0;31.744;0;200.4;3:18:04.807;17:18:55.970;0:34.652;0:59.441;0:31.744;293.7;Dries VANTHOOR;;HYPERCAR;;BMW M Team WRT;BMW;GF;34.652;59.441;31.744;
15;3;90;2:07.049;0;;34.703;0;1:00.156;0;32.190;0;198.5;3:20:11.856;17:21:03.019;0:34.703;1:00.156;0:32.190;293.7;Dries VANTHOOR;;HYPERCAR;;BMW M Team WRT;BMW;GF;34.703;60.156;32.190;
15;3;91;2:23.362;0;;35.025;0;1:15.696;0;32.641;0;175.9;3:22:35.218;17:23:26.381;0:35.025;1:15.696;0:32.641;320.6;Dries VANTHOOR;;HYPERCAR;;BMW M Team WRT;BMW;GF;35.025;75.696;32.641;
15;3;92;2:06.845;0;;34.705;0;1:00.241;0;31.899;0;198.8;3:24:42.063;17:25:33.226;0:34.705;1:00.241;0:31.899;307.0;Dries VANTHOOR;;HYPERCAR;;BMW M Team WRT;BMW;GF;34.705;60.241;31.899;
15;3;93;2:07.473;0;;34.747;0;1:00.616;0;32.110;0;197.8;3:26:49.536;17:27:40.699;0:34.747;1:00.616;0:32.110;295.3;Dries VANTHOOR;;HYPERCAR;;BMW M Team WRT;BMW;GF;34.747;60.616;32.110;
15;3;94;2:07.108;0;;34.692;0;1:00.444;0;31.972;0;198.4;3:28:56.644;17:29:47.807;0:34.692;1:00.444;0:31.972;296.1;Dries VANTHOOR;;HYPERCAR;;BMW M Team WRT;BMW;GF;34.692;60.444;31.972;
15;3;95;2:05.467;0;;34.630;0;59.107;0;31.730;0;201.0;3:31:02.111;17:31:53.274;0:34.630;0:59.107;0:31.730;292.9;Dries VANTHOOR;;HYPERCAR;;BMW M Team WRT;BMW;GF;34.630;59.107;31.730;
15;3;96;2:06.896;0;;35.037;0;59.662;0;32.197;0;198.7;3:33:09.007;17:34:00.170;0:35.037;0:59.662;0:32.197;288.2;Dries VANTHOOR;;HYPERCAR;;BMW M Team WRT;BMW;GF;35.037;59.662;32.197;
15;3;97;2:07.541;0;;34.548;0;1:00.895;0;32.098;0;197.7;3:35:16.548;17:36:07.711;0:34.548;1:00.895;0:32.098;297.7;Dries VANTHOOR;;HYPERCAR;;BMW M Team WRT;BMW;GF;34.548;60.895;32.098;
15;3;98;2:07.496;0;;34.795;0;1:00.353;0;32.348;0;197.8;3:37:24.044;17:38:15.207;0:34.795;1:00.353;0:32.348;295.3;Dries VANTHOOR;;HYPERCAR;;BMW M Team WRT;BMW;GF;34.795;60.353;32.348;
15;3;99;2:07.438;0;;34.763;0;1:00.551;0;32.124;0;197.9;3:39:31.482;17:40:22.645;0:34.763;1:00.551;0:32.124;297.7;Dries VANTHOOR;;HYPERCAR;;BMW M Team WRT;BMW;GF;34.763;60.551;32.124;
15;3;100;2:06.251;0;;34.670;0;59.781;0;31.800;0;199.7;3:41:37.733;17:42:28.896;0:34.670;0:59.781;0:31.800;296.1;Dries VANTHOOR;;HYPERCAR;;BMW M Team WRT;BMW;GF;34.670;59.781;31.800;
15;3;101;2:07.278;0;;34.607;0;1:00.346;0;32.325;0;198.1;3:43:45.011;17:44:36.174;0:34.607;1:00.346;0:32.325;299.3;Dries VANTHOOR;;HYPERCAR;;BMW M Team WRT;BMW;GF;34.607;60.346;32.325;
15;3;102;2:06.165;0;;34.584;0;59.867;0;31.714;0;199.9;3:45:51.176;17:46:42.339;0:34.584;0:59.867;0:31.714;296.9;Dries VANTHOOR;;HYPERCAR;;BMW M Team WRT;BMW;GF;34.584;59.867;31.714;
15;3;103;2:07.722;0;;34.519;0;1:01.124;0;32.079;0;197.4;3:47:58.898;17:48:50.061;0:34.519;1:01.124;0:32.079;302.7;Dries VANTHOOR;;HYPERCAR;;BMW M Team WRT;BMW;GF;34.519;61.124;32.079;
15;3;104;2:13.167;0;B;34.713;0;1:00.635;0;37.819;0;189.3;3:50:12.065;17:51:03.228;0:34.713;1:00.635;0:37.819;280.7;Dries VANTHOOR;;HYPERCAR;;BMW M Team WRT;BMW;GF;34.713;60.635;37.819;
15;3;105;6:17.683;0;;2:43.245;0;2:08.860;0;1:25.578;0;66.8;3:56:29.748;17:57:20.911;2:43.245;2:08.860;1:25.578;79.7;Dries VANTHOOR;0:01:23.175;HYPERCAR;;BMW M Team WRT;BMW;GF;163.245;128.860;85.578;
15;3;106;5:16.086;0;;1:41.812;0;2:08.768;0;1:25.506;0;79.8;4:01:45.834;18:02:36.997;1:41.812;2:08.768;1:25.506;79.7;Dries VANTHOOR;;HYPERCAR;;BMW M Team WRT;BMW;GF;101.812;128.768;85.506;
15;3;107;3:23.136;0;;1:04.625;0;1:21.666;0;56.845;0;124.1;4:05:08.970;18:06:00.133;1:04.625;1:21.666;0:56.845;154.1;Dries VANTHOOR;;HYPERCAR;;BMW M Team WRT;BMW;SF;64.625;81.666;56.845;
15;3;108;4:43.227;0;;1:15.783;0;2:10.632;0;1:16.812;0;89.0;4:09:52.197;18:10:43.360;1:15.783;2:10.632;1:16.812;86.2;Dries VANTHOOR;;HYPERCAR;;BMW M Team WRT;BMW;SF;75.783;130.632;76.812;
15;3;109;4:28.528;0;;1:23.824;0;1:49.024;0;1:15.680;0;93.9;4:14:20.725;18:15:11.888;1:23.824;1:49.024;1:15.680;93.3;Dries VANTHOOR;;HYPERCAR;;BMW M Team WRT;BMW;SF;83.824;109.024;75.680;
15;3;110;3:11.036;0;;1:02.363;0;1:18.374;0;50.299;0;132.0;4:17:31.761;18:18:22.924;1:02.363;1:18.374;0:50.299;217.6;Dries VANTHOOR;;HYPERCAR;;BMW M Team WRT;BMW;GF;62.363;78.374;50.299;
15;3;111;2:07.047;0;;35.190;0;1:00.264;0;31.593;0;198.5;4:19:38.808;18:20:29.971;0:35.190;1:00.264;0:31.593;288.2;Dries VANTHOOR;;HYPERCAR;;BMW M Team WRT;BMW;GF;35.190;60.264;31.593;
15;3;112;2:04.951;0;;34.653;0;58.878;0;31.420;2;201.8;4:21:43.759;18:22:34.922;0:34.653;0:58.878;0:31.420;292.9;Dries VANTHOOR;;HYPERCAR;;BMW M Team WRT;BMW;GF;34.653;58.878;31.420;
15;3;113;2:04.517;2;;34.582;0;58.416;2;31.519;0;202.5;4:23:48.276;18:24:39.439;0:34.582;0:58.416;0:31.519;293.7;Dries VANTHOOR;;HYPERCAR;;BMW M Team WRT;BMW;GF;34.582;58.416;31.519;
15;3;114;2:05.502;0;;34.565;0;59.200;0;31.737;0;200.9;4:25:53.778;18:26:44.941;0:34.565;0:59.200;0:31.737;296.1;Dries VANTHOOR;;HYPERCAR;;BMW M Team WRT;BMW;GF;34.565;59.200;31.737;
15;3;115;2:05.792;0;;34.592;0;59.400;0;31.800;0;200.4;4:27:59.570;18:28:50.733;0:34.592;0:59.400;0:31.800;293.7;Dries VANTHOOR;;HYPERCAR;;BMW M Team WRT;BMW;GF;34.592;59.400;31.800;
15;3;116;2:05.671;0;;34.555;0;59.427;0;31.689;0;200.6;4:30:05.241;18:30:56.404;0:34.555;0:59.427;0:31.689;296.1;Dries VANTHOOR;;HYPERCAR;;BMW M Team WRT;BMW;GF;34.555;59.427;31.689;
15;3;117;2:07.140;0;;34.323;0;1:00.991;0;31.826;0;198.3;4:32:12.381;18:33:03.544;0:34.323;1:00.991;0:31.826;315.9;Dries VANTHOOR;;HYPERCAR;;BMW M Team WRT;BMW;GF;34.323;60.991;31.826;
15;3;118;2:06.626;0;;34.487;0;59.810;0;32.329;0;199.1;4:34:19.007;18:35:10.170;0:34.487;0:59.810;0:32.329;294.5;Dries VANTHOOR;;HYPERCAR;;BMW M Team WRT;BMW;GF;34.487;59.810;32.329;
15;3;119;2:08.343;0;;34.984;0;1:00.916;0;32.443;0;196.5;4:36:27.350;18:37:18.513;0:34.984;1:00.916;0:32.443;306.1;Dries VANTHOOR;;HYPERCAR;;BMW M Team WRT;BMW;GF;34.984;60.916;32.443;
15;3;120;2:09.017;0;;35.890;0;1:01.175;0;31.952;0;195.4;4:38:36.367;18:39:27.530;0:35.890;1:01.175;0:31.952;277.1;Dries VANTHOOR;;HYPERCAR;;BMW M Team WRT;BMW;GF;35.890;61.175;31.952;
15;3;121;2:05.967;0;;34.616;0;59.485;0;31.866;0;200.2;4:40:42.334;18:41:33.497;0:34.616;0:59.485;0:31.866;293.7;Dries VANTHOOR;;HYPERCAR;;BMW M Team WRT;BMW;GF;34.616;59.485;31.866;
15;3;122;2:06.016;0;;34.583;0;59.615;0;31.818;0;200.1;4:42:48.350;18:43:39.513;0:34.583;0:59.615;0:31.818;294.5;Dries VANTHOOR;;HYPERCAR;;BMW M Team WRT;BMW;GF;34.583;59.615;31.818;
15;3;123;2:06.376;0;;34.522;0;1:00.072;0;31.782;0;199.5;4:44:54.726;18:45:45.889;0:34.522;1:00.072;0:31.782;299.3;Dries VANTHOOR;;HYPERCAR;;BMW M Team WRT;BMW;GF;34.522;60.072;31.782;
15;3;124;2:05.999;0;;34.579;0;59.636;0;31.784;0;200.1;4:47:00.725;18:47:51.888;0:34.579;0:59.636;0:31.784;296.1;Dries VANTHOOR;;HYPERCAR;;BMW M Team WRT;BMW;GF;34.579;59.636;31.784;
15;3;125;2:05.658;0;;34.650;0;59.388;0;31.620;0;200.7;4:49:06.383;18:49:57.546;0:34.650;0:59.388;0:31.620;295.3;Dries VANTHOOR;;HYPERCAR;;BMW M Team WRT;BMW;GF;34.650;59.388;31.620;
15;3;126;2:05.703;0;;34.546;0;59.484;0;31.673;0;200.6;4:51:12.086;18:52:03.249;0:34.546;0:59.484;0:31.673;294.5;Dries VANTHOOR;;HYPERCAR;;BMW M Team WRT;BMW;GF;34.546;59.484;31.673;
15;3;127;2:05.374;0;;34.553;0;59.217;0;31.604;0;201.1;4:53:17.460;18:54:08.623;0:34.553;0:59.217;0:31.604;295.3;Dries VANTHOOR;;HYPERCAR;;BMW M Team WRT;BMW;GF;34.553;59.217;31.604;
15;3;128;2:07.799;0;;34.538;0;1:01.516;0;31.745;0;197.3;4:55:25.259;18:56:16.422;0:34.538;1:01.516;0:31.745;296.1;Dries VANTHOOR;;HYPERCAR;;BMW M Team WRT;BMW;GF;34.538;61.516;31.745;
15;3;129;2:07.829;0;;34.682;0;1:00.904;0;32.243;0;197.2;4:57:33.088;18:58:24.251;0:34.682;1:00.904;0:32.243;300.2;Dries VANTHOOR;;HYPERCAR;;BMW M Team WRT;BMW;GF;34.682;60.904;32.243;
15;3;130;2:08.674;0;;37.286;0;59.518;0;31.870;0;196.0;4:59:41.762;19:00:32.925;0:37.286;0:59.518;0:31.870;307.8;Dries VANTHOOR;;HYPERCAR;;BMW M Team WRT;BMW;GF;37.286;59.518;31.870;
15;3;131;3:05.964;0;B;34.420;1;1:02.618;0;1:28.926;0;135.6;5:02:47.726;19:03:38.889;0:34.420;1:02.618;1:28.926;314.1;Dries VANTHOOR;;HYPERCAR;;BMW M Team WRT;BMW;GF;34.420;62.618;88.926;
15;1;132;5:56.389;0;;2:24.080;0;2:07.330;0;1:24.979;0;70.7;5:08:44.115;19:09:35.278;2:24.080;2:07.330;1:24.979;80.1;Kevin MAGNUSSEN;0:01:03.865;HYPERCAR;;BMW M Team WRT;BMW;GF;144.080;127.330;84.979;
15;1;133;4:56.386;0;;1:41.314;0;2:07.736;0;1:07.336;0;85.1;5:13:40.501;19:14:31.664;1:41.314;2:07.736;1:07.336;80.1;Kevin MAGNUSSEN;;HYPERCAR;;BMW M Team WRT;BMW;SF;101.314;127.736;67.336;
15;1;134;4:45.721;0;;1:26.676;0;2:03.109;0;1:15.936;0;88.2;5:18:26.222;19:19:17.385;1:26.676;2:03.109;1:15.936;88.8;Kevin MAGNUSSEN;;HYPERCAR;;BMW M Team WRT;BMW;SF;86.676;123.109;75.936;
15;1;135;4:01.127;0;;1:29.856;0;1:35.992;0;55.279;0;104.6;5:22:27.349;19:23:18.512;1:29.856;1:35.992;0:55.279;128.2;Kevin MAGNUSSEN;;HYPERCAR;;BMW M Team WRT;BMW;SF;89.856;95.992;55.279;
15;1;136;3:00.735;0;;51.233;0;1:24.982;0;44.520;0;139.5;5:25:28.084;19:26:19.247;0:51.233;1:24.982;0:44.520;146.2;Kevin MAGNUSSEN;;HYPERCAR;;BMW M Team WRT;BMW;GF;51.233;84.982;44.520;
15;1;137;2:24.238;0;;34.961;0;1:03.105;0;46.172;0;174.8;5:27:52.322;19:28:43.485;0:34.961;1:03.105;0:46.172;296.1;Kevin MAGNUSSEN;;HYPERCAR;;BMW M Team WRT;BMW;SF;34.961;63.105;46.172;
15;1;138;4:25.067;0;;1:22.095;0;1:54.228;0;1:08.744;0;95.1;5:32:17.389;19:33:08.552;1:22.095;1:54.228;1:08.744;68.9;Kevin MAGNUSSEN;;HYPERCAR;;BMW M Team WRT;BMW;SF;82.095;114.228;68.744;
15;1;139;3:45.614;0;;1:28.963;0;1:29.278;0;47.373;0;111.8;5:36:03.003;19:36:54.166;1:28.963;1:29.278;0:47.373;70.0;Kevin MAGNUSSEN;;HYPERCAR;;BMW M Team WRT;BMW;GF;88.963;89.278;47.373;
15;1;140;2:06.331;0;;34.727;0;1:00.057;0;31.547;0;199.6;5:38:09.334;19:39:00.497;0:34.727;1:00.057;0:31.547;307.8;Kevin MAGNUSSEN;;HYPERCAR;;BMW M Team WRT;BMW;GF;34.727;60.057;31.547;
15;1;141;2:05.339;0;;34.411;0;59.368;0;31.560;0;201.2;5:40:14.673;19:41:05.836;0:34.411;0:59.368;0:31.560;315.0;Kevin MAGNUSSEN;;HYPERCAR;;BMW M Team WRT;BMW;GF;34.411;59.368;31.560;
15;1;142;2:05.151;0;;34.530;0;58.994;0;31.627;0;201.5;5:42:19.824;19:43:10.987;0:34.530;0:58.994;0:31.627;315.0;Kevin MAGNUSSEN;;HYPERCAR;;BMW M Team WRT;BMW;GF;34.530;58.994;31.627;
15;1;143;2:06.353;0;;34.403;0;1:00.205;0;31.745;0;199.6;5:44:26.177;19:45:17.340;0:34.403;1:00.205;0:31.745;316.8;Kevin MAGNUSSEN;;HYPERCAR;;BMW M Team WRT;BMW;GF;34.403;60.205;31.745;
15;1;144;2:06.065;0;;34.450;0;1:00.029;0;31.586;0;200.0;5:46:32.242;19:47:23.405;0:34.450;1:00.029;0:31.586;315.9;Kevin MAGNUSSEN;;HYPERCAR;;BMW M Team WRT;BMW;GF;34.450;60.029;31.586;
15;1;145;2:05.475;0;;34.486;0;59.329;0;31.660;0;200.9;5:48:37.717;19:49:28.880;0:34.486;0:59.329;0:31.660;314.1;Kevin MAGNUSSEN;;HYPERCAR;;BMW M Team WRT;BMW;GF;34.486;59.329;31.660;
15;1;146;2:05.294;0;;34.400;0;59.300;0;31.594;0;201.2;5:50:43.011;19:51:34.174;0:34.400;0:59.300;0:31.594;316.8;Kevin MAGNUSSEN;;HYPERCAR;;BMW M Team WRT;BMW;GF;34.400;59.300;31.594;
15;1;147;2:05.949;0;;34.385;0;59.569;0;31.995;0;200.2;5:52:48.960;19:53:40.123;0:34.385;0:59.569;0:31.995;316.8;Kevin MAGNUSSEN;;HYPERCAR;;BMW M Team WRT;BMW;GF;34.385;59.569;31.995;
15;1;148;2:10.089;0;;36.020;0;1:01.181;0;32.888;0;193.8;5:54:59.049;19:55:50.212;0:36.020;1:01.181;0:32.888;307.8;Kevin MAGNUSSEN;;HYPERCAR;;BMW M Team WRT;BMW;GF;36.020;61.181;32.888;
15;1;149;2:07.678;0;;34.508;0;1:00.567;0;32.603;0;197.5;5:57:06.727;19:57:57.890;0:34.508;1:00.567;0:32.603;295.3;Kevin MAGNUSSEN;;HYPERCAR;;BMW M Team WRT;BMW;GF;34.508;60.567;32.603;
15;1;150;2:06.017;0;;34.586;0;59.720;0;31.711;0;200.1;5:59:12.744;20:00:03.907;0:34.586;0:59.720;0:31.711;314.1;Kevin MAGNUSSEN;;HYPERCAR;;BMW M Team WRT;BMW;GF;34.586;59.720;31.711;
15;1;151;2:06.261;0;;34.368;2;1:00.161;0;31.732;0;199.7;6:01:19.005;20:02:10.168;0:34.368;1:00.161;0:31.732;314.1;Kevin MAGNUSSEN;;HYPERCAR;;BMW M Team WRT;BMW;FF;34.368;60.161;31.732;
17;1;1;2:13.038;0;;38.020;0;1:02.620;0;32.398;0;186.2;2:13.038;14:03:04.201;0:38.020;1:02.620;0:32.398;282.2;André LOTTERER;;HYPERCAR;;Genesis Magma Racing;Genesis;GF;38.020;62.620;32.398;
17;1;2;2:06.720;0;;35.171;0;59.740;0;31.809;0;199.0;4:19.758;14:05:10.921;0:35.171;0:59.740;0:31.809;296.1;André LOTTERER;;HYPERCAR;;Genesis Magma Racing;Genesis;GF;35.171;59.740;31.809;
17;1;3;2:06.005;0;;34.895;0;59.213;1;31.897;0;200.1;6:25.763;14:07:16.926;0:34.895;0:59.213;0:31.897;302.7;André LOTTERER;;HYPERCAR;;Genesis Magma Racing;Genesis;GF;34.895;59.213;31.897;
17;1;4;2:06.379;0;;34.893;0;59.485;0;32.001;0;199.5;8:32.142;14:09:23.305;0:34.893;0:59.485;0:32.001;304.4;André LOTTERER;;HYPERCAR;;Genesis Magma Racing;Genesis;GF;34.893;59.485;32.001;
17;1;5;2:06.387;0;;35.019;0;59.377;0;31.991;0;199.5;10:38.529;14:11:29.692;0:35.019;0:59.377;0:31.991;298.5;André LOTTERER;;HYPERCAR;;Genesis Magma Racing;Genesis;GF;35.019;59.377;31.991;
17;1;6;2:06.187;0;;34.814;0;59.449;0;31.924;0;199.8;12:44.716;14:13:35.879;0:34.814;0:59.449;0:31.924;308.7;André LOTTERER;;HYPERCAR;;Genesis Magma Racing;Genesis;GF;34.814;59.449;31.924;
17;1;7;2:33.181;0;;34.920;0;1:03.128;0;55.133;0;164.6;15:17.897;14:16:09.060;0:34.920;1:03.128;0:55.133;307.8;André LOTTERER;;HYPERCAR;;Genesis Magma Racing;Genesis;SF;34.920;63.128;55.133;
17;1;8;4:44.373;0;;1:29.160;0;1:52.462;0;1:22.751;0;88.7;20:02.270;14:20:53.433;1:29.160;1:52.462;1:22.751;78.3;André LOTTERER;;HYPERCAR;;Genesis Magma Racing;Genesis;SF;89.160;112.462;82.751;
17;1;9;3:07.754;0;;1:06.842;0;1:19.033;0;41.879;0;134.3;23:10.024;14:24:01.187;1:06.842;1:19.033;0:41.879;121.3;André LOTTERER;;HYPERCAR;;Genesis Magma Racing;Genesis;SF;66.842;79.033;41.879;
17;1;10;2:53.940;0;;48.080;0;1:17.978;0;47.882;0;145.0;26:03.964;14:26:55.127;0:48.080;1:17.978;0:47.882;223.4;André LOTTERER;;HYPERCAR;;Genesis Magma Racing;Genesis;GF;48.080;77.978;47.882;
17;1;11;2:06.982;0;;34.912;0;59.837;0;32.233;0;198.6;28:10.946;14:29:02.109;0:34.912;0:59.837;0:32.233;310.5;André LOTTERER;;HYPERCAR;;Genesis Magma Racing;Genesis;GF;34.912;59.837;32.233;
17;1;12;2:07.084;0;;34.986;0;59.916;0;32.182;0;198.4;30:18.030;14:31:09.193;0:34.986;0:59.916;0:32.182;305.2;André LOTTERER;;HYPERCAR;;Genesis Magma Racing;Genesis;GF;34.986;59.916;32.182;
17;1;13;2:07.010;0;;35.182;0;59.596;0;32.232;0;198.5;32:25.040;14:33:16.203;0:35.182;0:59.596;0:32.232;299.3;André LOTTERER;;HYPERCAR;;Genesis Magma Racing;Genesis;GF;35.182;59.596;32.232;
17;1;14;2:06.962;0;;35.163;0;59.582;0;32.217;0;198.6;34:32.002;14:35:23.165;0:35.163;0:59.582;0:32.217;296.1;André LOTTERER;;HYPERCAR;;Genesis Magma Racing;Genesis;GF;35.163;59.582;32.217;
17;1;15;2:06.666;0;;35.040;0;59.548;0;32.078;0;199.1;36:38.668;14:37:29.831;0:35.040;0:59.548;0:32.078;294.5;André LOTTERER;;HYPERCAR;;Genesis Magma Racing;Genesis;GF;35.040;59.548;32.078;
17;1;16;2:06.860;0;;35.245;0;59.501;0;32.114;0;198.8;38:45.528;14:39:36.691;0:35.245;0:59.501;0:32.114;289.7;André LOTTERER;;HYPERCAR;;Genesis Magma Racing;Genesis;GF;35.245;59.501;32.114;
17;1;17;2:06.302;0;;34.918;0;59.337;0;32.047;0;199.6;40:51.830;14:41:42.993;0:34.918;0:59.337;0:32.047;310.5;André LOTTERER;;HYPERCAR;;Genesis Magma Racing;Genesis;GF;34.918;59.337;32.047;
17;1;18;2:10.742;0;;34.959;0;1:02.119;0;33.664;0;192.9;43:02.572;14:43:53.735;0:34.959;1:02.119;0:33.664;309.6;André LOTTERER;;HYPERCAR;;Genesis Magma Racing;Genesis;GF;34.959;62.119;33.664;
17;1;19;2:09.330;0;;35.926;0;1:01.277;0;32.127;0;195.0;45:11.902;14:46:03.065;0:35.926;1:01.277;0:32.127;307.8;André LOTTERER;;HYPERCAR;;Genesis Magma Racing;Genesis;GF;35.926;61.277;32.127;
17;1;20;2:08.220;0;;35.308;0;1:00.686;0;32.226;0;196.6;47:20.122;14:48:11.285;0:35.308;1:00.686;0:32.226;297.7;André LOTTERER;;HYPERCAR;;Genesis Magma Racing;Genesis;GF;35.308;60.686;32.226;
17;1;21;2:07.401;0;;34.924;0;1:00.550;0;31.927;0;197.9;49:27.523;14:50:18.686;0:34.924;1:00.550;0:31.927;304.4;André LOTTERER;;HYPERCAR;;Genesis Magma Racing;Genesis;GF;34.924;60.550;31.927;
17;1;22;2:05.814;0;;34.760;0;59.262;0;31.792;1;200.4;51:33.337;14:52:24.500;0:34.760;0:59.262;0:31.792;312.3;André LOTTERER;;HYPERCAR;;Genesis Magma Racing;Genesis;GF;34.760;59.262;31.792;
17;1;23;2:05.934;0;;34.719;0;59.320;0;31.895;0;200.2;53:39.271;14:54:30.434;0:34.719;0:59.320;0:31.895;315.9;André LOTTERER;;HYPERCAR;;Genesis Magma Racing;Genesis;GF;34.719;59.320;31.895;
17;1;24;2:05.963;0;;34.696;0;59.415;0;31.852;0;200.2;55:45.234;14:56:36.397;0:34.696;0:59.415;0:31.852;313.2;André LOTTERER;;HYPERCAR;;Genesis Magma Racing;Genesis;GF;34.696;59.415;31.852;
17;1;25;2:06.144;0;;34.619;1;59.525;0;32.000;0;199.9;57:51.378;14:58:42.541;0:34.619;0:59.525;0:32.000;315.0;André LOTTERER;;HYPERCAR;;Genesis Magma Racing;Genesis;GF;34.619;59.525;32.000;
17;1;26;2:14.522;0;B;34.790;0;1:00.463;0;39.269;0;187.4;1:00:05.900;15:00:57.063;0:34.790;1:00.463;0:39.269;315.9;André LOTTERER;;HYPERCAR;;Genesis Magma Racing;Genesis;GF;34.790;60.463;39.269;
17;1;27;3:06.316;0;;1:32.738;0;1:01.227;0;32.351;0;135.3;1:03:12.216;15:04:03.379;1:32.738;1:01.227;0:32.351;306.1;André LOTTERER;0:01:08.310;HYPERCAR;;Genesis Magma Racing;Genesis;GF;92.738;61.227;32.351;
17;1;28;2:06.854;0;;35.096;0;59.636;0;32.122;0;198.8;1:05:19.070;15:06:10.233;0:35.096;0:59.636;0:32.122;310.5;André LOTTERER;;HYPERCAR;;Genesis Magma Racing;Genesis;GF;35.096;59.636;32.122;
17;1;29;2:06.594;0;;35.030;0;59.443;0;32.121;0;199.2;1:07:25.664;15:08:16.827;0:35.030;0:59.443;0:32.121;307.8;André LOTTERER;;HYPERCAR;;Genesis Magma Racing;Genesis;GF;35.030;59.443;32.121;
17;1;30;2:06.922;0;;34.973;0;59.962;0;31.987;0;198.7;1:09:32.586;15:10:23.749;0:34.973;0:59.962;0:31.987;310.5;André LOTTERER;;HYPERCAR;;Genesis Magma Racing;Genesis;GF;34.973;59.962;31.987;
17;1;31;2:06.366;0;;34.901;0;59.525;0;31.940;0;199.5;1:11:38.952;15:12:30.115;0:34.901;0:59.525;0:31.940;311.4;André LOTTERER;;HYPERCAR;;Genesis Magma Racing;Genesis;GF;34.901;59.525;31.940;
17;1;32;2:07.339;0;;34.926;0;1:00.477;0;31.936;0;198.0;1:13:46.291;15:14:37.454;0:34.926;1:00.477;0:31.936;309.6;André LOTTERER;;HYPERCAR;;Genesis Magma Racing;Genesis;GF;34.926;60.477;31.936;
17;1;33;2:08.307;0;;36.782;0;59.506;0;32.019;0;196.5;1:15:54.598;15:16:45.761;0:36.782;0:59.506;0:32.019;305.2;André LOTTERER;;HYPERCAR;;Genesis Magma Racing;Genesis;GF;36.782;59.506;32.019;
17;1;34;2:08.060;0;;35.251;0;1:00.528;0;32.281;0;196.9;1:18:02.658;15:18:53.821;0:35.251;1:00.528;0:32.281;310.5;André LOTTERER;;HYPERCAR;;Genesis Magma Racing;Genesis;GF;35.251;60.528;32.281;
17;1;35;2:07.711;0;;34.968;0;59.737;0;33.006;0;197.4;1:20:10.369;15:21:01.532;0:34.968;0:59.737;0:33.006;311.4;André LOTTERER;;HYPERCAR;;Genesis Magma Racing;Genesis;GF;34.968;59.737;33.006;
17;1;36;2:08.386;0;;35.868;0;1:00.441;0;32.077;0;196.4;1:22:18.755;15:23:09.918;0:35.868;1:00.441;0:32.077;310.5;André LOTTERER;;HYPERCAR;;Genesis Magma Racing;Genesis;GF;35.868;60.441;32.077;
17;1;37;2:06.904;0;;34.915;0;1:00.093;0;31.896;0;198.7;1:24:25.659;15:25:16.822;0:34.915;1:00.093;0:31.896;313.2;André LOTTERER;;HYPERCAR;;Genesis Magma Racing;Genesis;GF;34.915;60.093;31.896;
17;1;38;2:06.751;0;;35.471;0;59.283;0;31.997;0;198.9;1:26:32.410;15:27:23.573;0:35.471;0:59.283;0:31.997;308.7;André LOTTERER;;HYPERCAR;;Genesis Magma Racing;Genesis;GF;35.471;59.283;31.997;
17;1;39;2:06.684;0;;34.827;0;59.504;0;32.353;0;199.0;1:28:39.094;15:29:30.257;0:34.827;0:59.504;0:32.353;313.2;André LOTTERER;;HYPERCAR;;Genesis Magma Racing;Genesis;GF;34.827;59.504;32.353;
17;1;40;2:07.692;0;;36.178;0;59.533;0;31.981;0;197.5;1:30:46.786;15:31:37.949;0:36.178;0:59.533;0:31.981;304.4;André LOTTERER;;HYPERCAR;;Genesis Magma Racing;Genesis;GF;36.178;59.533;31.981;
17;1;41;2:07.655;0;;34.980;0;1:00.185;0;32.490;0;197.5;1:32:54.441;15:33:45.604;0:34.980;1:00.185;0:32.490;308.7;André LOTTERER;;HYPERCAR;;Genesis Magma Racing;Genesis;GF;34.980;60.185;32.490;
17;1;42;2:06.051;0;;34.816;0;59.330;0;31.905;0;200.0;1:35:00.492;15:35:51.655;0:34.816;0:59.330;0:31.905;306.1;André LOTTERER;;HYPERCAR;;Genesis Magma Racing;Genesis;GF;34.816;59.330;31.905;
17;1;43;2:06.672;0;;34.953;0;59.688;0;32.031;0;199.1;1:37:07.164;15:37:58.327;0:34.953;0:59.688;0:32.031;312.3;André LOTTERER;;HYPERCAR;;Genesis Magma Racing;Genesis;GF;34.953;59.688;32.031;
17;1;44;2:07.785;0;;34.878;0;59.226;0;33.681;0;197.3;1:39:14.949;15:40:06.112;0:34.878;0:59.226;0:33.681;314.1;André LOTTERER;;HYPERCAR;;Genesis Magma Racing;Genesis;GF;34.878;59.226;33.681;
17;1;45;2:06.793;0;;35.325;0;59.630;0;31.838;0;198.9;1:41:21.742;15:42:12.905;0:35.325;0:59.630;0:31.838;307.8;André LOTTERER;;HYPERCAR;;Genesis Magma Racing;Genesis;GF;35.325;59.630;31.838;
17;1;46;2:07.480;0;;34.865;0;1:00.174;0;32.441;0;197.8;1:43:29.222;15:44:20.385;0:34.865;1:00.174;0:32.441;299.3;André LOTTERER;;HYPERCAR;;Genesis Magma Racing;Genesis;GF;34.865;60.174;32.441;
17;1;47;2:07.367;0;;35.065;0;1:00.437;0;31.865;0;198.0;1:45:36.589;15:46:27.752;0:35.065;1:00.437;0:31.865;312.3;André LOTTERER;;HYPERCAR;;Genesis Magma Racing;Genesis;GF;35.065;60.437;31.865;
17;1;48;2:06.999;0;;34.872;0;1:00.147;0;31.980;0;198.5;1:47:43.588;15:48:34.751;0:34.872;1:00.147;0:31.980;312.3;André LOTTERER;;HYPERCAR;;Genesis Magma Racing;Genesis;GF;34.872;60.147;31.980;
17;1;49;2:05.985;0;;34.795;0;59.339;0;31.851;0;200.1;1:49:49.573;15:50:40.736;0:34.795;0:59.339;0:31.851;311.4;André LOTTERER;;HYPERCAR;;Genesis Magma Racing;Genesis;GF;34.795;59.339;31.851;
17;1;50;2:13.490;0;B;34.823;0;1:00.370;0;38.297;0;188.9;1:52:03.063;15:52:54.226;0:34.823;1:00.370;0:38.297;314.1;André LOTTERER;;HYPERCAR;;Genesis Magma Racing;Genesis;GF;34.823;60.370;38.297;
17;3;51;3:25.287;0;;1:51.430;0;1:01.686;0;32.171;0;122.8;1:55:28.350;15:56:19.513;1:51.430;1:01.686;0:32.171;275.0;Mathys JAUBERT;0:01:24.556;HYPERCAR;;Genesis Magma Racing;Genesis;GF;111.430;61.686;32.171;
17;3;52;2:06.726;0;;34.885;0;59.503;0;32.338;0;199.0;1:57:35.076;15:58:26.239;0:34.885;0:59.503;0:32.338;301.8;Mathys JAUBERT;;HYPERCAR;;Genesis Magma Racing;Genesis;GF;34.885;59.503;32.338;
17;3;53;2:06.307;0;;34.847;0;59.493;0;31.967;0;199.6;1:59:41.383;16:00:32.546;0:34.847;0:59.493;0:31.967;294.5;Mathys JAUBERT;;HYPERCAR;;Genesis Magma Racing;Genesis;GF;34.847;59.493;31.967;
17;3;54;2:05.962;0;;34.774;0;59.311;0;31.877;0;200.2;2:01:47.345;16:02:38.508;0:34.774;0:59.311;0:31.877;293.7;Mathys JAUBERT;;HYPERCAR;;Genesis Magma Racing;Genesis;GF;34.774;59.311;31.877;
17;3;55;2:07.976;0;;34.735;0;1:01.542;0;31.699;0;197.0;2:03:55.321;16:04:46.484;0:34.735;1:01.542;0:31.699;292.1;Mathys JAUBERT;;HYPERCAR;;Genesis Magma Racing;Genesis;GF;34.735;61.542;31.699;
17;3;56;2:05.475;0;;34.645;0;59.404;0;31.426;2;200.9;2:06:00.796;16:06:51.959;0:34.645;0:59.404;0:31.426;296.1;Mathys JAUBERT;;HYPERCAR;;Genesis Magma Racing;Genesis;GF;34.645;59.404;31.426;
17;3;57;2:05.261;0;;34.593;0;58.554;0;32.114;0;201.3;2:08:06.057;16:08:57.220;0:34.593;0:58.554;0:32.114;301.0;Mathys JAUBERT;;HYPERCAR;;Genesis Magma Racing;Genesis;GF;34.593;58.554;32.114;
17;3;58;2:04.525;2;;34.585;0;58.495;2;31.445;0;202.5;2:10:10.582;16:11:01.745;0:34.585;0:58.495;0:31.445;300.2;Mathys JAUBERT;;HYPERCAR;;Genesis Magma Racing;Genesis;GF;34.585;58.495;31.445;
17;3;59;2:06.111;0;;34.589;0;59.627;0;31.895;0;199.9;2:12:16.693;16:13:07.856;0:34.589;0:59.627;0:31.895;292.9;Mathys JAUBERT;;HYPERCAR;;Genesis Magma Racing;Genesis;GF;34.589;59.627;31.895;
17;3;60;2:06.280;0;;34.698;0;59.759;0;31.823;0;199.7;2:14:22.973;16:15:14.136;0:34.698;0:59.759;0:31.823;293.7;Mathys JAUBERT;;HYPERCAR;;Genesis Magma Racing;Genesis;GF;34.698;59.759;31.823;
17;3;61;2:06.098;0;;34.737;0;59.181;0;32.180;0;200.0;2:16:29.071;16:17:20.234;0:34.737;0:59.181;0:32.180;296.9;Mathys JAUBERT;;HYPERCAR;;Genesis Magma Racing;Genesis;GF;34.737;59.181;32.180;
17;3;62;2:06.829;0;;34.589;0;59.788;0;32.452;0;198.8;2:18:35.900;16:19:27.063;0:34.589;0:59.788;0:32.452;288.2;Mathys JAUBERT;;HYPERCAR;;Genesis Magma Racing;Genesis;GF;34.589;59.788;32.452;
17;3;63;2:06.251;0;;34.589;0;1:00.000;0;31.662;0;199.7;2:20:42.151;16:21:33.314;0:34.589;1:00.000;0:31.662;301.8;Mathys JAUBERT;;HYPERCAR;;Genesis Magma Racing;Genesis;GF;34.589;60.000;31.662;
17;3;64;2:07.139;0;;34.556;2;1:00.590;0;31.993;0;198.3;2:22:49.290;16:23:40.453;0:34.556;1:00.590;0:31.993;299.3;Mathys JAUBERT;;HYPERCAR;;Genesis Magma Racing;Genesis;GF;34.556;60.590;31.993;
17;3;65;2:07.396;0;;34.871;0;1:00.552;0;31.973;0;197.9;2:24:56.686;16:25:47.849;0:34.871;1:00.552;0:31.973;302.7;Mathys JAUBERT;;HYPERCAR;;Genesis Magma Racing;Genesis;GF;34.871;60.552;31.973;
17;3;66;2:08.207;0;;34.785;0;1:00.937;0;32.485;0;196.7;2:27:04.893;16:27:56.056;0:34.785;1:00.937;0:32.485;316.8;Mathys JAUBERT;;HYPERCAR;;Genesis Magma Racing;Genesis;GF;34.785;60.937;32.485;
17;3;67;2:06.676;0;;34.721;0;59.684;0;32.271;0;199.0;2:29:11.569;16:30:02.732;0:34.721;0:59.684;0:32.271;303.5;Mathys JAUBERT;;HYPERCAR;;Genesis Magma Racing;Genesis;GF;34.721;59.684;32.271;
17;3;68;2:07.035;0;;35.053;0;1:00.198;0;31.784;0;198.5;2:31:18.604;16:32:09.767;0:35.053;1:00.198;0:31.784;286.7;Mathys JAUBERT;;HYPERCAR;;Genesis Magma Racing;Genesis;GF;35.053;60.198;31.784;
17;3;69;2:05.798;0;;34.596;0;59.561;0;31.641;0;200.4;2:33:24.402;16:34:15.565;0:34.596;0:59.561;0:31.641;305.2;Mathys JAUBERT;;HYPERCAR;;Genesis Magma Racing;Genesis;GF;34.596;59.561;31.641;
17;3;70;2:06.317;0;;34.744;0;59.983;0;31.590;0;199.6;2:35:30.719;16:36:21.882;0:34.744;0:59.983;0:31.590;309.6;Mathys JAUBERT;;HYPERCAR;;Genesis Magma Racing;Genesis;GF;34.744;59.983;31.590;
17;3;71;2:06.395;0;;34.661;0;59.600;0;32.134;0;199.5;2:37:37.114;16:38:28.277;0:34.661;0:59.600;0:32.134;306.1;Mathys JAUBERT;;HYPERCAR;;Genesis Magma Racing;Genesis;GF;34.661;59.600;32.134;
17;3;72;2:07.780;0;;34.901;0;1:00.764;0;32.115;0;197.3;2:39:44.894;16:40:36.057;0:34.901;1:00.764;0:32.115;302.7;Mathys JAUBERT;;HYPERCAR;;Genesis Magma Racing;Genesis;GF;34.901;60.764;32.115;
17;3;73;2:08.075;0;;34.779;0;1:00.727;0;32.569;0;196.9;2:41:52.969;16:42:44.132;0:34.779;1:00.727;0:32.569;310.5;Mathys JAUBERT;;HYPERCAR;;Genesis Magma Racing;Genesis;GF;34.779;60.727;32.569;
17;3;74;2:07.739;0;;34.937;0;1:00.526;0;32.276;0;197.4;2:44:00.708;16:44:51.871;0:34.937;1:00.526;0:32.276;298.5;Mathys JAUBERT;;HYPERCAR;;Genesis Magma Racing;Genesis;GF;34.937;60.526;32.276;
17;3;75;3:37.906;0;B;36.749;0;1:50.009;0;1:11.148;0;115.7;2:47:38.614;16:48:29.777;0:36.749;1:50.009;1:11.148;290.5;Mathys JAUBERT;;HYPERCAR;;Genesis Magma Racing;Genesis;GF;36.749;110.009;71.148;
17;3;76;2:57.019;0;;1:23.520;0;1:00.913;0;32.586;0;142.4;2:50:35.633;16:51:26.796;1:23.520;1:00.913;0:32.586;296.9;Mathys JAUBERT;0:00:58.802;HYPERCAR;;Genesis Magma Racing;Genesis;GF;83.520;60.913;32.586;
17;3;77;2:07.972;0;;35.224;0;1:00.713;0;32.035;0;197.0;2:52:43.605;16:53:34.768;0:35.224;1:00.713;0:32.035;302.7;Mathys JAUBERT;;HYPERCAR;;Genesis Magma Racing;Genesis;GF;35.224;60.713;32.035;
17;3;78;2:09.543;0;;34.909;0;1:01.941;0;32.693;0;194.6;2:54:53.148;16:55:44.311;0:34.909;1:01.941;0:32.693;302.7;Mathys JAUBERT;;HYPERCAR;;Genesis Magma Racing;Genesis;GF;34.909;61.941;32.693;
17;3;79;2:07.756;0;;35.124;0;1:00.458;0;32.174;0;197.4;2:57:00.904;16:57:52.067;0:35.124;1:00.458;0:32.174;299.3;Mathys JAUBERT;;HYPERCAR;;Genesis Magma Racing;Genesis;GF;35.124;60.458;32.174;
17;3;80;2:08.289;0;;34.895;0;1:01.400;0;31.994;0;196.5;2:59:09.193;17:00:00.356;0:34.895;1:01.400;0:31.994;302.7;Mathys JAUBERT;;HYPERCAR;;Genesis Magma Racing;Genesis;GF;34.895;61.400;31.994;
17;3;81;2:08.030;0;;34.867;0;1:00.756;0;32.407;0;196.9;3:01:17.223;17:02:08.386;0:34.867;1:00.756;0:32.407;301.0;Mathys JAUBERT;;HYPERCAR;;Genesis Magma Racing;Genesis;GF;34.867;60.756;32.407;
17;3;82;2:08.253;0;;35.145;0;1:01.015;0;32.093;0;196.6;3:03:25.476;17:04:16.639;0:35.145;1:01.015;0:32.093;291.3;Mathys JAUBERT;;HYPERCAR;;Genesis Magma Racing;Genesis;GF;35.145;61.015;32.093;
17;3;83;2:08.746;0;;35.318;0;1:01.178;0;32.250;0;195.8;3:05:34.222;17:06:25.385;0:35.318;1:01.178;0:32.250;296.1;Mathys JAUBERT;;HYPERCAR;;Genesis Magma Racing;Genesis;GF;35.318;61.178;32.250;
17;3;84;2:07.772;0;;35.058;0;1:00.501;0;32.213;0;197.3;3:07:41.994;17:08:33.157;0:35.058;1:00.501;0:32.213;300.2;Mathys JAUBERT;;HYPERCAR;;Genesis Magma Racing;Genesis;GF;35.058;60.501;32.213;
17;3;85;2:07.336;0;;35.252;0;1:00.067;0;32.017;0;198.0;3:09:49.330;17:10:40.493;0:35.252;1:00.067;0:32.017;296.9;Mathys JAUBERT;;HYPERCAR;;Genesis Magma Racing;Genesis;GF;35.252;60.067;32.017;
17;3;86;2:07.615;0;;35.528;0;1:00.154;0;31.933;0;197.6;3:11:56.945;17:12:48.108;0:35.528;1:00.154;0:31.933;295.3;Mathys JAUBERT;;HYPERCAR;;Genesis Magma Racing;Genesis;GF;35.528;60.154;31.933;
17;3;87;2:07.274;0;;35.314;0;1:00.049;0;31.911;0;198.1;3:14:04.219;17:14:55.382;0:35.314;1:00.049;0:31.911;298.5;Mathys JAUBERT;;HYPERCAR;;Genesis Magma Racing;Genesis;GF;35.314;60.049;31.911;
17;3;88;2:07.097;0;;34.916;0;59.965;0;32.216;0;198.4;3:16:11.316;17:17:02.479;0:34.916;0:59.965;0:32.216;303.5;Mathys JAUBERT;;HYPERCAR;;Genesis Magma Racing;Genesis;GF;34.916;59.965;32.216;
17;3;89;2:06.741;0;;34.924;0;59.881;0;31.936;0;198.9;3:18:18.057;17:19:09.220;0:34.924;0:59.881;0:31.936;306.1;Mathys JAUBERT;;HYPERCAR;;Genesis Magma Racing;Genesis;GF;34.924;59.881;31.936;
17;3;90;2:06.578;0;;35.003;0;59.723;0;31.852;0;199.2;3:20:24.635;17:21:15.798;0:35.003;0:59.723;0:31.852;306.1;Mathys JAUBERT;;HYPERCAR;;Genesis Magma Racing;Genesis;GF;35.003;59.723;31.852;
17;3;91;2:08.211;0;;34.949;0;1:00.800;0;32.462;0;196.7;3:22:32.846;17:23:24.009;0:34.949;1:00.800;0:32.462;295.3;Mathys JAUBERT;;HYPERCAR;;Genesis Magma Racing;Genesis;GF;34.949;60.800;32.462;
17;3;92;2:07.624;0;;35.556;0;1:00.034;0;32.034;0;197.6;3:24:40.470;17:25:31.633;0:35.556;1:00.034;0:32.034;296.9;Mathys JAUBERT;;HYPERCAR;;Genesis Magma Racing;Genesis;GF;35.556;60.034;32.034;
17;3;93;2:15.329;0;B;35.833;0;1:00.490;0;39.006;0;186.3;3:26:55.799;17:27:46.962;0:35.833;1:00.490;0:39.006;301.0;Mathys JAUBERT;;HYPERCAR;;Genesis Magma Racing;Genesis;GF;35.833;60.490;39.006;
17;2;94;3:26.855;0;;1:50.755;0;1:02.865;0;33.235;0;121.9;3:30:22.654;17:31:13.817;1:50.755;1:02.865;0:33.235;269.6;Luis Felipe DERANI;0:01:23.159;HYPERCAR;;Genesis Magma Racing;Genesis;GF;110.755;62.865;33.235;
17;2;95;2:08.519;0;;35.896;0;1:00.455;0;32.168;0;196.2;3:32:31.173;17:33:22.336;0:35.896;1:00.455;0:32.168;298.5;Luis Felipe DERANI;;HYPERCAR;;Genesis Magma Racing;Genesis;GF;35.896;60.455;32.168;
17;2;96;2:07.341;0;;35.322;0;59.777;0;32.242;0;198.0;3:34:38.514;17:35:29.677;0:35.322;0:59.777;0:32.242;307.0;Luis Felipe DERANI;;HYPERCAR;;Genesis Magma Racing;Genesis;GF;35.322;59.777;32.242;
17;2;97;2:07.769;0;;35.349;0;1:00.024;0;32.396;0;197.3;3:36:46.283;17:37:37.446;0:35.349;1:00.024;0:32.396;305.2;Luis Felipe DERANI;;HYPERCAR;;Genesis Magma Racing;Genesis;GF;35.349;60.024;32.396;
17;2;98;2:08.492;0;;35.286;0;1:00.208;0;32.998;0;196.2;3:38:54.775;17:39:45.938;0:35.286;1:00.208;0:32.998;306.1;Luis Felipe DERANI;;HYPERCAR;;Genesis Magma Racing;Genesis;GF;35.286;60.208;32.998;
17;2;99;2:08.283;0;;35.440;0;1:00.057;0;32.786;0;196.6;3:41:03.058;17:41:54.221;0:35.440;1:00.057;0:32.786;302.7;Luis Felipe DERANI;;HYPERCAR;;Genesis Magma Racing;Genesis;GF;35.440;60.057;32.786;
17;2;100;2:08.225;0;;35.601;0;1:00.011;0;32.613;0;196.6;3:43:11.283;17:44:02.446;0:35.601;1:00.011;0:32.613;300.2;Luis Felipe DERANI;;HYPERCAR;;Genesis Magma Racing;Genesis;GF;35.601;60.011;32.613;
17;2;101;2:07.435;0;;35.303;0;1:00.073;0;32.059;0;197.9;3:45:18.718;17:46:09.881;0:35.303;1:00.073;0:32.059;307.8;Luis Felipe DERANI;;HYPERCAR;;Genesis Magma Racing;Genesis;GF;35.303;60.073;32.059;
17;2;102;2:06.015;0;;34.996;0;59.154;0;31.865;0;200.1;3:47:24.733;17:48:15.896;0:34.996;0:59.154;0:31.865;310.5;Luis Felipe DERANI;;HYPERCAR;;Genesis Magma Racing;Genesis;GF;34.996;59.154;31.865;
17;2;103;2:11.121;0;;35.229;0;1:03.701;0;32.191;0;192.3;3:49:35.854;17:50:27.017;0:35.229;1:03.701;0:32.191;279.3;Luis Felipe DERANI;;HYPERCAR;;Genesis Magma Racing;Genesis;GF;35.229;63.701;32.191;
17;2;104;3:39.961;0;;35.184;0;1:40.127;0;1:24.650;0;114.6;3:53:15.815;17:54:06.978;0:35.184;1:40.127;1:24.650;307.0;Luis Felipe DERANI;;HYPERCAR;;Genesis Magma Racing;Genesis;GF;35.184;100.127;84.650;
17;2;105;5:18.341;0;B;1:41.191;0;2:07.694;0;1:29.456;0;79.2;3:58:34.156;17:59:25.319;1:41.191;2:07.694;1:29.456;80.0;Luis Felipe DERANI;;HYPERCAR;;Genesis Magma Racing;Genesis;GF;101.191;127.694;89.456;
17;2;106;4:47.799;0;;2:22.803;0;1:43.479;0;41.517;0;87.6;4:03:21.955;18:04:13.118;2:22.803;1:43.479;0:41.517;79.3;Luis Felipe DERANI;0:01:01.781;HYPERCAR;;Genesis Magma Racing;Genesis;SF;142.803;103.479;41.517;
17;2;107;2:30.256;0;;43.490;0;1:09.700;0;37.066;0;167.8;4:05:52.211;18:06:43.374;0:43.490;1:09.700;0:37.066;207.2;Luis Felipe DERANI;;HYPERCAR;;Genesis Magma Racing;Genesis;SF;43.490;69.700;37.066;
17;2;108;4:13.771;0;;58.431;0;1:54.569;0;1:20.771;0;99.4;4:10:05.982;18:10:57.145;0:58.431;1:54.569;1:20.771;66.1;Luis Felipe DERANI;;HYPERCAR;;Genesis Magma Racing;Genesis;SF;58.431;114.569;80.771;
17;2;109;4:27.969;0;;1:23.606;0;1:45.500;0;1:18.863;0;94.1;4:14:33.951;18:15:25.114;1:23.606;1:45.500;1:18.863;95.6;Luis Felipe DERANI;;HYPERCAR;;Genesis Magma Racing;Genesis;SF;83.606;105.500;78.863;
17;2;110;3:05.203;0;;1:04.830;0;1:11.483;0;48.890;0;136.1;4:17:39.154;18:18:30.317;1:04.830;1:11.483;0:48.890;195.2;Luis Felipe DERANI;;HYPERCAR;;Genesis Magma Racing;Genesis;GF;64.830;71.483;48.890;
17;2;111;2:07.463;0;;35.730;0;59.822;0;31.911;0;197.8;4:19:46.617;18:20:37.780;0:35.730;0:59.822;0:31.911;293.7;Luis Felipe DERANI;;HYPERCAR;;Genesis Magma Racing;Genesis;GF;35.730;59.822;31.911;
17;2;112;2:06.447;0;;34.972;0;59.644;0;31.831;1;199.4;4:21:53.064;18:22:44.227;0:34.972;0:59.644;0:31.831;307.8;Luis Felipe DERANI;;HYPERCAR;;Genesis Magma Racing;Genesis;GF;34.972;59.644;31.831;
17;2;113;2:06.672;0;;35.070;0;59.609;0;31.993;0;199.1;4:23:59.736;18:24:50.899;0:35.070;0:59.609;0:31.993;295.3;Luis Felipe DERANI;;HYPERCAR;;Genesis Magma Racing;Genesis;GF;35.070;59.609;31.993;
17;2;114;2:07.012;0;;35.157;0;59.678;0;32.177;0;198.5;4:26:06.748;18:26:57.911;0:35.157;0:59.678;0:32.177;295.3;Luis Felipe DERANI;;HYPERCAR;;Genesis Magma Racing;Genesis;GF;35.157;59.678;32.177;
17;2;115;2:07.249;0;;35.261;0;59.828;0;32.160;0;198.1;4:28:13.997;18:29:05.160;0:35.261;0:59.828;0:32.160;301.8;Luis Felipe DERANI;;HYPERCAR;;Genesis Magma Racing;Genesis;GF;35.261;59.828;32.160;
17;2;116;2:06.699;0;;35.177;0;59.513;0;32.009;0;199.0;4:30:20.696;18:31:11.859;0:35.177;0:59.513;0:32.009;296.9;Luis Felipe DERANI;;HYPERCAR;;Genesis Magma Racing;Genesis;GF;35.177;59.513;32.009;
17;2;117;2:07.129;0;;35.140;0;59.819;0;32.170;0;198.3;4:32:27.825;18:33:18.988;0:35.140;0:59.819;0:32.170;301.8;Luis Felipe DERANI;;HYPERCAR;;Genesis Magma Racing;Genesis;GF;35.140;59.819;32.170;
17;2;118;2:06.526;0;;35.149;0;59.296;0;32.081;0;199.3;4:34:34.351;18:35:25.514;0:35.149;0:59.296;0:32.081;298.5;Luis Felipe DERANI;;HYPERCAR;;Genesis Magma Racing;Genesis;GF;35.149;59.296;32.081;
17;2;119;2:07.867;0;;35.195;0;1:00.290;0;32.382;0;197.2;4:36:42.218;18:37:33.381;0:35.195;1:00.290;0:32.382;296.9;Luis Felipe DERANI;;HYPERCAR;;Genesis Magma Racing;Genesis;GF;35.195;60.290;32.382;
17;2;120;2:10.512;0;;36.138;0;1:01.633;0;32.741;0;193.2;4:38:52.730;18:39:43.893;0:36.138;1:01.633;0:32.741;302.7;Luis Felipe DERANI;;HYPERCAR;;Genesis Magma Racing;Genesis;GF;36.138;61.633;32.741;
17;2;121;2:09.474;0;;35.510;0;1:01.371;0;32.593;0;194.7;4:41:02.204;18:41:53.367;0:35.510;1:01.371;0:32.593;281.5;Luis Felipe DERANI;;HYPERCAR;;Genesis Magma Racing;Genesis;GF;35.510;61.371;32.593;
17;2;122;2:07.465;0;;35.773;0;59.775;0;31.917;0;197.8;4:43:09.669;18:44:00.832;0:35.773;0:59.775;0:31.917;300.2;Luis Felipe DERANI;;HYPERCAR;;Genesis Magma Racing;Genesis;GF;35.773;59.775;31.917;
17;2;123;2:06.039;0;;35.032;0;58.982;1;32.025;0;200.1;4:45:15.708;18:46:06.871;0:35.032;0:58.982;0:32.025;298.5;Luis Felipe DERANI;;HYPERCAR;;Genesis Magma Racing;Genesis;GF;35.032;58.982;32.025;
17;2;124;2:06.527;0;;35.063;0;59.627;0;31.837;0;199.3;4:47:22.235;18:48:13.398;0:35.063;0:59.627;0:31.837;302.7;Luis Felipe DERANI;;HYPERCAR;;Genesis Magma Racing;Genesis;GF;35.063;59.627;31.837;
17;2;125;2:06.213;0;;34.964;0;59.418;0;31.831;0;199.8;4:49:28.448;18:50:19.611;0:34.964;0:59.418;0:31.831;298.5;Luis Felipe DERANI;;HYPERCAR;;Genesis Magma Racing;Genesis;GF;34.964;59.418;31.831;
17;2;126;2:06.683;0;;34.922;0;59.404;0;32.357;0;199.0;4:51:35.131;18:52:26.294;0:34.922;0:59.404;0:32.357;305.2;Luis Felipe DERANI;;HYPERCAR;;Genesis Magma Racing;Genesis;GF;34.922;59.404;32.357;
17;2;127;2:06.569;0;;34.922;0;59.762;0;31.885;0;199.2;4:53:41.700;18:54:32.863;0:34.922;0:59.762;0:31.885;305.2;Luis Felipe DERANI;;HYPERCAR;;Genesis Magma Racing;Genesis;GF;34.922;59.762;31.885;
17;2;128;2:06.473;0;;35.014;0;59.523;0;31.936;0;199.4;4:55:48.173;18:56:39.336;0:35.014;0:59.523;0:31.936;306.1;Luis Felipe DERANI;;HYPERCAR;;Genesis Magma Racing;Genesis;GF;35.014;59.523;31.936;
17;2;129;2:08.550;0;;34.975;0;1:00.126;0;33.449;0;196.1;4:57:56.723;18:58:47.886;0:34.975;1:00.126;0:33.449;299.3;Luis Felipe DERANI;;HYPERCAR;;Genesis Magma Racing;Genesis;GF;34.975;60.126;33.449;
17;2;130;2:11.496;0;;36.277;0;1:01.361;0;33.858;0;191.7;5:00:08.219;19:00:59.382;0:36.277;1:01.361;0:33.858;315.0;Luis Felipe DERANI;;HYPERCAR;;Genesis Magma Racing;Genesis;GF;36.277;61.361;33.858;
17;2;131;3:45.802;0;;35.520;0;1:45.629;0;1:24.653;0;111.7;5:03:54.021;19:04:45.184;0:35.520;1:45.629;1:24.653;304.4;Luis Felipe DERANI;;HYPERCAR;;Genesis Magma Racing;Genesis;GF;35.520;105.629;84.653;
17;2;132;5:18.224;0;B;1:41.413;0;2:07.577;0;1:29.234;0;79.2;5:09:12.245;19:10:03.408;1:41.413;2:07.577;1:29.234;79.9;Luis Felipe DERANI;;HYPERCAR;;Genesis Magma Racing;Genesis;GF;101.413;127.577;89.234;
17;2;133;4:49.534;0;;2:13.812;0;1:56.912;0;38.810;0;87.1;5:14:01.779;19:14:52.942;2:13.812;1:56.912;0:38.810;79.8;Luis Felipe DERANI;0:00:53.706;HYPERCAR;;Genesis Magma Racing;Genesis;SF;133.812;116.912;38.810;
17;2;134;4:37.486;0;;1:19.860;0;2:00.279;0;1:17.347;0;90.9;5:18:39.265;19:19:30.428;1:19.860;2:00.279;1:17.347;89.6;Luis Felipe DERANI;;HYPERCAR;;Genesis Magma Racing;Genesis;SF;79.860;120.279;77.347;
17;2;135;4:01.180;0;;1:30.938;0;1:32.679;0;57.563;0;104.5;5:22:40.445;19:23:31.608;1:30.938;1:32.679;0:57.563;75.7;Luis Felipe DERANI;;HYPERCAR;;Genesis Magma Racing;Genesis;SF;90.938;92.679;57.563;
17;2;136;2:59.773;0;;50.880;0;1:19.565;0;49.328;0;140.3;5:25:40.218;19:26:31.381;0:50.880;1:19.565;0:49.328;156.1;Luis Felipe DERANI;;HYPERCAR;;Genesis Magma Racing;Genesis;GF;50.880;79.565;49.328;
17;2;137;2:24.596;0;;38.373;0;1:08.836;0;37.387;0;174.4;5:28:04.814;19:28:55.977;0:38.373;1:08.836;0:37.387;183.0;Luis Felipe DERANI;;HYPERCAR;;Genesis Magma Racing;Genesis;SF;38.373;68.836;37.387;
17;2;138;4:20.761;0;;1:20.757;0;1:50.254;0;1:09.750;0;96.7;5:32:25.575;19:33:16.738;1:20.757;1:50.254;1:09.750;64.8;Luis Felipe DERANI;;HYPERCAR;;Genesis Magma Racing;Genesis;SF;80.757;110.254;69.750;
17;2;139;3:46.052;0;;1:31.307;0;1:25.416;0;49.329;0;111.5;5:36:11.627;19:37:02.790;1:31.307;1:25.416;0:49.329;83.4;Luis Felipe DERANI;;HYPERCAR;;Genesis Magma Racing;Genesis;GF;91.307;85.416;49.329;
17;2;140;2:13.625;0;;39.048;0;1:02.364;0;32.213;0;188.7;5:38:25.252;19:39:16.415;0:39.048;1:02.364;0:32.213;243.0;Luis Felipe DERANI;;HYPERCAR;;Genesis Magma Racing;Genesis;GF;39.048;62.364;32.213;
17;2;141;2:07.937;0;;35.364;0;1:00.448;0;32.125;0;197.1;5:40:33.189;19:41:24.352;0:35.364;1:00.448;0:32.125;307.0;Luis Felipe DERANI;;HYPERCAR;;Genesis Magma Racing;Genesis;GF;35.364;60.448;32.125;
17;2;142;2:06.970;0;;35.121;0;59.840;0;32.009;0;198.6;5:42:40.159;19:43:31.322;0:35.121;0:59.840;0:32.009;310.5;Luis Felipe DERANI;;HYPERCAR;;Genesis Magma Racing;Genesis;GF;35.121;59.840;32.009;
17;2;143;2:06.633;0;;35.023;0;59.669;0;31.941;0;199.1;5:44:46.792;19:45:37.955;0:35.023;0:59.669;0:31.941;312.3;Luis Felipe DERANI;;HYPERCAR;;Genesis Magma Racing;Genesis;GF;35.023;59.669;31.941;
17;2;144;2:06.464;0;;35.042;0;59.570;0;31.852;0;199.4;5:46:53.256;19:47:44.419;0:35.042;0:59.570;0:31.852;313.2;Luis Felipe DERANI;;HYPERCAR;;Genesis Magma Racing;Genesis;GF;35.042;59.570;31.852;
17;2;145;2:06.652;0;;34.995;0;59.622;0;32.035;0;199.1;5:48:59.908;19:49:51.071;0:34.995;0:59.622;0:32.035;313.2;Luis Felipe DERANI;;HYPERCAR;;Genesis Magma Racing;Genesis;GF;34.995;59.622;32.035;
17;2;146;2:06.370;0;;34.954;0;59.573;0;31.843;0;199.5;5:51:06.278;19:51:57.441;0:34.954;0:59.573;0:31.843;313.2;Luis Felipe DERANI;;HYPERCAR;;Genesis Magma Racing;Genesis;GF;34.954;59.573;31.843;
17;2;147;2:06.658;0;;35.014;0;59.670;0;31.974;0;199.1;5:53:12.936;19:54:04.099;0:35.014;0:59.670;0:31.974;312.3;Luis Felipe DERANI;;HYPERCAR;;Genesis Magma Racing;Genesis;GF;35.014;59.670;31.974;
17;2;148;2:06.645;0;;34.891;1;59.835;0;31.919;0;199.1;5:55:19.581;19:56:10.744;0:34.891;0:59.835;0:31.919;313.2;Luis Felipe DERANI;;HYPERCAR;;Genesis Magma Racing;Genesis;GF;34.891;59.835;31.919;
17;2;149;2:07.768;0;;35.014;0;1:00.633;0;32.121;0;197.3;5:57:27.349;19:58:18.512;0:35.014;1:00.633;0:32.121;314.1;Luis Felipe DERANI;;HYPERCAR;;Genesis Magma Racing;Genesis;GF;35.014;60.633;32.121;
17;2;150;2:10.199;0;;34.999;0;1:02.554;0;32.646;0;193.7;5:59:37.548;20:00:28.711;0:34.999;1:02.554;0:32.646;314.1;Luis Felipe DERANI;;HYPERCAR;;Genesis Magma Racing;Genesis;GF;34.999;62.554;32.646;
17;2;151;2:09.370;0;;35.711;0;1:00.867;0;32.792;0;194.9;6:01:46.918;20:02:38.081;0:35.711;1:00.867;0:32.792;306.1;Luis Felipe DERANI;;HYPERCAR;;Genesis Magma Racing;Genesis;FF;35.711;60.867;32.792;
19;3;1;2:11.896;0;;37.360;0;1:02.238;0;32.298;0;187.8;2:11.896;14:03:03.059;0:37.360;1:02.238;0:32.298;282.2;Daniel JUNCADELLA;;HYPERCAR;;Genesis Magma Racing;Genesis;GF;37.360;62.238;32.298;
19;3;2;2:06.644;0;;34.979;0;59.918;0;31.747;0;199.1;4:18.540;14:05:09.703;0:34.979;0:59.918;0:31.747;310.5;Daniel JUNCADELLA;;HYPERCAR;;Genesis Magma Racing;Genesis;GF;34.979;59.918;31.747;
19;3;3;2:06.027;0;;34.812;0;59.458;0;31.757;0;200.1;6:24.567;14:07:15.730;0:34.812;0:59.458;0:31.757;309.6;Daniel JUNCADELLA;;HYPERCAR;;Genesis Magma Racing;Genesis;GF;34.812;59.458;31.757;
19;3;4;2:05.989;0;;34.899;0;59.139;0;31.951;0;200.1;8:30.556;14:09:21.719;0:34.899;0:59.139;0:31.951;308.7;Daniel JUNCADELLA;;HYPERCAR;;Genesis Magma Racing;Genesis;GF;34.899;59.139;31.951;
19;3;5;2:05.941;0;;35.103;0;58.900;0;31.938;0;200.2;10:36.497;14:11:27.660;0:35.103;0:58.900;0:31.938;307.0;Daniel JUNCADELLA;;HYPERCAR;;Genesis Magma Racing;Genesis;GF;35.103;58.900;31.938;
19;3;6;2:06.031;0;;34.984;0;59.248;0;31.799;0;200.1;12:42.528;14:13:33.691;0:34.984;0:59.248;0:31.799;304.4;Daniel JUNCADELLA;;HYPERCAR;;Genesis Magma Racing;Genesis;GF;34.984;59.248;31.799;
19;3;7;2:32.238;0;;34.915;0;1:01.800;0;55.523;0;165.6;15:14.766;14:16:05.929;0:34.915;1:01.800;0:55.523;309.6;Daniel JUNCADELLA;;HYPERCAR;;Genesis Magma Racing;Genesis;SF;34.915;61.800;55.523;
19;3;8;4:44.630;0;;1:28.660;0;1:53.666;0;1:22.304;0;88.6;19:59.396;14:20:50.559;1:28.660;1:53.666;1:22.304;77.8;Daniel JUNCADELLA;;HYPERCAR;;Genesis Magma Racing;Genesis;SF;88.660;113.666;82.304;
19;3;9;3:07.230;0;;1:07.674;0;1:18.878;0;40.678;0;134.7;23:06.626;14:23:57.789;1:07.674;1:18.878;0:40.678;113.1;Daniel JUNCADELLA;;HYPERCAR;;Genesis Magma Racing;Genesis;SF;67.674;78.878;40.678;
19;3;10;2:55.860;0;;48.477;0;1:19.136;0;48.247;0;143.4;26:02.486;14:26:53.649;0:48.477;1:19.136;0:48.247;223.4;Daniel JUNCADELLA;;HYPERCAR;;Genesis Magma Racing;Genesis;GF;48.477;79.136;48.247;
19;3;11;2:08.005;0;;35.009;0;1:00.210;0;32.786;0;197.0;28:10.491;14:29:01.654;0:35.009;1:00.210;0:32.786;298.5;Daniel JUNCADELLA;;HYPERCAR;;Genesis Magma Racing;Genesis;GF;35.009;60.210;32.786;
19;3;12;2:06.493;0;;35.107;0;59.430;0;31.956;0;199.3;30:16.984;14:31:08.147;0:35.107;0:59.430;0:31.956;300.2;Daniel JUNCADELLA;;HYPERCAR;;Genesis Magma Racing;Genesis;GF;35.107;59.430;31.956;
19;3;13;2:06.853;0;;35.035;0;59.659;0;32.159;0;198.8;32:23.837;14:33:15.000;0:35.035;0:59.659;0:32.159;306.1;Daniel JUNCADELLA;;HYPERCAR;;Genesis Magma Racing;Genesis;GF;35.035;59.659;32.159;
19;3;14;2:06.641;0;;35.032;0;59.493;0;32.116;0;199.1;34:30.478;14:35:21.641;0:35.032;0:59.493;0:32.116;301.8;Daniel JUNCADELLA;;HYPERCAR;;Genesis Magma Racing;Genesis;GF;35.032;59.493;32.116;
19;3;15;2:06.312;0;;35.058;0;59.398;0;31.856;0;199.6;36:36.790;14:37:27.953;0:35.058;0:59.398;0:31.856;301.0;Daniel JUNCADELLA;;HYPERCAR;;Genesis Magma Racing;Genesis;GF;35.058;59.398;31.856;
19;3;16;2:05.820;0;;34.901;0;59.178;0;31.741;0;200.4;38:42.610;14:39:33.773;0:34.901;0:59.178;0:31.741;303.5;Daniel JUNCADELLA;;HYPERCAR;;Genesis Magma Racing;Genesis;GF;34.901;59.178;31.741;
19;3;17;2:07.156;0;;35.472;0;58.815;1;32.869;0;198.3;40:49.766;14:41:40.929;0:35.472;0:58.815;0:32.869;308.7;Daniel JUNCADELLA;;HYPERCAR;;Genesis Magma Racing;Genesis;GF;35.472;58.815;32.869;
19;3;18;2:11.230;0;;34.958;0;1:03.478;0;32.794;0;192.1;43:00.996;14:43:52.159;0:34.958;1:03.478;0:32.794;292.1;Daniel JUNCADELLA;;HYPERCAR;;Genesis Magma Racing;Genesis;GF;34.958;63.478;32.794;
19;3;19;2:08.880;0;;35.285;0;1:00.841;0;32.754;0;195.6;45:09.876;14:46:01.039;0:35.285;1:00.841;0:32.754;297.7;Daniel JUNCADELLA;;HYPERCAR;;Genesis Magma Racing;Genesis;GF;35.285;60.841;32.754;
19;3;20;2:09.300;0;;35.311;0;1:01.467;0;32.522;0;195.0;47:19.176;14:48:10.339;0:35.311;1:01.467;0:32.522;292.9;Daniel JUNCADELLA;;HYPERCAR;;Genesis Magma Racing;Genesis;GF;35.311;61.467;32.522;
19;3;21;2:11.453;0;;35.580;0;1:02.076;0;33.797;0;191.8;49:30.629;14:50:21.792;0:35.580;1:02.076;0:33.797;296.9;Daniel JUNCADELLA;;HYPERCAR;;Genesis Magma Racing;Genesis;GF;35.580;62.076;33.797;
19;3;22;2:10.555;0;;36.104;0;1:01.725;0;32.726;0;193.1;51:41.184;14:52:32.347;0:36.104;1:01.725;0:32.726;289.0;Daniel JUNCADELLA;;HYPERCAR;;Genesis Magma Racing;Genesis;GF;36.104;61.725;32.726;
19;3;23;2:07.499;0;;35.583;0;59.642;0;32.274;0;197.8;53:48.683;14:54:39.846;0:35.583;0:59.642;0:32.274;297.7;Daniel JUNCADELLA;;HYPERCAR;;Genesis Magma Racing;Genesis;GF;35.583;59.642;32.274;
19;3;24;2:13.228;0;B;35.420;0;59.590;0;38.218;0;189.3;56:01.911;14:56:53.074;0:35.420;0:59.590;0:38.218;297.7;Daniel JUNCADELLA;;HYPERCAR;;Genesis Magma Racing;Genesis;GF;35.420;59.590;38.218;
19;3;25;18:00.155;0;;16:26.369;0;1:01.317;0;32.469;0;23.3;1:14:02.066;15:14:53.229;16:26.369;1:01.317;0:32.469;279.3;Daniel JUNCADELLA;0:16:00.091;HYPERCAR;;Genesis Magma Racing;Genesis;GF;986.369;61.317;32.469;
19;3;26;2:07.372;0;;35.247;0;1:00.083;0;32.042;0;198.0;1:16:09.438;15:17:00.601;0:35.247;1:00.083;0:32.042;292.1;Daniel JUNCADELLA;;HYPERCAR;;Genesis Magma Racing;Genesis;GF;35.247;60.083;32.042;
19;3;27;2:07.232;0;;36.184;0;59.172;0;31.876;0;198.2;1:18:16.670;15:19:07.833;0:36.184;0:59.172;0:31.876;307.0;Daniel JUNCADELLA;;HYPERCAR;;Genesis Magma Racing;Genesis;GF;36.184;59.172;31.876;
19;3;28;2:06.276;0;;35.050;0;59.278;0;31.948;0;199.7;1:20:22.946;15:21:14.109;0:35.050;0:59.278;0:31.948;301.8;Daniel JUNCADELLA;;HYPERCAR;;Genesis Magma Racing;Genesis;GF;35.050;59.278;31.948;
19;3;29;2:07.614;0;;35.017;0;1:00.115;0;32.482;0;197.6;1:22:30.560;15:23:21.723;0:35.017;1:00.115;0:32.482;307.0;Daniel JUNCADELLA;;HYPERCAR;;Genesis Magma Racing;Genesis;GF;35.017;60.115;32.482;
19;3;30;2:07.584;0;;36.309;0;59.339;0;31.936;0;197.6;1:24:38.144;15:25:29.307;0:36.309;0:59.339;0:31.936;297.7;Daniel JUNCADELLA;;HYPERCAR;;Genesis Magma Racing;Genesis;GF;36.309;59.339;31.936;
19;3;31;2:07.644;0;;34.975;0;1:00.179;0;32.490;0;197.5;1:26:45.788;15:27:36.951;0:34.975;1:00.179;0:32.490;303.5;Daniel JUNCADELLA;;HYPERCAR;;Genesis Magma Racing;Genesis;GF;34.975;60.179;32.490;
19;3;32;2:07.551;0;;35.622;0;59.784;0;32.145;0;197.7;1:28:53.339;15:29:44.502;0:35.622;0:59.784;0:32.145;294.5;Daniel JUNCADELLA;;HYPERCAR;;Genesis Magma Racing;Genesis;GF;35.622;59.784;32.145;
19;3;33;2:06.640;0;;35.118;0;59.601;0;31.921;0;199.1;1:30:59.979;15:31:51.142;0:35.118;0:59.601;0:31.921;309.6;Daniel JUNCADELLA;;HYPERCAR;;Genesis Magma Racing;Genesis;GF;35.118;59.601;31.921;
19;3;34;2:06.289;0;;35.097;0;59.394;0;31.798;0;199.7;1:33:06.268;15:33:57.431;0:35.097;0:59.394;0:31.798;310.5;Daniel JUNCADELLA;;HYPERCAR;;Genesis Magma Racing;Genesis;GF;35.097;59.394;31.798;
19;3;35;2:06.863;0;;34.947;0;1:00.077;0;31.839;0;198.8;1:35:13.131;15:36:04.294;0:34.947;1:00.077;0:31.839;310.5;Daniel JUNCADELLA;;HYPERCAR;;Genesis Magma Racing;Genesis;GF;34.947;60.077;31.839;
19;3;36;2:05.711;0;;35.061;0;58.970;0;31.680;0;200.6;1:37:18.842;15:38:10.005;0:35.061;0:58.970;0:31.680;310.5;Daniel JUNCADELLA;;HYPERCAR;;Genesis Magma Racing;Genesis;GF;35.061;58.970;31.680;
19;3;37;2:08.083;0;;35.998;0;1:00.059;0;32.026;0;196.9;1:39:26.925;15:40:18.088;0:35.998;1:00.059;0:32.026;302.7;Daniel JUNCADELLA;;HYPERCAR;;Genesis Magma Racing;Genesis;GF;35.998;60.059;32.026;
19;3;38;2:09.233;0;;35.011;0;1:01.233;0;32.989;0;195.1;1:41:36.158;15:42:27.321;0:35.011;1:01.233;0:32.989;306.1;Daniel JUNCADELLA;;HYPERCAR;;Genesis Magma Racing;Genesis;GF;35.011;61.233;32.989;
19;3;39;2:06.685;0;;35.612;0;59.237;0;31.836;0;199.0;1:43:42.843;15:44:34.006;0:35.612;0:59.237;0:31.836;306.1;Daniel JUNCADELLA;;HYPERCAR;;Genesis Magma Racing;Genesis;GF;35.612;59.237;31.836;
19;3;40;2:06.480;0;;34.931;0;59.641;0;31.908;0;199.4;1:45:49.323;15:46:40.486;0:34.931;0:59.641;0:31.908;310.5;Daniel JUNCADELLA;;HYPERCAR;;Genesis Magma Racing;Genesis;GF;34.931;59.641;31.908;
19;3;41;2:07.216;0;;35.012;0;1:00.263;0;31.941;0;198.2;1:47:56.539;15:48:47.702;0:35.012;1:00.263;0:31.941;297.7;Daniel JUNCADELLA;;HYPERCAR;;Genesis Magma Racing;Genesis;GF;35.012;60.263;31.941;
19;3;42;2:06.680;0;;34.902;0;59.998;0;31.780;0;199.0;1:50:03.219;15:50:54.382;0:34.902;0:59.998;0:31.780;310.5;Daniel JUNCADELLA;;HYPERCAR;;Genesis Magma Racing;Genesis;GF;34.902;59.998;31.780;
19;3;43;2:05.264;2;;34.864;0;58.887;0;31.513;2;201.3;1:52:08.483;15:52:59.646;0:34.864;0:58.887;0:31.513;310.5;Daniel JUNCADELLA;;HYPERCAR;;Genesis Magma Racing;Genesis;GF;34.864;58.887;31.513;
19;3;44;2:05.935;0;;34.830;0;59.282;0;31.823;0;200.2;1:54:14.418;15:55:05.581;0:34.830;0:59.282;0:31.823;313.2;Daniel JUNCADELLA;;HYPERCAR;;Genesis Magma Racing;Genesis;GF;34.830;59.282;31.823;
19;3;45;2:06.850;0;;34.864;0;59.738;0;32.248;0;198.8;1:56:21.268;15:57:12.431;0:34.864;0:59.738;0:32.248;312.3;Daniel JUNCADELLA;;HYPERCAR;;Genesis Magma Racing;Genesis;GF;34.864;59.738;32.248;
19;3;46;2:07.053;0;;34.940;0;59.870;0;32.243;0;198.5;1:58:28.321;15:59:19.484;0:34.940;0:59.870;0:32.243;311.4;Daniel JUNCADELLA;;HYPERCAR;;Genesis Magma Racing;Genesis;GF;34.940;59.870;32.243;
19;3;47;2:06.893;0;;34.950;0;59.351;0;32.592;0;198.7;2:00:35.214;16:01:26.377;0:34.950;0:59.351;0:32.592;309.6;Daniel JUNCADELLA;;HYPERCAR;;Genesis Magma Racing;Genesis;GF;34.950;59.351;32.592;
19;3;48;2:11.332;0;B;34.795;1;58.951;0;37.586;0;192.0;2:02:46.546;16:03:37.709;0:34.795;0:58.951;0:37.586;313.2;Daniel JUNCADELLA;;HYPERCAR;;Genesis Magma Racing;Genesis;GF;34.795;58.951;37.586;
19;1;49;3:28.888;0;;1:53.133;0;1:03.447;0;32.308;0;120.7;2:06:15.434;16:07:06.597;1:53.133;1:03.447;0:32.308;262.4;Mathieu JAMINET;0:01:24.815;HYPERCAR;;Genesis Magma Racing;Genesis;GF;113.133;63.447;32.308;
19;1;50;2:09.377;0;;35.302;0;1:01.651;0;32.424;0;194.9;2:08:24.811;16:09:15.974;0:35.302;1:01.651;0:32.424;298.5;Mathieu JAMINET;;HYPERCAR;;Genesis Magma Racing;Genesis;GF;35.302;61.651;32.424;
19;1;51;2:06.032;0;;35.153;0;59.065;0;31.814;0;200.1;2:10:30.843;16:11:22.006;0:35.153;0:59.065;0:31.814;306.1;Mathieu JAMINET;;HYPERCAR;;Genesis Magma Racing;Genesis;GF;35.153;59.065;31.814;
19;1;52;2:06.206;0;;34.956;0;59.377;0;31.873;0;199.8;2:12:37.049;16:13:28.212;0:34.956;0:59.377;0:31.873;304.4;Mathieu JAMINET;;HYPERCAR;;Genesis Magma Racing;Genesis;GF;34.956;59.377;31.873;
19;1;53;2:06.323;0;;34.991;0;59.362;0;31.970;0;199.6;2:14:43.372;16:15:34.535;0:34.991;0:59.362;0:31.970;301.0;Mathieu JAMINET;;HYPERCAR;;Genesis Magma Racing;Genesis;GF;34.991;59.362;31.970;
19;1;54;2:06.246;0;;35.361;0;59.021;0;31.864;0;199.7;2:16:49.618;16:17:40.781;0:35.361;0:59.021;0:31.864;299.3;Mathieu JAMINET;;HYPERCAR;;Genesis Magma Racing;Genesis;GF;35.361;59.021;31.864;
19;1;55;2:05.605;0;;34.951;0;59.091;0;31.563;1;200.7;2:18:55.223;16:19:46.386;0:34.951;0:59.091;0:31.563;300.2;Mathieu JAMINET;;HYPERCAR;;Genesis Magma Racing;Genesis;GF;34.951;59.091;31.563;
19;1;56;2:07.396;0;;35.092;0;59.975;0;32.329;0;197.9;2:21:02.619;16:21:53.782;0:35.092;0:59.975;0:32.329;305.2;Mathieu JAMINET;;HYPERCAR;;Genesis Magma Racing;Genesis;GF;35.092;59.975;32.329;
19;1;57;2:05.694;0;;35.003;0;58.981;0;31.710;0;200.6;2:23:08.313;16:23:59.476;0:35.003;0:58.981;0:31.710;313.2;Mathieu JAMINET;;HYPERCAR;;Genesis Magma Racing;Genesis;GF;35.003;58.981;31.710;
19;1;58;2:06.558;0;;34.954;0;59.479;0;32.125;0;199.2;2:25:14.871;16:26:06.034;0:34.954;0:59.479;0:32.125;309.6;Mathieu JAMINET;;HYPERCAR;;Genesis Magma Racing;Genesis;GF;34.954;59.479;32.125;
19;1;59;2:06.392;0;;34.921;0;59.708;0;31.763;0;199.5;2:27:21.263;16:28:12.426;0:34.921;0:59.708;0:31.763;309.6;Mathieu JAMINET;;HYPERCAR;;Genesis Magma Racing;Genesis;GF;34.921;59.708;31.763;
19;1;60;2:05.490;0;;34.867;0;58.968;0;31.655;0;200.9;2:29:26.753;16:30:17.916;0:34.867;0:58.968;0:31.655;307.8;Mathieu JAMINET;;HYPERCAR;;Genesis Magma Racing;Genesis;GF;34.867;58.968;31.655;
19;1;61;2:06.066;0;;34.905;0;59.105;0;32.056;0;200.0;2:31:32.819;16:32:23.982;0:34.905;0:59.105;0:32.056;310.5;Mathieu JAMINET;;HYPERCAR;;Genesis Magma Racing;Genesis;GF;34.905;59.105;32.056;
19;1;62;2:07.452;0;;36.034;0;59.497;0;31.921;0;197.8;2:33:40.271;16:34:31.434;0:36.034;0:59.497;0:31.921;302.7;Mathieu JAMINET;;HYPERCAR;;Genesis Magma Racing;Genesis;GF;36.034;59.497;31.921;
19;1;63;2:05.791;0;;34.954;0;59.101;0;31.736;0;200.4;2:35:46.062;16:36:37.225;0:34.954;0:59.101;0:31.736;305.2;Mathieu JAMINET;;HYPERCAR;;Genesis Magma Racing;Genesis;GF;34.954;59.101;31.736;
19;1;64;2:06.065;0;;34.857;0;59.327;0;31.881;0;200.0;2:37:52.127;16:38:43.290;0:34.857;0:59.327;0:31.881;307.8;Mathieu JAMINET;;HYPERCAR;;Genesis Magma Racing;Genesis;GF;34.857;59.327;31.881;
19;1;65;2:07.055;0;;34.972;0;1:00.191;0;31.892;0;198.5;2:39:59.182;16:40:50.345;0:34.972;1:00.191;0:31.892;292.1;Mathieu JAMINET;;HYPERCAR;;Genesis Magma Racing;Genesis;GF;34.972;60.191;31.892;
19;1;66;2:07.745;0;;34.962;0;1:00.340;0;32.443;0;197.4;2:42:06.927;16:42:58.090;0:34.962;1:00.340;0:32.443;307.0;Mathieu JAMINET;;HYPERCAR;;Genesis Magma Racing;Genesis;GF;34.962;60.340;32.443;
19;1;67;2:08.460;0;;34.839;0;1:00.693;0;32.928;0;196.3;2:44:15.387;16:45:06.550;0:34.839;1:00.693;0:32.928;306.1;Mathieu JAMINET;;HYPERCAR;;Genesis Magma Racing;Genesis;GF;34.839;60.693;32.928;
19;1;68;3:25.542;0;;36.311;0;2:01.826;0;47.405;0;122.7;2:47:40.929;16:48:32.092;0:36.311;2:01.826;0:47.405;295.3;Mathieu JAMINET;;HYPERCAR;;Genesis Magma Racing;Genesis;GF;36.311;121.826;47.405;
19;1;69;2:08.838;0;;35.565;0;1:01.429;0;31.844;0;195.7;2:49:49.767;16:50:40.930;0:35.565;1:01.429;0:31.844;305.2;Mathieu JAMINET;;HYPERCAR;;Genesis Magma Racing;Genesis;GF;35.565;61.429;31.844;
19;1;70;2:06.184;0;;34.838;0;59.534;0;31.812;0;199.8;2:51:55.951;16:52:47.114;0:34.838;0:59.534;0:31.812;298.5;Mathieu JAMINET;;HYPERCAR;;Genesis Magma Racing;Genesis;GF;34.838;59.534;31.812;
19;1;71;2:06.283;0;;34.817;1;59.426;0;32.040;0;199.7;2:54:02.234;16:54:53.397;0:34.817;0:59.426;0:32.040;303.5;Mathieu JAMINET;;HYPERCAR;;Genesis Magma Racing;Genesis;GF;34.817;59.426;32.040;
19;1;72;2:07.111;0;;35.204;0;59.993;0;31.914;0;198.4;2:56:09.345;16:57:00.508;0:35.204;0:59.993;0:31.914;292.9;Mathieu JAMINET;;HYPERCAR;;Genesis Magma Racing;Genesis;GF;35.204;59.993;31.914;
19;1;73;2:14.830;0;B;37.199;0;59.445;0;38.186;0;187.0;2:58:24.175;16:59:15.338;0:37.199;0:59.445;0:38.186;286.7;Mathieu JAMINET;;HYPERCAR;;Genesis Magma Racing;Genesis;GF;37.199;59.445;38.186;
19;1;74;3:24.091;0;;1:47.849;0;1:02.977;0;33.265;0;123.5;3:01:48.266;17:02:39.429;1:47.849;1:02.977;0:33.265;263.0;Mathieu JAMINET;0:01:20.527;HYPERCAR;;Genesis Magma Racing;Genesis;GF;107.849;62.977;33.265;
19;1;75;2:07.721;0;;35.510;0;1:00.105;0;32.106;0;197.4;3:03:55.987;17:04:47.150;0:35.510;1:00.105;0:32.106;301.8;Mathieu JAMINET;;HYPERCAR;;Genesis Magma Racing;Genesis;GF;35.510;60.105;32.106;
19;1;76;3:46.869;0;;43.683;0;2:28.145;0;35.041;0;111.1;3:07:42.856;17:08:34.019;0:43.683;2:28.145;0:35.041;180.3;Mathieu JAMINET;;HYPERCAR;;Genesis Magma Racing;Genesis;GF;43.683;148.145;35.041;
19;1;77;2:11.836;0;;37.089;0;1:02.341;0;32.406;0;191.3;3:09:54.692;17:10:45.855;0:37.089;1:02.341;0:32.406;279.3;Mathieu JAMINET;;HYPERCAR;;Genesis Magma Racing;Genesis;GF;37.089;62.341;32.406;
19;1;78;2:09.217;0;;35.619;0;1:01.100;0;32.498;0;195.1;3:12:03.909;17:12:55.072;0:35.619;1:01.100;0:32.498;303.5;Mathieu JAMINET;;HYPERCAR;;Genesis Magma Racing;Genesis;GF;35.619;61.100;32.498;
19;1;79;2:07.393;0;;35.498;0;59.696;0;32.199;0;197.9;3:14:11.302;17:15:02.465;0:35.498;0:59.696;0:32.199;304.4;Mathieu JAMINET;;HYPERCAR;;Genesis Magma Racing;Genesis;GF;35.498;59.696;32.199;
19;1;80;2:07.462;0;;35.367;0;59.558;0;32.537;0;197.8;3:16:18.764;17:17:09.927;0:35.367;0:59.558;0:32.537;309.6;Mathieu JAMINET;;HYPERCAR;;Genesis Magma Racing;Genesis;GF;35.367;59.558;32.537;
19;1;81;2:08.245;0;;35.402;0;1:00.882;0;31.961;0;196.6;3:18:27.009;17:19:18.172;0:35.402;1:00.882;0:31.961;298.5;Mathieu JAMINET;;HYPERCAR;;Genesis Magma Racing;Genesis;GF;35.402;60.882;31.961;
19;1;82;2:06.544;0;;35.260;0;59.413;0;31.871;0;199.3;3:20:33.553;17:21:24.716;0:35.260;0:59.413;0:31.871;307.8;Mathieu JAMINET;;HYPERCAR;;Genesis Magma Racing;Genesis;GF;35.260;59.413;31.871;
19;1;83;2:07.813;0;;35.294;0;1:00.402;0;32.117;0;197.3;3:22:41.366;17:23:32.529;0:35.294;1:00.402;0:32.117;286.7;Mathieu JAMINET;;HYPERCAR;;Genesis Magma Racing;Genesis;GF;35.294;60.402;32.117;
19;1;84;2:07.887;0;;35.234;0;1:00.357;0;32.296;0;197.2;3:24:49.253;17:25:40.416;0:35.234;1:00.357;0:32.296;307.0;Mathieu JAMINET;;HYPERCAR;;Genesis Magma Racing;Genesis;GF;35.234;60.357;32.296;
19;1;85;2:08.450;0;;35.209;0;1:00.630;0;32.611;0;196.3;3:26:57.703;17:27:48.866;0:35.209;1:00.630;0:32.611;303.5;Mathieu JAMINET;;HYPERCAR;;Genesis Magma Racing;Genesis;GF;35.209;60.630;32.611;
19;1;86;2:09.729;0;;35.345;0;1:01.932;0;32.452;0;194.4;3:29:07.432;17:29:58.595;0:35.345;1:01.932;0:32.452;307.0;Mathieu JAMINET;;HYPERCAR;;Genesis Magma Racing;Genesis;GF;35.345;61.932;32.452;
19;1;87;2:07.581;0;;35.530;0;1:00.039;0;32.012;0;197.6;3:31:15.013;17:32:06.176;0:35.530;1:00.039;0:32.012;310.5;Mathieu JAMINET;;HYPERCAR;;Genesis Magma Racing;Genesis;GF;35.530;60.039;32.012;
19;1;88;2:06.273;0;;35.328;0;59.131;0;31.814;0;199.7;3:33:21.286;17:34:12.449;0:35.328;0:59.131;0:31.814;305.2;Mathieu JAMINET;;HYPERCAR;;Genesis Magma Racing;Genesis;GF;35.328;59.131;31.814;
19;1;89;2:06.292;0;;35.343;0;59.087;0;31.862;0;199.6;3:35:27.578;17:36:18.741;0:35.343;0:59.087;0:31.862;307.8;Mathieu JAMINET;;HYPERCAR;;Genesis Magma Racing;Genesis;GF;35.343;59.087;31.862;
19;1;90;2:06.858;0;;35.094;0;1:00.075;0;31.689;0;198.8;3:37:34.436;17:38:25.599;0:35.094;1:00.075;0:31.689;308.7;Mathieu JAMINET;;HYPERCAR;;Genesis Magma Racing;Genesis;GF;35.094;60.075;31.689;
19;1;91;2:07.464;0;;35.172;0;59.886;0;32.406;0;197.8;3:39:41.900;17:40:33.063;0:35.172;0:59.886;0:32.406;307.0;Mathieu JAMINET;;HYPERCAR;;Genesis Magma Racing;Genesis;GF;35.172;59.886;32.406;
19;1;92;2:05.707;0;;35.121;0;58.900;0;31.686;0;200.6;3:41:47.607;17:42:38.770;0:35.121;0:58.900;0:31.686;310.5;Mathieu JAMINET;;HYPERCAR;;Genesis Magma Racing;Genesis;GF;35.121;58.900;31.686;
19;1;93;2:05.535;0;;35.061;0;58.824;1;31.650;0;200.9;3:43:53.142;17:44:44.305;0:35.061;0:58.824;0:31.650;312.3;Mathieu JAMINET;;HYPERCAR;;Genesis Magma Racing;Genesis;GF;35.061;58.824;31.650;
19;1;94;2:06.242;0;;35.299;0;59.153;0;31.790;0;199.7;3:45:59.384;17:46:50.547;0:35.299;0:59.153;0:31.790;310.5;Mathieu JAMINET;;HYPERCAR;;Genesis Magma Racing;Genesis;GF;35.299;59.153;31.790;
19;1;95;2:07.374;0;;35.149;0;59.564;0;32.661;0;198.0;3:48:06.758;17:48:57.921;0:35.149;0:59.564;0:32.661;308.7;Mathieu JAMINET;;HYPERCAR;;Genesis Magma Racing;Genesis;GF;35.149;59.564;32.661;
19;1;96;2:07.826;0;;35.318;0;59.885;0;32.623;0;197.3;3:50:14.584;17:51:05.747;0:35.318;0:59.885;0:32.623;307.8;Mathieu JAMINET;;HYPERCAR;;Genesis Magma Racing;Genesis;GF;35.318;59.885;32.623;
19;1;97;4:41.891;0;B;1:04.807;0;2:07.920;0;1:29.164;0;89.4;3:54:56.475;17:55:47.638;1:04.807;2:07.920;1:29.164;79.8;Mathieu JAMINET;;HYPERCAR;;Genesis Magma Racing;Genesis;GF;64.807;127.920;89.164;
19;2;98;6:19.822;0;;2:44.397;0;2:08.992;0;1:26.433;0;66.4;4:01:16.297;18:02:07.460;2:44.397;2:08.992;1:26.433;79.3;Paul-Loup CHATIN;0:01:23.771;HYPERCAR;;Genesis Magma Racing;Genesis;GF;164.397;128.992;86.433;
19;2;99;3:45.392;0;;1:17.808;0;1:29.571;0;58.013;0;111.9;4:05:01.689;18:05:52.852;1:17.808;1:29.571;0:58.013;165.4;Paul-Loup CHATIN;;HYPERCAR;;Genesis Magma Racing;Genesis;SF;77.808;89.571;58.013;
19;2;100;4:47.711;0;;1:16.832;0;2:14.009;0;1:16.870;0;87.6;4:09:49.400;18:10:40.563;1:16.832;2:14.009;1:16.870;86.3;Paul-Loup CHATIN;;HYPERCAR;;Genesis Magma Racing;Genesis;SF;76.832;134.009;76.870;
19;2;101;4:27.767;0;;1:23.256;0;1:50.079;0;1:14.432;0;94.2;4:14:17.167;18:15:08.330;1:23.256;1:50.079;1:14.432;102.9;Paul-Loup CHATIN;;HYPERCAR;;Genesis Magma Racing;Genesis;SF;83.256;110.079;74.432;
19;2;102;3:13.587;0;;1:01.331;0;1:20.668;0;51.588;0;130.2;4:17:30.754;18:18:21.917;1:01.331;1:20.668;0:51.588;208.0;Paul-Loup CHATIN;;HYPERCAR;;Genesis Magma Racing;Genesis;GF;61.331;80.668;51.588;
19;2;103;2:20.915;0;;47.068;0;1:01.575;0;32.272;0;178.9;4:19:51.669;18:20:42.832;0:47.068;1:01.575;0:32.272;264.3;Paul-Loup CHATIN;;HYPERCAR;;Genesis Magma Racing;Genesis;GF;47.068;61.575;32.272;
19;2;104;2:06.510;0;;35.295;0;59.442;0;31.773;0;199.3;4:21:58.179;18:22:49.342;0:35.295;0:59.442;0:31.773;301.0;Paul-Loup CHATIN;;HYPERCAR;;Genesis Magma Racing;Genesis;GF;35.295;59.442;31.773;
19;2;105;2:05.397;0;;35.152;0;58.558;2;31.687;0;201.1;4:24:03.576;18:24:54.739;0:35.152;0:58.558;0:31.687;303.5;Paul-Loup CHATIN;;HYPERCAR;;Genesis Magma Racing;Genesis;GF;35.152;58.558;31.687;
19;2;106;2:05.508;0;;35.139;0;58.768;0;31.601;0;200.9;4:26:09.084;18:27:00.247;0:35.139;0:58.768;0:31.601;302.7;Paul-Loup CHATIN;;HYPERCAR;;Genesis Magma Racing;Genesis;GF;35.139;58.768;31.601;
19;2;107;2:06.820;0;;35.413;0;59.483;0;31.924;0;198.8;4:28:15.904;18:29:07.067;0:35.413;0:59.483;0:31.924;301.0;Paul-Loup CHATIN;;HYPERCAR;;Genesis Magma Racing;Genesis;GF;35.413;59.483;31.924;
19;2;108;2:06.604;0;;35.219;0;59.546;0;31.839;0;199.2;4:30:22.508;18:31:13.671;0:35.219;0:59.546;0:31.839;302.7;Paul-Loup CHATIN;;HYPERCAR;;Genesis Magma Racing;Genesis;GF;35.219;59.546;31.839;
19;2;109;2:06.472;0;;35.111;0;59.584;0;31.777;0;199.4;4:32:28.980;18:33:20.143;0:35.111;0:59.584;0:31.777;300.2;Paul-Loup CHATIN;;HYPERCAR;;Genesis Magma Racing;Genesis;GF;35.111;59.584;31.777;
19;2;110;2:06.578;0;;35.049;0;59.643;0;31.886;0;199.2;4:34:35.558;18:35:26.721;0:35.049;0:59.643;0:31.886;298.5;Paul-Loup CHATIN;;HYPERCAR;;Genesis Magma Racing;Genesis;GF;35.049;59.643;31.886;
19;2;111;2:07.585;0;;35.127;0;59.809;0;32.649;0;197.6;4:36:43.143;18:37:34.306;0:35.127;0:59.809;0:32.649;302.7;Paul-Loup CHATIN;;HYPERCAR;;Genesis Magma Racing;Genesis;GF;35.127;59.809;32.649;
19;2;112;2:11.409;0;;35.683;0;1:02.867;0;32.859;0;191.9;4:38:54.552;18:39:45.715;0:35.683;1:02.867;0:32.859;279.3;Paul-Loup CHATIN;;HYPERCAR;;Genesis Magma Racing;Genesis;GF;35.683;62.867;32.859;
19;2;113;2:12.122;0;;35.744;0;1:03.078;0;33.300;0;190.8;4:41:06.674;18:41:57.837;0:35.744;1:03.078;0:33.300;299.3;Paul-Loup CHATIN;;HYPERCAR;;Genesis Magma Racing;Genesis;GF;35.744;63.078;33.300;
19;2;114;2:07.781;0;;35.125;0;1:00.737;0;31.919;0;197.3;4:43:14.455;18:44:05.618;0:35.125;1:00.737;0:31.919;297.7;Paul-Loup CHATIN;;HYPERCAR;;Genesis Magma Racing;Genesis;GF;35.125;60.737;31.919;
19;2;115;2:05.821;0;;34.894;0;59.246;0;31.681;0;200.4;4:45:20.276;18:46:11.439;0:34.894;0:59.246;0:31.681;304.4;Paul-Loup CHATIN;;HYPERCAR;;Genesis Magma Racing;Genesis;GF;34.894;59.246;31.681;
19;2;116;2:06.597;0;;35.130;0;59.653;0;31.814;0;199.2;4:47:26.873;18:48:18.036;0:35.130;0:59.653;0:31.814;301.8;Paul-Loup CHATIN;;HYPERCAR;;Genesis Magma Racing;Genesis;GF;35.130;59.653;31.814;
19;2;117;2:07.757;0;;36.359;0;59.611;0;31.787;0;197.4;4:49:34.630;18:50:25.793;0:36.359;0:59.611;0:31.787;301.0;Paul-Loup CHATIN;;HYPERCAR;;Genesis Magma Racing;Genesis;GF;36.359;59.611;31.787;
19;2;118;2:05.856;0;;34.949;0;59.220;0;31.687;0;200.3;4:51:40.486;18:52:31.649;0:34.949;0:59.220;0:31.687;303.5;Paul-Loup CHATIN;;HYPERCAR;;Genesis Magma Racing;Genesis;GF;34.949;59.220;31.687;
19;2;119;2:05.965;0;;34.915;0;59.286;0;31.764;0;200.2;4:53:46.451;18:54:37.614;0:34.915;0:59.286;0:31.764;305.2;Paul-Loup CHATIN;;HYPERCAR;;Genesis Magma Racing;Genesis;GF;34.915;59.286;31.764;
19;2;120;2:05.884;0;;35.014;0;59.128;0;31.742;0;200.3;4:55:52.335;18:56:43.498;0:35.014;0:59.128;0:31.742;298.5;Paul-Loup CHATIN;;HYPERCAR;;Genesis Magma Racing;Genesis;GF;35.014;59.128;31.742;
19;2;121;2:07.026;0;;35.205;0;59.463;0;32.358;0;198.5;4:57:59.361;18:58:50.524;0:35.205;0:59.463;0:32.358;288.2;Paul-Loup CHATIN;;HYPERCAR;;Genesis Magma Racing;Genesis;GF;35.205;59.463;32.358;
19;2;122;2:12.524;0;;38.615;0;1:00.805;0;33.104;0;190.3;5:00:11.885;19:01:03.048;0:38.615;1:00.805;0:33.104;279.3;Paul-Loup CHATIN;;HYPERCAR;;Genesis Magma Racing;Genesis;GF;38.615;60.805;33.104;
19;2;123;3:53.657;0;;37.790;0;1:50.868;0;1:24.999;0;107.9;5:04:05.542;19:04:56.705;0:37.790;1:50.868;1:24.999;290.5;Paul-Loup CHATIN;;HYPERCAR;;Genesis Magma Racing;Genesis;GF;37.790;110.868;84.999;
19;2;124;5:22.029;0;B;1:42.555;0;2:09.654;0;1:29.820;0;78.3;5:09:27.571;19:10:18.734;1:42.555;2:09.654;1:29.820;79.9;Paul-Loup CHATIN;;HYPERCAR;;Genesis Magma Racing;Genesis;GF;102.555;129.654;89.820;
19;2;125;5:03.190;0;;2:41.120;0;1:38.620;0;43.450;0;83.2;5:14:30.761;19:15:21.924;2:41.120;1:38.620;0:43.450;79.3;Paul-Loup CHATIN;0:01:20.348;HYPERCAR;;Genesis Magma Racing;Genesis;SF;161.120;98.620;43.450;
19;2;126;4:17.406;0;;1:00.693;0;1:58.934;0;1:17.779;0;98.0;5:18:48.167;19:19:39.330;1:00.693;1:58.934;1:17.779;75.9;Paul-Loup CHATIN;;HYPERCAR;;Genesis Magma Racing;Genesis;SF;60.693;118.934;77.779;
19;2;127;4:02.222;0;;1:32.774;0;1:30.244;0;59.204;0;104.1;5:22:50.389;19:23:41.552;1:32.774;1:30.244;0:59.204;70.8;Paul-Loup CHATIN;;HYPERCAR;;Genesis Magma Racing;Genesis;SF;92.774;90.244;59.204;
19;2;128;2:55.636;0;;49.575;0;1:17.612;0;48.449;0;143.6;5:25:46.025;19:26:37.188;0:49.575;1:17.612;0:48.449;181.5;Paul-Loup CHATIN;;HYPERCAR;;Genesis Magma Racing;Genesis;GF;49.575;77.612;48.449;
19;2;129;2:35.713;0;;39.227;0;1:15.187;0;41.299;0;161.9;5:28:21.738;19:29:12.901;0:39.227;1:15.187;0:41.299;183.4;Paul-Loup CHATIN;;HYPERCAR;;Genesis Magma Racing;Genesis;SF;39.227;75.187;41.299;
19;2;130;4:15.651;0;;1:18.484;0;1:44.234;0;1:12.933;0;98.6;5:32:37.389;19:33:28.552;1:18.484;1:44.234;1:12.933;56.5;Paul-Loup CHATIN;;HYPERCAR;;Genesis Magma Racing;Genesis;SF;78.484;104.234;72.933;
19;2;131;3:39.840;0;;1:33.576;0;1:19.194;0;47.070;0;114.7;5:36:17.229;19:37:08.392;1:33.576;1:19.194;0:47.070;81.8;Paul-Loup CHATIN;;HYPERCAR;;Genesis Magma Racing;Genesis;GF;93.576;79.194;47.070;
19;2;132;2:12.840;0;;37.138;0;1:02.920;0;32.782;0;189.8;5:38:30.069;19:39:21.232;0:37.138;1:02.920;0:32.782;239.7;Paul-Loup CHATIN;;HYPERCAR;;Genesis Magma Racing;Genesis;GF;37.138;62.920;32.782;
19;2;133;2:06.366;0;;35.131;0;59.465;0;31.770;0;199.5;5:40:36.435;19:41:27.598;0:35.131;0:59.465;0:31.770;298.5;Paul-Loup CHATIN;;HYPERCAR;;Genesis Magma Racing;Genesis;GF;35.131;59.465;31.770;
19;2;134;2:05.438;0;;34.901;0;58.950;0;31.587;1;201.0;5:42:41.873;19:43:33.036;0:34.901;0:58.950;0:31.587;312.3;Paul-Loup CHATIN;;HYPERCAR;;Genesis Magma Racing;Genesis;GF;34.901;58.950;31.587;
19;2;135;2:06.313;0;;34.791;2;59.508;0;32.014;0;199.6;5:44:48.186;19:45:39.349;0:34.791;0:59.508;0:32.014;311.4;Paul-Loup CHATIN;;HYPERCAR;;Genesis Magma Racing;Genesis;GF;34.791;59.508;32.014;
19;2;136;2:09.090;0;;37.106;0;59.947;0;32.037;0;195.3;5:46:57.276;19:47:48.439;0:37.106;0:59.947;0:32.037;294.5;Paul-Loup CHATIN;;HYPERCAR;;Genesis Magma Racing;Genesis;GF;37.106;59.947;32.037;
19;2;137;2:06.513;0;;35.117;0;59.578;0;31.818;0;199.3;5:49:03.789;19:49:54.952;0:35.117;0:59.578;0:31.818;296.1;Paul-Loup CHATIN;;HYPERCAR;;Genesis Magma Racing;Genesis;GF;35.117;59.578;31.818;
19;2;138;2:06.214;0;;35.092;0;59.264;0;31.858;0;199.8;5:51:10.003;19:52:01.166;0:35.092;0:59.264;0:31.858;301.0;Paul-Loup CHATIN;;HYPERCAR;;Genesis Magma Racing;Genesis;GF;35.092;59.264;31.858;
19;2;139;2:06.383;0;;35.042;0;59.331;0;32.010;0;199.5;5:53:16.386;19:54:07.549;0:35.042;0:59.331;0:32.010;300.2;Paul-Loup CHATIN;;HYPERCAR;;Genesis Magma Racing;Genesis;GF;35.042;59.331;32.010;
19;2;140;2:06.454;0;;34.933;0;59.623;0;31.898;0;199.4;5:55:22.840;19:56:14.003;0:34.933;0:59.623;0:31.898;298.5;Paul-Loup CHATIN;;HYPERCAR;;Genesis Magma Racing;Genesis;GF;34.933;59.623;31.898;
19;2;141;2:08.777;0;;35.032;0;1:01.163;0;32.582;0;195.8;5:57:31.617;19:58:22.780;0:35.032;1:01.163;0:32.582;305.2;Paul-Loup CHATIN;;HYPERCAR;;Genesis Magma Racing;Genesis;GF;35.032;61.163;32.582;
19;2;142;2:09.529;0;;36.690;0;1:00.137;0;32.702;0;194.7;5:59:41.146;20:00:32.309;0:36.690;1:00.137;0:32.702;301.0;Paul-Loup CHATIN;;HYPERCAR;;Genesis Magma Racing;Genesis;GF;36.690;60.137;32.702;
19;2;143;2:10.490;0;;36.178;0;1:01.611;0;32.701;0;193.2;6:01:51.636;20:02:42.799;0:36.178;1:01.611;0:32.701;289.0;Paul-Loup CHATIN;;HYPERCAR;;Genesis Magma Racing;Genesis;FF;36.178;61.611;32.701;
20;2;1;2:10.567;0;;37.357;0;1:01.038;0;32.172;0;189.7;2:10.567;14:03:01.730;0:37.357;1:01.038;0:32.172;280.0;René RAST;;HYPERCAR;;BMW M Team WRT;BMW;GF;37.357;61.038;32.172;
20;2;2;2:05.476;0;;34.558;0;59.099;0;31.819;0;200.9;4:16.043;14:05:07.206;0:34.558;0:59.099;0:31.819;307.8;René RAST;;HYPERCAR;;BMW M Team WRT;BMW;GF;34.558;59.099;31.819;
20;2;3;2:05.584;0;;34.486;0;59.428;0;31.670;0;200.8;6:21.627;14:07:12.790;0:34.486;0:59.428;0:31.670;304.4;René RAST;;HYPERCAR;;BMW M Team WRT;BMW;GF;34.486;59.428;31.670;
20;2;4;2:05.668;0;;34.623;0;59.252;0;31.793;0;200.6;8:27.295;14:09:18.458;0:34.623;0:59.252;0:31.793;309.6;René RAST;;HYPERCAR;;BMW M Team WRT;BMW;GF;34.623;59.252;31.793;
20;2;5;2:06.230;0;;34.592;0;59.747;0;31.891;0;199.7;10:33.525;14:11:24.688;0:34.592;0:59.747;0:31.891;307.8;René RAST;;HYPERCAR;;BMW M Team WRT;BMW;GF;34.592;59.747;31.891;
20;2;6;2:05.708;0;;34.491;0;59.360;0;31.857;0;200.6;12:39.233;14:13:30.396;0:34.491;0:59.360;0:31.857;299.3;René RAST;;HYPERCAR;;BMW M Team WRT;BMW;GF;34.491;59.360;31.857;
20;2;7;2:30.406;0;;34.544;0;1:01.584;0;54.278;0;167.6;15:09.639;14:16:00.802;0:34.544;1:01.584;0:54.278;298.5;René RAST;;HYPERCAR;;BMW M Team WRT;BMW;SF;34.544;61.584;54.278;
20;2;8;4:46.214;0;;1:28.697;0;1:54.694;0;1:22.823;0;88.1;19:55.853;14:20:47.016;1:28.697;1:54.694;1:22.823;92.0;René RAST;;HYPERCAR;;BMW M Team WRT;BMW;SF;88.697;114.694;82.823;
20;2;9;3:07.009;0;;1:07.973;0;1:18.223;0;40.813;0;134.8;23:02.862;14:23:54.025;1:07.973;1:18.223;0:40.813;117.8;René RAST;;HYPERCAR;;BMW M Team WRT;BMW;SF;67.973;78.223;40.813;
20;2;10;2:57.570;0;;48.164;0;1:19.586;0;49.820;0;142.0;26:00.432;14:26:51.595;0:48.164;1:19.586;0:49.820;213.3;René RAST;;HYPERCAR;;BMW M Team WRT;BMW;GF;48.164;79.586;49.820;
20;2;11;2:06.975;0;;34.880;0;1:00.192;0;31.903;0;198.6;28:07.407;14:28:58.570;0:34.880;1:00.192;0:31.903;296.9;René RAST;;HYPERCAR;;BMW M Team WRT;BMW;GF;34.880;60.192;31.903;
20;2;12;2:06.460;0;;34.550;0;1:00.050;0;31.860;0;199.4;30:13.867;14:31:05.030;0:34.550;1:00.050;0:31.860;302.7;René RAST;;HYPERCAR;;BMW M Team WRT;BMW;GF;34.550;60.050;31.860;
20;2;13;2:06.170;0;;34.479;0;59.831;0;31.860;0;199.8;32:20.037;14:33:11.200;0:34.479;0:59.831;0:31.860;298.5;René RAST;;HYPERCAR;;BMW M Team WRT;BMW;GF;34.479;59.831;31.860;
20;2;14;2:06.195;0;;34.565;0;59.751;0;31.879;0;199.8;34:26.232;14:35:17.395;0:34.565;0:59.751;0:31.879;301.8;René RAST;;HYPERCAR;;BMW M Team WRT;BMW;GF;34.565;59.751;31.879;
20;2;15;2:06.157;0;;34.596;0;59.825;0;31.736;0;199.9;36:32.389;14:37:23.552;0:34.596;0:59.825;0:31.736;306.1;René RAST;;HYPERCAR;;BMW M Team WRT;BMW;GF;34.596;59.825;31.736;
20;2;16;2:06.519;0;;34.580;0;59.989;0;31.950;0;199.3;38:38.908;14:39:30.071;0:34.580;0:59.989;0:31.950;296.9;René RAST;;HYPERCAR;;BMW M Team WRT;BMW;GF;34.580;59.989;31.950;
20;2;17;2:07.084;0;;34.334;0;59.866;0;32.884;0;198.4;40:45.992;14:41:37.155;0:34.334;0:59.866;0:32.884;315.9;René RAST;;HYPERCAR;;BMW M Team WRT;BMW;GF;34.334;59.866;32.884;
20;2;18;2:09.803;0;;34.578;0;1:02.500;0;32.725;0;194.2;42:55.795;14:43:46.958;0:34.578;1:02.500;0:32.725;314.1;René RAST;;HYPERCAR;;BMW M Team WRT;BMW;GF;34.578;62.500;32.725;
20;2;19;2:09.387;0;;34.979;0;1:01.237;0;33.171;0;194.9;45:05.182;14:45:56.345;0:34.979;1:01.237;0:33.171;305.2;René RAST;;HYPERCAR;;BMW M Team WRT;BMW;GF;34.979;61.237;33.171;
20;2;20;2:05.475;0;;34.615;0;59.248;0;31.612;0;200.9;47:10.657;14:48:01.820;0:34.615;0:59.248;0:31.612;295.3;René RAST;;HYPERCAR;;BMW M Team WRT;BMW;GF;34.615;59.248;31.612;
20;2;21;2:04.815;0;;34.356;0;58.950;0;31.509;0;202.0;49:15.472;14:50:06.635;0:34.356;0:58.950;0:31.509;300.2;René RAST;;HYPERCAR;;BMW M Team WRT;BMW;GF;34.356;58.950;31.509;
20;2;22;2:05.221;0;;34.376;0;59.091;0;31.754;0;201.4;51:20.693;14:52:11.856;0:34.376;0:59.091;0:31.754;304.4;René RAST;;HYPERCAR;;BMW M Team WRT;BMW;GF;34.376;59.091;31.754;
20;2;23;2:05.998;0;;34.424;0;59.700;0;31.874;0;200.1;53:26.691;14:54:17.854;0:34.424;0:59.700;0:31.874;301.8;René RAST;;HYPERCAR;;BMW M Team WRT;BMW;GF;34.424;59.700;31.874;
20;2;24;2:05.950;0;;34.464;0;59.582;0;31.904;0;200.2;55:32.641;14:56:23.804;0:34.464;0:59.582;0:31.904;298.5;René RAST;;HYPERCAR;;BMW M Team WRT;BMW;GF;34.464;59.582;31.904;
20;2;25;2:06.337;0;;34.830;0;59.682;0;31.825;0;199.6;57:38.978;14:58:30.141;0:34.830;0:59.682;0:31.825;292.1;René RAST;;HYPERCAR;;BMW M Team WRT;BMW;GF;34.830;59.682;31.825;
20;2;26;2:13.290;0;B;35.735;0;59.321;0;38.234;0;189.2;59:52.268;15:00:43.431;0:35.735;0:59.321;0:38.234;284.4;René RAST;;HYPERCAR;;BMW M Team WRT;BMW;GF;35.735;59.321;38.234;
20;2;27;2:45.897;0;;1:14.215;0;59.823;0;31.859;0;152.0;1:02:38.165;15:03:29.328;1:14.215;0:59.823;0:31.859;301.0;René RAST;0:00:50.218;HYPERCAR;;BMW M Team WRT;BMW;GF;74.215;59.823;31.859;
20;2;28;2:08.038;0;;35.607;0;59.965;0;32.466;0;196.9;1:04:46.203;15:05:37.366;0:35.607;0:59.965;0:32.466;311.4;René RAST;;HYPERCAR;;BMW M Team WRT;BMW;GF;35.607;59.965;32.466;
20;2;29;2:06.537;0;;34.549;0;59.231;0;32.757;0;199.3;1:06:52.740;15:07:43.903;0:34.549;0:59.231;0:32.757;292.1;René RAST;;HYPERCAR;;BMW M Team WRT;BMW;GF;34.549;59.231;32.757;
20;2;30;2:04.939;0;;34.525;0;58.837;0;31.577;0;201.8;1:08:57.679;15:09:48.842;0:34.525;0:58.837;0:31.577;296.1;René RAST;;HYPERCAR;;BMW M Team WRT;BMW;GF;34.525;58.837;31.577;
20;2;31;2:04.606;0;;34.397;0;58.877;0;31.332;1;202.4;1:11:02.285;15:11:53.448;0:34.397;0:58.877;0:31.332;305.2;René RAST;;HYPERCAR;;BMW M Team WRT;BMW;GF;34.397;58.877;31.332;
20;2;32;2:07.727;0;;35.158;0;1:00.390;0;32.179;0;197.4;1:13:10.012;15:14:01.175;0:35.158;1:00.390;0:32.179;305.2;René RAST;;HYPERCAR;;BMW M Team WRT;BMW;GF;35.158;60.390;32.179;
20;2;33;2:07.420;0;;34.323;0;1:00.669;0;32.428;0;197.9;1:15:17.432;15:16:08.595;0:34.323;1:00.669;0:32.428;308.7;René RAST;;HYPERCAR;;BMW M Team WRT;BMW;GF;34.323;60.669;32.428;
20;2;34;2:06.118;0;;34.672;0;59.659;0;31.787;0;199.9;1:17:23.550;15:18:14.713;0:34.672;0:59.659;0:31.787;306.1;René RAST;;HYPERCAR;;BMW M Team WRT;BMW;GF;34.672;59.659;31.787;
20;2;35;2:05.671;0;;34.398;0;59.782;0;31.491;0;200.6;1:19:29.221;15:20:20.384;0:34.398;0:59.782;0:31.491;312.3;René RAST;;HYPERCAR;;BMW M Team WRT;BMW;GF;34.398;59.782;31.491;
20;2;36;2:04.428;0;;34.345;0;58.735;1;31.348;0;202.6;1:21:33.649;15:22:24.812;0:34.345;0:58.735;0:31.348;307.0;René RAST;;HYPERCAR;;BMW M Team WRT;BMW;GF;34.345;58.735;31.348;
20;2;37;2:05.251;0;;34.389;0;59.133;0;31.729;0;201.3;1:23:38.900;15:24:30.063;0:34.389;0:59.133;0:31.729;310.5;René RAST;;HYPERCAR;;BMW M Team WRT;BMW;GF;34.389;59.133;31.729;
20;2;38;2:05.651;0;;34.351;0;59.620;0;31.680;0;200.7;1:25:44.551;15:26:35.714;0:34.351;0:59.620;0:31.680;313.2;René RAST;;HYPERCAR;;BMW M Team WRT;BMW;GF;34.351;59.620;31.680;
20;2;39;2:05.361;0;;34.489;0;59.279;0;31.593;0;201.1;1:27:49.912;15:28:41.075;0:34.489;0:59.279;0:31.593;308.7;René RAST;;HYPERCAR;;BMW M Team WRT;BMW;GF;34.489;59.279;31.593;
20;2;40;2:06.294;0;;34.308;2;1:00.186;0;31.800;0;199.6;1:29:56.206;15:30:47.369;0:34.308;1:00.186;0:31.800;305.2;René RAST;;HYPERCAR;;BMW M Team WRT;BMW;GF;34.308;60.186;31.800;
20;2;41;2:13.300;0;B;34.604;0;1:00.104;0;38.592;0;189.2;1:32:09.506;15:33:00.669;0:34.604;1:00.104;0:38.592;308.7;René RAST;;HYPERCAR;;BMW M Team WRT;BMW;GF;34.604;60.104;38.592;
20;3;42;3:21.122;0;;1:48.022;0;1:01.164;0;31.936;0;125.4;1:35:30.628;15:36:21.791;1:48.022;1:01.164;0:31.936;272.3;Sheldon VAN DER LINDE;0:01:20.551;HYPERCAR;;BMW M Team WRT;BMW;GF;108.022;61.164;31.936;
20;3;43;2:06.674;0;;34.893;0;1:00.083;0;31.698;0;199.0;1:37:37.302;15:38:28.465;0:34.893;1:00.083;0:31.698;287.4;Sheldon VAN DER LINDE;;HYPERCAR;;BMW M Team WRT;BMW;GF;34.893;60.083;31.698;
20;3;44;2:05.818;0;;34.933;0;59.209;0;31.676;0;200.4;1:39:43.120;15:40:34.283;0:34.933;0:59.209;0:31.676;288.2;Sheldon VAN DER LINDE;;HYPERCAR;;BMW M Team WRT;BMW;GF;34.933;59.209;31.676;
20;3;45;2:05.587;0;;34.863;0;59.069;0;31.655;0;200.8;1:41:48.707;15:42:39.870;0:34.863;0:59.069;0:31.655;293.7;Sheldon VAN DER LINDE;;HYPERCAR;;BMW M Team WRT;BMW;GF;34.863;59.069;31.655;
20;3;46;2:07.858;0;;34.713;0;1:00.717;0;32.428;0;197.2;1:43:56.565;15:44:47.728;0:34.713;1:00.717;0:32.428;292.1;Sheldon VAN DER LINDE;;HYPERCAR;;BMW M Team WRT;BMW;GF;34.713;60.717;32.428;
20;3;47;2:05.091;0;;34.787;0;58.775;0;31.529;0;201.6;1:46:01.656;15:46:52.819;0:34.787;0:58.775;0:31.529;292.9;Sheldon VAN DER LINDE;;HYPERCAR;;BMW M Team WRT;BMW;GF;34.787;58.775;31.529;
20;3;48;2:06.212;0;;34.711;0;59.256;0;32.245;0;199.8;1:48:07.868;15:48:59.031;0:34.711;0:59.256;0:32.245;290.5;Sheldon VAN DER LINDE;;HYPERCAR;;BMW M Team WRT;BMW;GF;34.711;59.256;32.245;
20;3;49;2:04.447;0;;34.689;0;58.433;0;31.325;0;202.6;1:50:12.315;15:51:03.478;0:34.689;0:58.433;0:31.325;289.0;Sheldon VAN DER LINDE;;HYPERCAR;;BMW M Team WRT;BMW;GF;34.689;58.433;31.325;
20;3;50;2:05.348;0;;35.496;0;58.412;0;31.440;0;201.2;1:52:17.663;15:53:08.826;0:35.496;0:58.412;0:31.440;281.5;Sheldon VAN DER LINDE;;HYPERCAR;;BMW M Team WRT;BMW;GF;35.496;58.412;31.440;
20;3;51;2:04.792;0;;34.662;0;58.436;0;31.694;0;202.0;1:54:22.455;15:55:13.618;0:34.662;0:58.436;0:31.694;287.4;Sheldon VAN DER LINDE;;HYPERCAR;;BMW M Team WRT;BMW;GF;34.662;58.436;31.694;
20;3;52;2:04.391;2;;34.665;0;58.381;2;31.345;0;202.7;1:56:26.846;15:57:18.009;0:34.665;0:58.381;0:31.345;285.2;Sheldon VAN DER LINDE;;HYPERCAR;;BMW M Team WRT;BMW;GF;34.665;58.381;31.345;
20;3;53;2:04.748;0;;34.620;0;58.714;0;31.414;0;202.1;1:58:31.594;15:59:22.757;0:34.620;0:58.714;0:31.414;285.9;Sheldon VAN DER LINDE;;HYPERCAR;;BMW M Team WRT;BMW;GF;34.620;58.714;31.414;
20;3;54;2:06.061;0;;35.568;0;58.622;0;31.871;0;200.0;2:00:37.655;16:01:28.818;0:35.568;0:58.622;0:31.871;281.5;Sheldon VAN DER LINDE;;HYPERCAR;;BMW M Team WRT;BMW;GF;35.568;58.622;31.871;
20;3;55;2:05.929;0;;34.654;0;59.138;0;32.137;0;200.2;2:02:43.584;16:03:34.747;0:34.654;0:59.138;0:32.137;282.9;Sheldon VAN DER LINDE;;HYPERCAR;;BMW M Team WRT;BMW;GF;34.654;59.138;32.137;
20;3;56;2:04.666;0;;34.777;0;58.587;0;31.302;3;202.3;2:04:48.250;16:05:39.413;0:34.777;0:58.587;0:31.302;280.0;Sheldon VAN DER LINDE;;HYPERCAR;;BMW M Team WRT;BMW;GF;34.777;58.587;31.302;
20;3;57;2:05.491;0;;34.453;0;59.596;0;31.442;0;200.9;2:06:53.741;16:07:44.904;0:34.453;0:59.596;0:31.442;311.4;Sheldon VAN DER LINDE;;HYPERCAR;;BMW M Team WRT;BMW;GF;34.453;59.596;31.442;
20;3;58;2:05.585;0;;34.512;0;59.563;0;31.510;0;200.8;2:08:59.326;16:09:50.489;0:34.512;0:59.563;0:31.510;285.2;Sheldon VAN DER LINDE;;HYPERCAR;;BMW M Team WRT;BMW;GF;34.512;59.563;31.510;
20;3;59;2:06.170;0;;34.716;0;59.633;0;31.821;0;199.8;2:11:05.496;16:11:56.659;0:34.716;0:59.633;0:31.821;282.2;Sheldon VAN DER LINDE;;HYPERCAR;;BMW M Team WRT;BMW;GF;34.716;59.633;31.821;
20;3;60;2:05.743;0;;35.020;0;59.069;0;31.654;0;200.5;2:13:11.239;16:14:02.402;0:35.020;0:59.069;0:31.654;276.4;Sheldon VAN DER LINDE;;HYPERCAR;;BMW M Team WRT;BMW;GF;35.020;59.069;31.654;
20;3;61;2:05.632;0;;34.704;0;59.226;0;31.702;0;200.7;2:15:16.871;16:16:08.034;0:34.704;0:59.226;0:31.702;281.5;Sheldon VAN DER LINDE;;HYPERCAR;;BMW M Team WRT;BMW;GF;34.704;59.226;31.702;
20;3;62;2:07.193;0;;34.554;0;1:00.640;0;31.999;0;198.2;2:17:24.064;16:18:15.227;0:34.554;1:00.640;0:31.999;283.7;Sheldon VAN DER LINDE;;HYPERCAR;;BMW M Team WRT;BMW;GF;34.554;60.640;31.999;
20;3;63;2:05.619;0;;34.842;0;59.141;0;31.636;0;200.7;2:19:29.683;16:20:20.846;0:34.842;0:59.141;0:31.636;279.3;Sheldon VAN DER LINDE;;HYPERCAR;;BMW M Team WRT;BMW;GF;34.842;59.141;31.636;
20;3;64;2:05.567;0;;34.662;0;59.267;0;31.638;0;200.8;2:21:35.250;16:22:26.413;0:34.662;0:59.267;0:31.638;283.7;Sheldon VAN DER LINDE;;HYPERCAR;;BMW M Team WRT;BMW;GF;34.662;59.267;31.638;
20;3;65;2:05.332;0;;34.609;0;59.043;0;31.680;0;201.2;2:23:40.582;16:24:31.745;0:34.609;0:59.043;0:31.680;288.2;Sheldon VAN DER LINDE;;HYPERCAR;;BMW M Team WRT;BMW;GF;34.609;59.043;31.680;
20;3;66;2:06.579;0;;34.502;0;59.840;0;32.237;0;199.2;2:25:47.161;16:26:38.324;0:34.502;0:59.840;0:32.237;291.3;Sheldon VAN DER LINDE;;HYPERCAR;;BMW M Team WRT;BMW;GF;34.502;59.840;32.237;
20;3;67;2:12.273;0;B;34.754;0;59.634;0;37.885;0;190.6;2:27:59.434;16:28:50.597;0:34.754;0:59.634;0:37.885;291.3;Sheldon VAN DER LINDE;;HYPERCAR;;BMW M Team WRT;BMW;GF;34.754;59.634;37.885;
20;3;68;3:03.781;0;;1:31.914;0;59.955;0;31.912;0;137.2;2:31:03.215;16:31:54.378;1:31.914;0:59.955;0:31.912;282.9;Sheldon VAN DER LINDE;0:01:07.800;HYPERCAR;;BMW M Team WRT;BMW;GF;91.914;59.955;31.912;
20;3;69;2:06.146;0;;34.851;0;59.623;0;31.672;0;199.9;2:33:09.361;16:34:00.524;0:34.851;0:59.623;0:31.672;297.7;Sheldon VAN DER LINDE;;HYPERCAR;;BMW M Team WRT;BMW;GF;34.851;59.623;31.672;
20;3;70;2:06.889;0;;34.713;0;1:00.341;0;31.835;0;198.7;2:35:16.250;16:36:07.413;0:34.713;1:00.341;0:31.835;299.3;Sheldon VAN DER LINDE;;HYPERCAR;;BMW M Team WRT;BMW;GF;34.713;60.341;31.835;
20;3;71;2:07.855;0;;35.328;0;1:00.519;0;32.008;0;197.2;2:37:24.105;16:38:15.268;0:35.328;1:00.519;0:32.008;286.7;Sheldon VAN DER LINDE;;HYPERCAR;;BMW M Team WRT;BMW;GF;35.328;60.519;32.008;
20;3;72;2:07.004;0;;34.803;0;1:00.154;0;32.047;0;198.5;2:39:31.109;16:40:22.272;0:34.803;1:00.154;0:32.047;300.2;Sheldon VAN DER LINDE;;HYPERCAR;;BMW M Team WRT;BMW;GF;34.803;60.154;32.047;
20;3;73;2:09.134;0;;34.980;0;1:01.425;0;32.729;0;195.3;2:41:40.243;16:42:31.406;0:34.980;1:01.425;0:32.729;299.3;Sheldon VAN DER LINDE;;HYPERCAR;;BMW M Team WRT;BMW;GF;34.980;61.425;32.729;
20;3;74;2:07.263;0;;34.924;0;1:00.039;0;32.300;0;198.1;2:43:47.506;16:44:38.669;0:34.924;1:00.039;0:32.300;295.3;Sheldon VAN DER LINDE;;HYPERCAR;;BMW M Team WRT;BMW;GF;34.924;60.039;32.300;
20;3;75;3:29.212;0;;34.850;0;1:32.770;0;1:21.592;0;120.5;2:47:16.718;16:48:07.881;0:34.850;1:32.770;1:21.592;294.5;Sheldon VAN DER LINDE;;HYPERCAR;;BMW M Team WRT;BMW;GF;34.850;92.770;81.592;
20;3;76;2:06.903;0;;35.030;0;1:00.065;0;31.808;0;198.7;2:49:23.621;16:50:14.784;0:35.030;1:00.065;0:31.808;288.2;Sheldon VAN DER LINDE;;HYPERCAR;;BMW M Team WRT;BMW;GF;35.030;60.065;31.808;
20;3;77;2:08.867;0;;34.866;0;1:02.000;0;32.001;0;195.7;2:51:32.488;16:52:23.651;0:34.866;1:02.000;0:32.001;300.2;Sheldon VAN DER LINDE;;HYPERCAR;;BMW M Team WRT;BMW;GF;34.866;62.000;32.001;
20;3;78;2:05.781;0;;34.678;0;59.456;0;31.647;0;200.5;2:53:38.269;16:54:29.432;0:34.678;0:59.456;0:31.647;301.0;Sheldon VAN DER LINDE;;HYPERCAR;;BMW M Team WRT;BMW;GF;34.678;59.456;31.647;
20;3;79;2:07.173;0;;35.678;0;59.668;0;31.827;0;198.3;2:55:45.442;16:56:36.605;0:35.678;0:59.668;0:31.827;303.5;Sheldon VAN DER LINDE;;HYPERCAR;;BMW M Team WRT;BMW;GF;35.678;59.668;31.827;
20;3;80;2:05.758;0;;34.657;0;59.382;0;31.719;0;200.5;2:57:51.200;16:58:42.363;0:34.657;0:59.382;0:31.719;306.1;Sheldon VAN DER LINDE;;HYPERCAR;;BMW M Team WRT;BMW;GF;34.657;59.382;31.719;
20;3;81;2:08.494;0;;34.715;0;1:01.809;0;31.970;0;196.2;2:59:59.694;17:00:50.857;0:34.715;1:01.809;0:31.970;303.5;Sheldon VAN DER LINDE;;HYPERCAR;;BMW M Team WRT;BMW;GF;34.715;61.809;31.970;
20;3;82;2:06.856;0;;34.835;0;1:00.133;0;31.888;0;198.8;3:02:06.550;17:02:57.713;0:34.835;1:00.133;0:31.888;287.4;Sheldon VAN DER LINDE;;HYPERCAR;;BMW M Team WRT;BMW;GF;34.835;60.133;31.888;
20;3;83;2:06.791;0;;34.793;0;59.892;0;32.106;0;198.9;3:04:13.341;17:05:04.504;0:34.793;0:59.892;0:32.106;287.4;Sheldon VAN DER LINDE;;HYPERCAR;;BMW M Team WRT;BMW;GF;34.793;59.892;32.106;
20;3;84;2:06.975;0;;34.806;0;1:00.378;0;31.791;0;198.6;3:06:20.316;17:07:11.479;0:34.806;1:00.378;0:31.791;285.2;Sheldon VAN DER LINDE;;HYPERCAR;;BMW M Team WRT;BMW;GF;34.806;60.378;31.791;
20;3;85;2:06.685;0;;34.658;0;59.996;0;32.031;0;199.0;3:08:27.001;17:09:18.164;0:34.658;0:59.996;0:32.031;284.4;Sheldon VAN DER LINDE;;HYPERCAR;;BMW M Team WRT;BMW;GF;34.658;59.996;32.031;
20;3;86;2:06.581;0;;34.621;0;59.656;0;32.304;0;199.2;3:10:33.582;17:11:24.745;0:34.621;0:59.656;0:32.304;283.7;Sheldon VAN DER LINDE;;HYPERCAR;;BMW M Team WRT;BMW;GF;34.621;59.656;32.304;
20;3;87;2:07.821;0;;34.629;0;1:00.955;0;32.237;0;197.3;3:12:41.403;17:13:32.566;0:34.629;1:00.955;0:32.237;289.0;Sheldon VAN DER LINDE;;HYPERCAR;;BMW M Team WRT;BMW;GF;34.629;60.955;32.237;
20;3;88;2:06.080;0;;34.694;0;59.859;0;31.527;0;200.0;3:14:47.483;17:15:38.646;0:34.694;0:59.859;0:31.527;287.4;Sheldon VAN DER LINDE;;HYPERCAR;;BMW M Team WRT;BMW;GF;34.694;59.859;31.527;
20;3;89;2:06.186;0;;34.630;0;59.927;0;31.629;0;199.8;3:16:53.669;17:17:44.832;0:34.630;0:59.927;0:31.629;285.2;Sheldon VAN DER LINDE;;HYPERCAR;;BMW M Team WRT;BMW;GF;34.630;59.927;31.629;
20;3;90;2:06.497;0;;34.624;0;1:00.201;0;31.672;0;199.3;3:19:00.166;17:19:51.329;0:34.624;1:00.201;0:31.672;290.5;Sheldon VAN DER LINDE;;HYPERCAR;;BMW M Team WRT;BMW;GF;34.624;60.201;31.672;
20;3;91;2:05.791;0;;34.541;0;59.520;0;31.730;0;200.4;3:21:05.957;17:21:57.120;0:34.541;0:59.520;0:31.730;291.3;Sheldon VAN DER LINDE;;HYPERCAR;;BMW M Team WRT;BMW;GF;34.541;59.520;31.730;
20;3;92;2:06.306;0;;34.431;1;1:00.106;0;31.769;0;199.6;3:23:12.263;17:24:03.426;0:34.431;1:00.106;0:31.769;292.9;Sheldon VAN DER LINDE;;HYPERCAR;;BMW M Team WRT;BMW;GF;34.431;60.106;31.769;
20;3;93;2:11.992;0;B;34.479;0;59.538;0;37.975;0;191.0;3:25:24.255;17:26:15.418;0:34.479;0:59.538;0:37.975;301.0;Sheldon VAN DER LINDE;;HYPERCAR;;BMW M Team WRT;BMW;GF;34.479;59.538;37.975;
20;1;94;3:25.641;0;;1:51.606;0;1:01.522;0;32.513;0;122.6;3:28:49.896;17:29:41.059;1:51.606;1:01.522;0:32.513;289.7;Robin FRIJNS;0:01:24.733;HYPERCAR;;BMW M Team WRT;BMW;GF;111.606;61.522;32.513;
20;1;95;2:08.061;0;;34.894;0;1:00.353;0;32.814;0;196.9;3:30:57.957;17:31:49.120;0:34.894;1:00.353;0:32.814;285.2;Robin FRIJNS;;HYPERCAR;;BMW M Team WRT;BMW;GF;34.894;60.353;32.814;
20;1;96;2:07.134;0;;34.684;0;1:00.244;0;32.206;0;198.3;3:33:05.091;17:33:56.254;0:34.684;1:00.244;0:32.206;288.2;Robin FRIJNS;;HYPERCAR;;BMW M Team WRT;BMW;GF;34.684;60.244;32.206;
20;1;97;2:08.277;0;;35.571;0;1:00.500;0;32.206;0;196.6;3:35:13.368;17:36:04.531;0:35.571;1:00.500;0:32.206;308.7;Robin FRIJNS;;HYPERCAR;;BMW M Team WRT;BMW;GF;35.571;60.500;32.206;
20;1;98;2:07.404;0;;34.791;0;59.905;0;32.708;0;197.9;3:37:20.772;17:38:11.935;0:34.791;0:59.905;0:32.708;286.7;Robin FRIJNS;;HYPERCAR;;BMW M Team WRT;BMW;GF;34.791;59.905;32.708;
20;1;99;2:06.181;0;;34.788;0;59.448;0;31.945;0;199.8;3:39:26.953;17:40:18.116;0:34.788;0:59.448;0:31.945;288.2;Robin FRIJNS;;HYPERCAR;;BMW M Team WRT;BMW;GF;34.788;59.448;31.945;
20;1;100;2:06.074;0;;34.726;0;59.519;0;31.829;0;200.0;3:41:33.027;17:42:24.190;0:34.726;0:59.519;0:31.829;289.7;Robin FRIJNS;;HYPERCAR;;BMW M Team WRT;BMW;GF;34.726;59.519;31.829;
20;1;101;2:08.415;0;;35.842;0;1:00.291;0;32.282;0;196.3;3:43:41.442;17:44:32.605;0:35.842;1:00.291;0:32.282;284.4;Robin FRIJNS;;HYPERCAR;;BMW M Team WRT;BMW;GF;35.842;60.291;32.282;
20;1;102;2:06.976;0;;34.824;0;59.633;0;32.519;0;198.6;3:45:48.418;17:46:39.581;0:34.824;0:59.633;0:32.519;290.5;Robin FRIJNS;;HYPERCAR;;BMW M Team WRT;BMW;GF;34.824;59.633;32.519;
20;1;103;2:06.779;0;;34.995;0;59.927;0;31.857;0;198.9;3:47:55.197;17:48:46.360;0:34.995;0:59.927;0:31.857;290.5;Robin FRIJNS;;HYPERCAR;;BMW M Team WRT;BMW;GF;34.995;59.927;31.857;
20;1;104;2:08.043;0;;35.516;0;1:00.565;0;31.962;0;196.9;3:50:03.240;17:50:54.403;0:35.516;1:00.565;0:31.962;277.8;Robin FRIJNS;;HYPERCAR;;BMW M Team WRT;BMW;GF;35.516;60.565;31.962;
20;1;105;4:09.649;0;;36.503;0;2:08.082;0;1:25.064;0;101.0;3:54:12.889;17:55:04.052;0:36.503;2:08.082;1:25.064;92.1;Robin FRIJNS;;HYPERCAR;;BMW M Team WRT;BMW;GF;36.503;128.082;85.064;
20;1;106;5:18.818;0;B;1:41.311;0;2:08.121;0;1:29.386;0;79.1;3:59:31.707;18:00:22.870;1:41.311;2:08.121;1:29.386;80.1;Robin FRIJNS;;HYPERCAR;;BMW M Team WRT;BMW;GF;101.311;128.121;89.386;
20;1;107;5:25.565;0;;2:20.004;0;2:08.675;0;56.886;0;77.4;4:04:57.272;18:05:48.435;2:20.004;2:08.675;0:56.886;79.7;Robin FRIJNS;0:00:59.619;HYPERCAR;;BMW M Team WRT;BMW;SF;140.004;128.675;56.886;
20;1;108;4:51.345;0;;1:17.089;0;2:17.324;0;1:16.932;0;86.5;4:09:48.617;18:10:39.780;1:17.089;2:17.324;1:16.932;91.3;Robin FRIJNS;;HYPERCAR;;BMW M Team WRT;BMW;SF;77.089;137.324;76.932;
20;1;109;4:27.555;0;;1:23.218;0;1:50.120;0;1:14.217;0;94.2;4:14:16.172;18:15:07.335;1:23.218;1:50.120;1:14.217;103.0;Robin FRIJNS;;HYPERCAR;;BMW M Team WRT;BMW;SF;83.218;110.120;74.217;
20;1;110;3:13.052;0;;1:01.047;0;1:21.394;0;50.611;0;130.6;4:17:29.224;18:18:20.387;1:01.047;1:21.394;0:50.611;198.5;Robin FRIJNS;;HYPERCAR;;BMW M Team WRT;BMW;GF;61.047;81.394;50.611;
20;1;111;2:06.352;0;;35.024;0;59.438;0;31.890;0;199.6;4:19:35.576;18:20:26.739;0:35.024;0:59.438;0:31.890;301.8;Robin FRIJNS;;HYPERCAR;;BMW M Team WRT;BMW;GF;35.024;59.438;31.890;
20;1;112;2:05.102;0;;34.609;0;58.992;0;31.501;0;201.5;4:21:40.678;18:22:31.841;0:34.609;0:58.992;0:31.501;283.7;Robin FRIJNS;;HYPERCAR;;BMW M Team WRT;BMW;GF;34.609;58.992;31.501;
20;1;113;2:04.408;0;;34.555;0;58.493;1;31.360;1;202.7;4:23:45.086;18:24:36.249;0:34.555;0:58.493;0:31.360;292.9;Robin FRIJNS;;HYPERCAR;;BMW M Team WRT;BMW;GF;34.555;58.493;31.360;
20;1;114;2:04.475;0;;34.520;0;58.530;0;31.425;0;202.6;4:25:49.561;18:26:40.724;0:34.520;0:58.530;0:31.425;294.5;Robin FRIJNS;;HYPERCAR;;BMW M Team WRT;BMW;GF;34.520;58.530;31.425;
20;1;115;2:04.643;0;;34.492;0;58.630;0;31.521;0;202.3;4:27:54.204;18:28:45.367;0:34.492;0:58.630;0:31.521;294.5;Robin FRIJNS;;HYPERCAR;;BMW M Team WRT;BMW;GF;34.492;58.630;31.521;
20;1;116;2:04.994;0;;34.526;0;58.999;0;31.469;0;201.7;4:29:59.198;18:30:50.361;0:34.526;0:58.999;0:31.469;296.1;Robin FRIJNS;;HYPERCAR;;BMW M Team WRT;BMW;GF;34.526;58.999;31.469;
20;1;117;2:05.364;0;;34.428;0;59.134;0;31.802;0;201.1;4:32:04.562;18:32:55.725;0:34.428;0:59.134;0:31.802;296.9;Robin FRIJNS;;HYPERCAR;;BMW M Team WRT;BMW;GF;34.428;59.134;31.802;
20;1;118;2:08.989;0;;34.528;0;1:01.826;0;32.635;0;195.5;4:34:13.551;18:35:04.714;0:34.528;1:01.826;0:32.635;301.0;Robin FRIJNS;;HYPERCAR;;BMW M Team WRT;BMW;GF;34.528;61.826;32.635;
20;1;119;2:07.752;0;;34.562;0;1:01.280;0;31.910;0;197.4;4:36:21.303;18:37:12.466;0:34.562;1:01.280;0:31.910;307.0;Robin FRIJNS;;HYPERCAR;;BMW M Team WRT;BMW;GF;34.562;61.280;31.910;
20;1;120;2:06.028;0;;35.085;0;59.225;0;31.718;0;200.1;4:38:27.331;18:39:18.494;0:35.085;0:59.225;0:31.718;290.5;Robin FRIJNS;;HYPERCAR;;BMW M Team WRT;BMW;GF;35.085;59.225;31.718;
20;1;121;2:05.846;0;;34.548;0;59.499;0;31.799;0;200.4;4:40:33.177;18:41:24.340;0:34.548;0:59.499;0:31.799;297.7;Robin FRIJNS;;HYPERCAR;;BMW M Team WRT;BMW;GF;34.548;59.499;31.799;
20;1;122;2:06.106;0;;34.485;0;59.738;0;31.883;0;199.9;4:42:39.283;18:43:30.446;0:34.485;0:59.738;0:31.883;299.3;Robin FRIJNS;;HYPERCAR;;BMW M Team WRT;BMW;GF;34.485;59.738;31.883;
20;1;123;2:05.830;0;;34.562;0;59.501;0;31.767;0;200.4;4:44:45.113;18:45:36.276;0:34.562;0:59.501;0:31.767;299.3;Robin FRIJNS;;HYPERCAR;;BMW M Team WRT;BMW;GF;34.562;59.501;31.767;
20;1;124;2:05.607;0;;34.465;0;59.499;0;31.643;0;200.7;4:46:50.720;18:47:41.883;0:34.465;0:59.499;0:31.643;297.7;Robin FRIJNS;;HYPERCAR;;BMW M Team WRT;BMW;GF;34.465;59.499;31.643;
20;1;125;2:05.241;0;;34.399;0;59.284;0;31.558;0;201.3;4:48:55.961;18:49:47.124;0:34.399;0:59.284;0:31.558;297.7;Robin FRIJNS;;HYPERCAR;;BMW M Team WRT;BMW;GF;34.399;59.284;31.558;
20;1;126;2:05.430;0;;34.435;0;59.369;0;31.626;0;201.0;4:51:01.391;18:51:52.554;0:34.435;0:59.369;0:31.626;299.3;Robin FRIJNS;;HYPERCAR;;BMW M Team WRT;BMW;GF;34.435;59.369;31.626;
20;1;127;2:06.019;0;;34.414;0;59.661;0;31.944;0;200.1;4:53:07.410;18:53:58.573;0:34.414;0:59.661;0:31.944;301.0;Robin FRIJNS;;HYPERCAR;;BMW M Team WRT;BMW;GF;34.414;59.661;31.944;
20;1;128;2:08.231;0;;34.481;0;1:01.275;0;32.475;0;196.6;4:55:15.641;18:56:06.804;0:34.481;1:01.275;0:32.475;303.5;Robin FRIJNS;;HYPERCAR;;BMW M Team WRT;BMW;GF;34.481;61.275;32.475;
20;1;129;2:07.018;0;;34.693;0;1:00.353;0;31.972;0;198.5;4:57:22.659;18:58:13.822;0:34.693;1:00.353;0:31.972;315.9;Robin FRIJNS;;HYPERCAR;;BMW M Team WRT;BMW;GF;34.693;60.353;31.972;
20;1;130;2:05.612;0;;34.522;0;59.438;0;31.652;0;200.7;4:59:28.271;19:00:19.434;0:34.522;0:59.438;0:31.652;301.0;Robin FRIJNS;;HYPERCAR;;BMW M Team WRT;BMW;GF;34.522;59.438;31.652;
20;1;131;2:48.484;0;;34.567;0;59.665;0;1:14.252;0;149.7;5:02:16.755;19:03:07.918;0:34.567;0:59.665;1:14.252;302.7;Robin FRIJNS;;HYPERCAR;;BMW M Team WRT;BMW;GF;34.567;59.665;74.252;
20;1;132;5:18.537;0;B;1:41.142;0;2:08.039;0;1:29.356;0;79.2;5:07:35.292;19:08:26.455;1:41.142;2:08.039;1:29.356;80.1;Robin FRIJNS;;HYPERCAR;;BMW M Team WRT;BMW;GF;101.142;128.039;89.356;
20;1;133;6:04.024;0;;2:29.657;0;2:08.529;0;1:25.838;0;69.3;5:13:39.316;19:14:30.479;2:29.657;2:08.529;1:25.838;79.8;Robin FRIJNS;0:01:09.432;HYPERCAR;;BMW M Team WRT;BMW;SF;149.657;128.529;85.838;
20;1;134;4:46.089;0;;1:26.344;0;2:03.928;0;1:15.817;0;88.1;5:18:25.405;19:19:16.568;1:26.344;2:03.928;1:15.817;85.2;Robin FRIJNS;;HYPERCAR;;BMW M Team WRT;BMW;SF;86.344;123.928;75.817;
20;1;135;4:01.174;0;;1:29.147;0;1:36.687;0;55.340;0;104.5;5:22:26.579;19:23:17.742;1:29.147;1:36.687;0:55.340;133.0;Robin FRIJNS;;HYPERCAR;;BMW M Team WRT;BMW;SF;89.147;96.687;55.340;
20;1;136;3:00.514;0;;51.104;0;1:25.407;0;44.003;0;139.7;5:25:27.093;19:26:18.256;0:51.104;1:25.407;0:44.003;148.4;Robin FRIJNS;;HYPERCAR;;BMW M Team WRT;BMW;GF;51.104;85.407;44.003;
20;1;137;2:24.046;0;;34.671;0;1:01.067;0;48.308;0;175.0;5:27:51.139;19:28:42.302;0:34.671;1:01.067;0:48.308;313.2;Robin FRIJNS;;HYPERCAR;;BMW M Team WRT;BMW;SF;34.671;61.067;48.308;
20;1;138;4:25.090;0;;1:22.298;0;1:54.497;0;1:08.295;0;95.1;5:32:16.229;19:33:07.392;1:22.298;1:54.497;1:08.295;69.7;Robin FRIJNS;;HYPERCAR;;BMW M Team WRT;BMW;SF;82.298;114.497;68.295;
20;1;139;3:45.468;0;;1:28.925;0;1:29.948;0;46.595;0;111.8;5:36:01.697;19:36:52.860;1:28.925;1:29.948;0:46.595;91.2;Robin FRIJNS;;HYPERCAR;;BMW M Team WRT;BMW;GF;88.925;89.948;46.595;
20;1;140;2:05.153;0;;34.664;0;58.929;0;31.560;0;201.5;5:38:06.850;19:38:58.013;0:34.664;0:58.929;0:31.560;312.3;Robin FRIJNS;;HYPERCAR;;BMW M Team WRT;BMW;GF;34.664;58.929;31.560;
20;1;141;2:05.183;0;;34.569;0;58.889;0;31.725;0;201.4;5:40:12.033;19:41:03.196;0:34.569;0:58.889;0:31.725;313.2;Robin FRIJNS;;HYPERCAR;;BMW M Team WRT;BMW;GF;34.569;58.889;31.725;
20;1;142;2:04.812;0;;34.479;0;58.767;0;31.566;0;202.0;5:42:16.845;19:43:08.008;0:34.479;0:58.767;0:31.566;315.0;Robin FRIJNS;;HYPERCAR;;BMW M Team WRT;BMW;GF;34.479;58.767;31.566;
20;1;143;2:04.814;0;;34.376;1;58.860;0;31.578;0;202.0;5:44:21.659;19:45:12.822;0:34.376;0:58.860;0:31.578;315.0;Robin FRIJNS;;HYPERCAR;;BMW M Team WRT;BMW;GF;34.376;58.860;31.578;
20;1;144;2:05.161;0;;34.441;0;59.095;0;31.625;0;201.5;5:46:26.820;19:47:17.983;0:34.441;0:59.095;0:31.625;315.0;Robin FRIJNS;;HYPERCAR;;BMW M Team WRT;BMW;GF;34.441;59.095;31.625;
20;1;145;2:05.637;0;;34.606;0;59.174;0;31.857;0;200.7;5:48:32.457;19:49:23.620;0:34.606;0:59.174;0:31.857;314.1;Robin FRIJNS;;HYPERCAR;;BMW M Team WRT;BMW;GF;34.606;59.174;31.857;
20;1;146;2:05.724;0;;34.492;0;59.334;0;31.898;0;200.6;5:50:38.181;19:51:29.344;0:34.492;0:59.334;0:31.898;314.1;Robin FRIJNS;;HYPERCAR;;BMW M Team WRT;BMW;GF;34.492;59.334;31.898;
20;1;147;2:07.130;0;;34.480;0;59.962;0;32.688;0;198.3;5:52:45.311;19:53:36.474;0:34.480;0:59.962;0:32.688;315.9;Robin FRIJNS;;HYPERCAR;;BMW M Team WRT;BMW;GF;34.480;59.962;32.688;
20;1;148;2:09.431;0;;34.836;0;1:02.021;0;32.574;0;194.8;5:54:54.742;19:55:45.905;0:34.836;1:02.021;0:32.574;315.9;Robin FRIJNS;;HYPERCAR;;BMW M Team WRT;BMW;GF;34.836;62.021;32.574;
20;1;149;2:09.917;0;;36.008;0;1:01.364;0;32.545;0;194.1;5:57:04.659;19:57:55.822;0:36.008;1:01.364;0:32.545;308.7;Robin FRIJNS;;HYPERCAR;;BMW M Team WRT;BMW;GF;36.008;61.364;32.545;
20;1;150;2:06.005;0;;34.624;0;59.570;0;31.811;0;200.1;5:59:10.664;20:00:01.827;0:34.624;0:59.570;0:31.811;313.2;Robin FRIJNS;;HYPERCAR;;BMW M Team WRT;BMW;GF;34.624;59.570;31.811;
20;1;151;2:06.372;0;;34.458;0;59.786;0;32.128;0;199.5;6:01:17.036;20:02:08.199;0:34.458;0:59.786;0:32.128;315.0;Robin FRIJNS;;HYPERCAR;;BMW M Team WRT;BMW;FF;34.458;59.786;32.128;
21;1;1;2:28.617;0;;47.374;0;1:05.340;0;35.903;1;166.7;2:28.617;14:03:19.780;0:47.374;1:05.340;0:35.903;256.2;François HÉRIAU;;LMGT3;;Vista AF Corse;Ferrari;GF;47.374;65.340;35.903;
21;1;2;2:21.140;0;;39.812;0;1:05.264;0;36.064;0;178.6;4:49.757;14:05:40.920;0:39.812;1:05.264;0:36.064;260.5;François HÉRIAU;;LMGT3;;Vista AF Corse;Ferrari;GF;39.812;65.264;36.064;
21;1;3;2:21.203;0;;39.809;1;1:05.211;0;36.183;0;178.6;7:10.960;14:08:02.123;0:39.809;1:05.211;0:36.183;263.0;François HÉRIAU;;LMGT3;;Vista AF Corse;Ferrari;GF;39.809;65.211;36.183;
21;1;4;2:21.374;0;;39.825;0;1:05.481;0;36.068;0;178.4;9:32.334;14:10:23.497;0:39.825;1:05.481;0:36.068;261.7;François HÉRIAU;;LMGT3;;Vista AF Corse;Ferrari;GF;39.825;65.481;36.068;
21;1;5;2:21.493;0;;40.001;0;1:05.321;0;36.171;0;178.2;11:53.827;14:12:44.990;0:40.001;1:05.321;0:36.171;262.4;François HÉRIAU;;LMGT3;;Vista AF Corse;Ferrari;GF;40.001;65.321;36.171;
21;1;6;2:23.044;0;;40.050;0;1:05.540;0;37.454;0;176.3;14:16.871;14:15:08.034;0:40.050;1:05.540;0:37.454;261.7;François HÉRIAU;;LMGT3;;Vista AF Corse;Ferrari;SF;40.050;65.540;37.454;
21;1;7;3:00.877;0;;56.904;0;1:14.786;0;49.187;0;139.4;17:17.748;14:18:08.911;0:56.904;1:14.786;0:49.187;191.4;François HÉRIAU;;LMGT3;;Vista AF Corse;Ferrari;SF;56.904;74.786;49.187;
21;1;8;2:47.706;0;;44.542;0;1:11.446;0;51.718;0;150.3;20:05.454;14:20:56.617;0:44.542;1:11.446;0:51.718;226.2;François HÉRIAU;;LMGT3;;Vista AF Corse;Ferrari;SF;44.542;71.446;51.718;
21;1;9;3:10.879;0;;1:06.782;0;1:19.419;0;44.678;0;132.1;23:16.333;14:24:07.496;1:06.782;1:19.419;0:44.678;140.9;François HÉRIAU;;LMGT3;;Vista AF Corse;Ferrari;SF;66.782;79.419;44.678;
21;1;10;2:50.622;0;;48.570;0;1:14.610;0;47.442;0;147.8;26:06.955;14:26:58.118;0:48.570;1:14.610;0:47.442;226.2;François HÉRIAU;;LMGT3;;Vista AF Corse;Ferrari;GF;48.570;74.610;47.442;
21;1;11;2:23.214;0;;40.055;0;1:06.581;0;36.578;0;176.1;28:30.169;14:29:21.332;0:40.055;1:06.581;0:36.578;258.6;François HÉRIAU;;LMGT3;;Vista AF Corse;Ferrari;GF;40.055;66.581;36.578;
21;1;12;2:22.811;0;;40.196;0;1:06.644;0;35.971;0;176.6;30:52.980;14:31:44.143;0:40.196;1:06.644;0:35.971;259.9;François HÉRIAU;;LMGT3;;Vista AF Corse;Ferrari;GF;40.196;66.644;35.971;
21;1;13;2:21.899;0;;40.307;0;1:05.415;0;36.177;0;177.7;33:14.879;14:34:06.042;0:40.307;1:05.415;0:36.177;260.5;François HÉRIAU;;LMGT3;;Vista AF Corse;Ferrari;GF;40.307;65.415;36.177;
21;1;14;2:21.864;0;;40.101;0;1:05.657;0;36.106;0;177.7;35:36.743;14:36:27.906;0:40.101;1:05.657;0:36.106;262.4;François HÉRIAU;;LMGT3;;Vista AF Corse;Ferrari;GF;40.101;65.657;36.106;
21;1;15;2:21.688;0;;40.187;0;1:05.422;0;36.079;0;178.0;37:58.431;14:38:49.594;0:40.187;1:05.422;0:36.079;261.1;François HÉRIAU;;LMGT3;;Vista AF Corse;Ferrari;GF;40.187;65.422;36.079;
21;1;16;2:22.749;0;;40.149;0;1:06.197;0;36.403;0;176.6;40:21.180;14:41:12.343;0:40.149;1:06.197;0:36.403;261.1;François HÉRIAU;;LMGT3;;Vista AF Corse;Ferrari;GF;40.149;66.197;36.403;
21;1;17;2:23.018;0;;40.691;0;1:05.965;0;36.362;0;176.3;42:44.198;14:43:35.361;0:40.691;1:05.965;0:36.362;256.2;François HÉRIAU;;LMGT3;;Vista AF Corse;Ferrari;GF;40.691;65.965;36.362;
21;1;18;2:26.598;0;;40.310;0;1:08.206;0;38.082;0;172.0;45:10.796;14:46:01.959;0:40.310;1:08.206;0:38.082;257.4;François HÉRIAU;;LMGT3;;Vista AF Corse;Ferrari;GF;40.310;68.206;38.082;
21;1;19;2:22.960;0;;40.666;0;1:05.919;0;36.375;0;176.4;47:33.756;14:48:24.919;0:40.666;1:05.919;0:36.375;258.6;François HÉRIAU;;LMGT3;;Vista AF Corse;Ferrari;GF;40.666;65.919;36.375;
21;1;20;2:24.003;0;;40.449;0;1:06.897;0;36.657;0;175.1;49:57.759;14:50:48.922;0:40.449;1:06.897;0:36.657;258.0;François HÉRIAU;;LMGT3;;Vista AF Corse;Ferrari;GF;40.449;66.897;36.657;
21;1;21;2:22.134;0;;40.170;0;1:05.811;0;36.153;0;177.4;52:19.893;14:53:11.056;0:40.170;1:05.811;0:36.153;258.0;François HÉRIAU;;LMGT3;;Vista AF Corse;Ferrari;GF;40.170;65.811;36.153;
21;1;22;2:22.267;0;;40.151;0;1:05.793;0;36.323;0;177.2;54:42.160;14:55:33.323;0:40.151;1:05.793;0:36.323;259.2;François HÉRIAU;;LMGT3;;Vista AF Corse;Ferrari;GF;40.151;65.793;36.323;
21;1;23;2:21.786;0;;40.155;0;1:05.543;0;36.088;0;177.8;57:03.946;14:57:55.109;0:40.155;1:05.543;0:36.088;260.5;François HÉRIAU;;LMGT3;;Vista AF Corse;Ferrari;GF;40.155;65.543;36.088;
21;1;24;2:22.142;0;;40.143;0;1:05.667;0;36.332;0;177.4;59:26.088;15:00:17.251;0:40.143;1:05.667;0:36.332;259.9;François HÉRIAU;;LMGT3;;Vista AF Corse;Ferrari;GF;40.143;65.667;36.332;
21;1;25;2:23.349;0;;40.251;0;1:06.262;0;36.836;0;175.9;1:01:49.437;15:02:40.600;0:40.251;1:06.262;0:36.836;258.6;François HÉRIAU;;LMGT3;;Vista AF Corse;Ferrari;GF;40.251;66.262;36.836;
21;1;26;2:22.988;0;;40.053;0;1:06.166;0;36.769;0;176.3;1:04:12.425;15:05:03.588;0:40.053;1:06.166;0:36.769;260.5;François HÉRIAU;;LMGT3;;Vista AF Corse;Ferrari;GF;40.053;66.166;36.769;
21;1;27;2:28.304;0;B;40.049;0;1:06.044;0;42.211;0;170.0;1:06:40.729;15:07:31.892;0:40.049;1:06.044;0:42.211;259.9;François HÉRIAU;;LMGT3;;Vista AF Corse;Ferrari;GF;40.049;66.044;42.211;
21;1;28;3:37.881;0;;1:53.507;0;1:07.551;0;36.823;0;115.7;1:10:18.610;15:11:09.773;1:53.507;1:07.551;0:36.823;249.1;François HÉRIAU;0:01:21.496;LMGT3;;Vista AF Corse;Ferrari;GF;113.507;67.551;36.823;
21;1;29;2:22.560;0;;40.555;0;1:05.547;0;36.458;0;176.9;1:12:41.170;15:13:32.333;0:40.555;1:05.547;0:36.458;256.8;François HÉRIAU;;LMGT3;;Vista AF Corse;Ferrari;GF;40.555;65.547;36.458;
21;1;30;2:21.695;0;;40.208;0;1:05.257;0;36.230;0;177.9;1:15:02.865;15:15:54.028;0:40.208;1:05.257;0:36.230;259.2;François HÉRIAU;;LMGT3;;Vista AF Corse;Ferrari;GF;40.208;65.257;36.230;
21;1;31;2:21.723;0;;39.988;0;1:05.033;1;36.702;0;177.9;1:17:24.588;15:18:15.751;0:39.988;1:05.033;0:36.702;259.2;François HÉRIAU;;LMGT3;;Vista AF Corse;Ferrari;GF;39.988;65.033;36.702;
21;1;32;2:22.032;0;;40.042;0;1:05.725;0;36.265;0;177.5;1:19:46.620;15:20:37.783;0:40.042;1:05.725;0:36.265;260.5;François HÉRIAU;;LMGT3;;Vista AF Corse;Ferrari;GF;40.042;65.725;36.265;
21;1;33;2:23.619;0;;39.980;0;1:06.575;0;37.064;0;175.6;1:22:10.239;15:23:01.402;0:39.980;1:06.575;0:37.064;260.5;François HÉRIAU;;LMGT3;;Vista AF Corse;Ferrari;GF;39.980;66.575;37.064;
21;1;34;2:22.020;0;;39.976;0;1:05.592;0;36.452;0;177.5;1:24:32.259;15:25:23.422;0:39.976;1:05.592;0:36.452;261.1;François HÉRIAU;;LMGT3;;Vista AF Corse;Ferrari;GF;39.976;65.592;36.452;
21;1;35;2:21.947;0;;40.005;0;1:05.449;0;36.493;0;177.6;1:26:54.206;15:27:45.369;0:40.005;1:05.449;0:36.493;261.1;François HÉRIAU;;LMGT3;;Vista AF Corse;Ferrari;GF;40.005;65.449;36.493;
21;1;36;2:21.331;0;;40.020;0;1:05.163;0;36.148;0;178.4;1:29:15.537;15:30:06.700;0:40.020;1:05.163;0:36.148;259.9;François HÉRIAU;;LMGT3;;Vista AF Corse;Ferrari;GF;40.020;65.163;36.148;
21;1;37;2:21.213;0;;39.997;0;1:05.098;0;36.118;0;178.6;1:31:36.750;15:32:27.913;0:39.997;1:05.098;0:36.118;259.9;François HÉRIAU;;LMGT3;;Vista AF Corse;Ferrari;GF;39.997;65.098;36.118;
21;1;38;2:21.529;0;;40.092;0;1:05.371;0;36.066;0;178.2;1:33:58.279;15:34:49.442;0:40.092;1:05.371;0:36.066;259.2;François HÉRIAU;;LMGT3;;Vista AF Corse;Ferrari;GF;40.092;65.371;36.066;
21;1;39;2:21.955;0;;40.053;0;1:05.744;0;36.158;0;177.6;1:36:20.234;15:37:11.397;0:40.053;1:05.744;0:36.158;261.1;François HÉRIAU;;LMGT3;;Vista AF Corse;Ferrari;GF;40.053;65.744;36.158;
21;1;40;2:21.628;0;;40.029;0;1:05.659;0;35.940;0;178.0;1:38:41.862;15:39:33.025;0:40.029;1:05.659;0:35.940;261.1;François HÉRIAU;;LMGT3;;Vista AF Corse;Ferrari;GF;40.029;65.659;35.940;
21;1;41;2:24.440;0;;40.060;0;1:07.532;0;36.848;0;174.6;1:41:06.302;15:41:57.465;0:40.060;1:07.532;0:36.848;262.4;François HÉRIAU;;LMGT3;;Vista AF Corse;Ferrari;GF;40.060;67.532;36.848;
21;1;42;2:22.944;0;;40.490;0;1:06.077;0;36.377;0;176.4;1:43:29.246;15:44:20.409;0:40.490;1:06.077;0:36.377;258.0;François HÉRIAU;;LMGT3;;Vista AF Corse;Ferrari;GF;40.490;66.077;36.377;
21;1;43;2:23.339;0;;40.942;0;1:05.974;0;36.423;0;175.9;1:45:52.585;15:46:43.748;0:40.942;1:05.974;0:36.423;256.8;François HÉRIAU;;LMGT3;;Vista AF Corse;Ferrari;GF;40.942;65.974;36.423;
21;1;44;2:24.050;0;;40.435;0;1:06.803;0;36.812;0;175.0;1:48:16.635;15:49:07.798;0:40.435;1:06.803;0:36.812;258.6;François HÉRIAU;;LMGT3;;Vista AF Corse;Ferrari;GF;40.435;66.803;36.812;
21;1;45;2:21.832;0;;40.091;0;1:05.494;0;36.247;0;177.8;1:50:38.467;15:51:29.630;0:40.091;1:05.494;0:36.247;259.9;François HÉRIAU;;LMGT3;;Vista AF Corse;Ferrari;GF;40.091;65.494;36.247;
21;1;46;2:22.110;0;;40.003;0;1:05.845;0;36.262;0;177.4;1:53:00.577;15:53:51.740;0:40.003;1:05.845;0:36.262;259.2;François HÉRIAU;;LMGT3;;Vista AF Corse;Ferrari;GF;40.003;65.845;36.262;
21;1;47;2:22.408;0;;40.015;0;1:06.121;0;36.272;0;177.1;1:55:22.985;15:56:14.148;0:40.015;1:06.121;0:36.272;261.1;François HÉRIAU;;LMGT3;;Vista AF Corse;Ferrari;GF;40.015;66.121;36.272;
21;1;48;2:22.382;0;;40.314;0;1:05.853;0;36.215;0;177.1;1:57:45.367;15:58:36.530;0:40.314;1:05.853;0:36.215;256.8;François HÉRIAU;;LMGT3;;Vista AF Corse;Ferrari;GF;40.314;65.853;36.215;
21;1;49;2:22.697;0;;40.073;0;1:06.022;0;36.602;0;176.7;2:00:08.064;16:00:59.227;0:40.073;1:06.022;0:36.602;260.5;François HÉRIAU;;LMGT3;;Vista AF Corse;Ferrari;GF;40.073;66.022;36.602;
21;1;50;2:29.071;0;B;40.334;0;1:06.538;0;42.199;0;169.1;2:02:37.135;16:03:28.298;0:40.334;1:06.538;0:42.199;259.2;François HÉRIAU;;LMGT3;;Vista AF Corse;Ferrari;GF;40.334;66.538;42.199;
21;2;51;3:30.800;0;;1:47.552;0;1:07.137;0;36.111;0;119.6;2:06:07.935;16:06:59.098;1:47.552;1:07.137;0:36.111;246.3;Simon MANN;0:01:15.566;LMGT3;;Vista AF Corse;Ferrari;GF;107.552;67.137;36.111;
21;2;52;2:19.876;0;;40.106;0;1:04.099;0;35.671;1;180.3;2:08:27.811;16:09:18.974;0:40.106;1:04.099;0:35.671;256.8;Simon MANN;;LMGT3;;Vista AF Corse;Ferrari;GF;40.106;64.099;35.671;
21;2;53;2:19.187;0;;39.904;0;1:03.526;0;35.757;0;181.2;2:10:46.998;16:11:38.161;0:39.904;1:03.526;0:35.757;258.0;Simon MANN;;LMGT3;;Vista AF Corse;Ferrari;GF;39.904;63.526;35.757;
21;2;54;2:19.443;0;;39.995;0;1:03.461;1;35.987;0;180.8;2:13:06.441;16:13:57.604;0:39.995;1:03.461;0:35.987;258.0;Simon MANN;;LMGT3;;Vista AF Corse;Ferrari;GF;39.995;63.461;35.987;
21;2;55;2:19.740;0;;39.927;0;1:03.837;0;35.976;0;180.4;2:15:26.181;16:16:17.344;0:39.927;1:03.837;0:35.976;258.6;Simon MANN;;LMGT3;;Vista AF Corse;Ferrari;GF;39.927;63.837;35.976;
21;2;56;2:19.938;0;;39.880;0;1:03.923;0;36.135;0;180.2;2:17:46.119;16:18:37.282;0:39.880;1:03.923;0:36.135;258.0;Simon MANN;;LMGT3;;Vista AF Corse;Ferrari;GF;39.880;63.923;36.135;
21;2;57;2:20.032;0;;39.999;0;1:04.043;0;35.990;0;180.1;2:20:06.151;16:20:57.314;0:39.999;1:04.043;0:35.990;260.5;Simon MANN;;LMGT3;;Vista AF Corse;Ferrari;GF;39.999;64.043;35.990;
21;2;58;2:20.754;0;;39.895;0;1:04.779;0;36.080;0;179.1;2:22:26.905;16:23:18.068;0:39.895;1:04.779;0:36.080;261.1;Simon MANN;;LMGT3;;Vista AF Corse;Ferrari;GF;39.895;64.779;36.080;
21;2;59;2:20.928;0;;39.858;0;1:05.013;0;36.057;0;178.9;2:24:47.833;16:25:38.996;0:39.858;1:05.013;0:36.057;263.0;Simon MANN;;LMGT3;;Vista AF Corse;Ferrari;GF;39.858;65.013;36.057;
21;2;60;2:20.731;0;;39.930;0;1:04.677;0;36.124;0;179.2;2:27:08.564;16:27:59.727;0:39.930;1:04.677;0:36.124;263.0;Simon MANN;;LMGT3;;Vista AF Corse;Ferrari;GF;39.930;64.677;36.124;
21;2;61;2:20.594;0;;39.969;0;1:04.741;0;35.884;0;179.3;2:29:29.158;16:30:20.321;0:39.969;1:04.741;0:35.884;259.9;Simon MANN;;LMGT3;;Vista AF Corse;Ferrari;GF;39.969;64.741;35.884;
21;2;62;2:20.513;0;;39.909;0;1:04.648;0;35.956;0;179.4;2:31:49.671;16:32:40.834;0:39.909;1:04.648;0:35.956;259.2;Simon MANN;;LMGT3;;Vista AF Corse;Ferrari;GF;39.909;64.648;35.956;
21;2;63;2:21.080;0;;40.020;0;1:04.816;0;36.244;0;178.7;2:34:10.751;16:35:01.914;0:40.020;1:04.816;0:36.244;260.5;Simon MANN;;LMGT3;;Vista AF Corse;Ferrari;GF;40.020;64.816;36.244;
21;2;64;2:20.868;0;;39.831;0;1:04.984;0;36.053;0;179.0;2:36:31.619;16:37:22.782;0:39.831;1:04.984;0:36.053;261.7;Simon MANN;;LMGT3;;Vista AF Corse;Ferrari;GF;39.831;64.984;36.053;
21;2;65;2:20.849;0;;39.887;0;1:05.008;0;35.954;0;179.0;2:38:52.468;16:39:43.631;0:39.887;1:05.008;0:35.954;261.7;Simon MANN;;LMGT3;;Vista AF Corse;Ferrari;GF;39.887;65.008;35.954;
21;2;66;2:21.084;0;;40.017;0;1:05.013;0;36.054;0;178.7;2:41:13.552;16:42:04.715;0:40.017;1:05.013;0:36.054;258.6;Simon MANN;;LMGT3;;Vista AF Corse;Ferrari;GF;40.017;65.013;36.054;
21;2;67;2:21.010;0;;40.002;0;1:05.064;0;35.944;0;178.8;2:43:34.562;16:44:25.725;0:40.002;1:05.064;0:35.944;258.6;Simon MANN;;LMGT3;;Vista AF Corse;Ferrari;GF;40.002;65.064;35.944;
21;2;68;3:35.335;0;;40.225;0;1:29.923;0;1:25.187;0;117.1;2:47:09.897;16:48:01.060;0:40.225;1:29.923;1:25.187;259.9;Simon MANN;;LMGT3;;Vista AF Corse;Ferrari;GF;40.225;89.923;85.187;
21;2;69;2:24.098;0;;42.078;0;1:06.051;0;35.969;0;175.0;2:49:33.995;16:50:25.158;0:42.078;1:06.051;0:35.969;258.6;Simon MANN;;LMGT3;;Vista AF Corse;Ferrari;GF;42.078;66.051;35.969;
21;2;70;2:21.387;0;;39.984;0;1:05.150;0;36.253;0;178.3;2:51:55.382;16:52:46.545;0:39.984;1:05.150;0:36.253;258.6;Simon MANN;;LMGT3;;Vista AF Corse;Ferrari;GF;39.984;65.150;36.253;
21;2;71;2:20.996;0;;40.055;0;1:04.992;0;35.949;0;178.8;2:54:16.378;16:55:07.541;0:40.055;1:04.992;0:35.949;260.5;Simon MANN;;LMGT3;;Vista AF Corse;Ferrari;GF;40.055;64.992;35.949;
21;2;72;2:21.627;0;;40.028;0;1:05.427;0;36.172;0;178.0;2:56:38.005;16:57:29.168;0:40.028;1:05.427;0:36.172;256.2;Simon MANN;;LMGT3;;Vista AF Corse;Ferrari;GF;40.028;65.427;36.172;
21;2;73;2:21.877;0;;39.758;0;1:05.896;0;36.223;0;177.7;2:58:59.882;16:59:51.045;0:39.758;1:05.896;0:36.223;258.0;Simon MANN;;LMGT3;;Vista AF Corse;Ferrari;GF;39.758;65.896;36.223;
21;2;74;2:22.229;0;;39.719;1;1:06.262;0;36.248;0;177.3;3:01:22.111;17:02:13.274;0:39.719;1:06.262;0:36.248;261.7;Simon MANN;;LMGT3;;Vista AF Corse;Ferrari;GF;39.719;66.262;36.248;
21;2;75;2:27.824;0;B;39.740;0;1:05.492;0;42.592;0;170.6;3:03:49.935;17:04:41.098;0:39.740;1:05.492;0:42.592;259.9;Simon MANN;;LMGT3;;Vista AF Corse;Ferrari;GF;39.740;65.492;42.592;
21;2;76;3:35.782;0;;1:50.460;0;1:08.787;0;36.535;0;116.9;3:07:25.717;17:08:16.880;1:50.460;1:08.787;0:36.535;221.1;Simon MANN;0:01:18.804;LMGT3;;Vista AF Corse;Ferrari;GF;110.460;68.787;36.535;
21;2;77;2:20.969;0;;40.037;0;1:04.869;0;36.063;0;178.9;3:09:46.686;17:10:37.849;0:40.037;1:04.869;0:36.063;258.6;Simon MANN;;LMGT3;;Vista AF Corse;Ferrari;GF;40.037;64.869;36.063;
21;2;78;2:20.244;0;;39.899;0;1:04.612;0;35.733;0;179.8;3:12:06.930;17:12:58.093;0:39.899;1:04.612;0:35.733;260.5;Simon MANN;;LMGT3;;Vista AF Corse;Ferrari;GF;39.899;64.612;35.733;
21;2;79;2:19.451;0;;39.938;0;1:03.610;0;35.903;0;180.8;3:14:26.381;17:15:17.544;0:39.938;1:03.610;0:35.903;258.6;Simon MANN;;LMGT3;;Vista AF Corse;Ferrari;GF;39.938;63.610;35.903;
21;2;80;2:19.646;0;;39.951;0;1:03.922;0;35.773;0;180.6;3:16:46.027;17:17:37.190;0:39.951;1:03.922;0:35.773;259.9;Simon MANN;;LMGT3;;Vista AF Corse;Ferrari;GF;39.951;63.922;35.773;
21;2;81;2:19.843;0;;39.891;0;1:04.035;0;35.917;0;180.3;3:19:05.870;17:19:57.033;0:39.891;1:04.035;0:35.917;261.1;Simon MANN;;LMGT3;;Vista AF Corse;Ferrari;GF;39.891;64.035;35.917;
21;2;82;2:19.960;0;;39.896;0;1:04.118;0;35.946;0;180.2;3:21:25.830;17:22:16.993;0:39.896;1:04.118;0:35.946;258.0;Simon MANN;;LMGT3;;Vista AF Corse;Ferrari;GF;39.896;64.118;35.946;
21;2;83;2:20.083;0;;40.002;0;1:04.138;0;35.943;0;180.0;3:23:45.913;17:24:37.076;0:40.002;1:04.138;0:35.943;261.1;Simon MANN;;LMGT3;;Vista AF Corse;Ferrari;GF;40.002;64.138;35.943;
21;2;84;2:20.670;0;;40.029;0;1:04.244;0;36.397;0;179.2;3:26:06.583;17:26:57.746;0:40.029;1:04.244;0:36.397;253.8;Simon MANN;;LMGT3;;Vista AF Corse;Ferrari;GF;40.029;64.244;36.397;
21;2;85;2:20.277;0;;40.000;0;1:04.389;0;35.888;0;179.7;3:28:26.860;17:29:18.023;0:40.000;1:04.389;0:35.888;259.2;Simon MANN;;LMGT3;;Vista AF Corse;Ferrari;GF;40.000;64.389;35.888;
21;2;86;2:20.717;0;;39.889;0;1:04.954;0;35.874;0;179.2;3:30:47.577;17:31:38.740;0:39.889;1:04.954;0:35.874;261.1;Simon MANN;;LMGT3;;Vista AF Corse;Ferrari;GF;39.889;64.954;35.874;
21;2;87;2:22.655;0;;40.633;0;1:05.193;0;36.829;0;176.7;3:33:10.232;17:34:01.395;0:40.633;1:05.193;0:36.829;257.4;Simon MANN;;LMGT3;;Vista AF Corse;Ferrari;GF;40.633;65.193;36.829;
21;2;88;2:20.522;0;;39.892;0;1:04.441;0;36.189;0;179.4;3:35:30.754;17:36:21.917;0:39.892;1:04.441;0:36.189;259.2;Simon MANN;;LMGT3;;Vista AF Corse;Ferrari;GF;39.892;64.441;36.189;
21;2;89;2:21.096;0;;39.966;0;1:05.245;0;35.885;0;178.7;3:37:51.850;17:38:43.013;0:39.966;1:05.245;0:35.885;260.5;Simon MANN;;LMGT3;;Vista AF Corse;Ferrari;GF;39.966;65.245;35.885;
21;2;90;2:21.500;0;;39.958;0;1:05.128;0;36.414;0;178.2;3:40:13.350;17:41:04.513;0:39.958;1:05.128;0:36.414;259.9;Simon MANN;;LMGT3;;Vista AF Corse;Ferrari;GF;39.958;65.128;36.414;
21;2;91;2:20.647;0;;39.858;0;1:04.825;0;35.964;0;179.3;3:42:33.997;17:43:25.160;0:39.858;1:04.825;0:35.964;259.2;Simon MANN;;LMGT3;;Vista AF Corse;Ferrari;GF;39.858;64.825;35.964;
21;2;92;2:20.535;0;;39.874;0;1:04.563;0;36.098;0;179.4;3:44:54.532;17:45:45.695;0:39.874;1:04.563;0:36.098;259.2;Simon MANN;;LMGT3;;Vista AF Corse;Ferrari;GF;39.874;64.563;36.098;
21;2;93;2:20.750;0;;39.838;0;1:04.970;0;35.942;0;179.1;3:47:15.282;17:48:06.445;0:39.838;1:04.970;0:35.942;262.4;Simon MANN;;LMGT3;;Vista AF Corse;Ferrari;GF;39.838;64.970;35.942;
21;2;94;2:25.640;0;;39.774;0;1:09.929;0;35.937;0;173.1;3:49:40.922;17:50:32.085;0:39.774;1:09.929;0:35.937;254.4;Simon MANN;;LMGT3;;Vista AF Corse;Ferrari;GF;39.774;69.929;35.937;
21;2;95;4:01.127;0;B;40.000;0;1:51.585;0;1:29.542;0;104.6;3:53:42.049;17:54:33.212;0:40.000;1:51.585;1:29.542;257.4;Simon MANN;;LMGT3;;Vista AF Corse;Ferrari;GF;40.000;111.585;89.542;
21;3;96;6:06.164;0;;2:31.122;0;2:09.168;0;1:25.874;0;68.9;3:59:48.213;18:00:39.376;2:31.122;2:09.168;1:25.874;79.4;Alessio ROVERA;0:01:10.651;LMGT3;;Vista AF Corse;Ferrari;GF;151.122;129.168;85.874;
21;3;97;3:52.465;0;;1:42.257;0;1:29.680;0;40.528;0;108.5;4:03:40.678;18:04:31.841;1:42.257;1:29.680;0:40.528;79.4;Alessio ROVERA;;LMGT3;;Vista AF Corse;Ferrari;SF;102.257;89.680;40.528;
21;3;98;2:33.485;0;;44.811;0;1:09.545;0;39.129;0;164.3;4:06:14.163;18:07:05.326;0:44.811;1:09.545;0:39.129;223.9;Alessio ROVERA;;LMGT3;;Vista AF Corse;Ferrari;SF;44.811;69.545;39.129;
21;3;99;3:52.724;0;;44.135;0;1:48.227;0;1:20.362;0;108.3;4:10:06.887;18:10:58.050;0:44.135;1:48.227;1:20.362;211.6;Alessio ROVERA;;LMGT3;;Vista AF Corse;Ferrari;SF;44.135;108.227;80.362;
21;3;100;4:28.365;0;;1:25.516;0;1:43.497;0;1:19.352;0;94.0;4:14:35.252;18:15:26.415;1:25.516;1:43.497;1:19.352;88.7;Alessio ROVERA;;LMGT3;;Vista AF Corse;Ferrari;SF;85.516;103.497;79.352;
21;3;101;3:10.103;0;;1:04.165;0;1:11.766;0;54.172;0;132.6;4:17:45.355;18:18:36.518;1:04.165;1:11.766;0:54.172;198.1;Alessio ROVERA;;LMGT3;;Vista AF Corse;Ferrari;GF;64.165;71.766;54.172;
21;3;102;2:18.281;2;;39.668;0;1:03.018;2;35.595;0;182.3;4:20:03.636;18:20:54.799;0:39.668;1:03.018;0:35.595;259.9;Alessio ROVERA;;LMGT3;;Vista AF Corse;Ferrari;GF;39.668;63.018;35.595;
21;3;103;2:18.906;0;;39.753;0;1:03.471;0;35.682;0;181.5;4:22:22.542;18:23:13.705;0:39.753;1:03.471;0:35.682;259.9;Alessio ROVERA;;LMGT3;;Vista AF Corse;Ferrari;GF;39.753;63.471;35.682;
21;3;104;2:19.041;0;;39.787;0;1:03.635;0;35.619;0;181.3;4:24:41.583;18:25:32.746;0:39.787;1:03.635;0:35.619;259.2;Alessio ROVERA;;LMGT3;;Vista AF Corse;Ferrari;GF;39.787;63.635;35.619;
21;3;105;2:19.239;0;;39.803;0;1:03.730;0;35.706;0;181.1;4:27:00.822;18:27:51.985;0:39.803;1:03.730;0:35.706;259.2;Alessio ROVERA;;LMGT3;;Vista AF Corse;Ferrari;GF;39.803;63.730;35.706;
21;3;106;2:19.599;0;;39.924;0;1:03.936;0;35.739;0;180.6;4:29:20.421;18:30:11.584;0:39.924;1:03.936;0:35.739;259.2;Alessio ROVERA;;LMGT3;;Vista AF Corse;Ferrari;GF;39.924;63.936;35.739;
21;3;107;2:19.352;0;;39.871;0;1:03.753;0;35.728;0;180.9;4:31:39.773;18:32:30.936;0:39.871;1:03.753;0:35.728;259.2;Alessio ROVERA;;LMGT3;;Vista AF Corse;Ferrari;GF;39.871;63.753;35.728;
21;3;108;2:19.568;0;;39.836;0;1:03.889;0;35.843;0;180.7;4:33:59.341;18:34:50.504;0:39.836;1:03.889;0:35.843;259.9;Alessio ROVERA;;LMGT3;;Vista AF Corse;Ferrari;GF;39.836;63.889;35.843;
21;3;109;2:19.721;0;;39.868;0;1:04.058;0;35.795;0;180.5;4:36:19.062;18:37:10.225;0:39.868;1:04.058;0:35.795;259.9;Alessio ROVERA;;LMGT3;;Vista AF Corse;Ferrari;GF;39.868;64.058;35.795;
21;3;110;2:20.871;0;;40.445;0;1:04.441;0;35.985;0;179.0;4:38:39.933;18:39:31.096;0:40.445;1:04.441;0:35.985;258.0;Alessio ROVERA;;LMGT3;;Vista AF Corse;Ferrari;GF;40.445;64.441;35.985;
21;3;111;2:21.381;0;;39.626;2;1:05.884;0;35.871;0;178.3;4:41:01.314;18:41:52.477;0:39.626;1:05.884;0:35.871;262.4;Alessio ROVERA;;LMGT3;;Vista AF Corse;Ferrari;GF;39.626;65.884;35.871;
21;3;112;2:19.945;0;;39.634;0;1:04.587;0;35.724;0;180.2;4:43:21.259;18:44:12.422;0:39.634;1:04.587;0:35.724;263.0;Alessio ROVERA;;LMGT3;;Vista AF Corse;Ferrari;GF;39.634;64.587;35.724;
21;3;113;2:20.078;0;;39.692;0;1:04.477;0;35.909;0;180.0;4:45:41.337;18:46:32.500;0:39.692;1:04.477;0:35.909;261.1;Alessio ROVERA;;LMGT3;;Vista AF Corse;Ferrari;GF;39.692;64.477;35.909;
21;3;114;2:20.257;0;;39.781;0;1:04.550;0;35.926;0;179.8;4:48:01.594;18:48:52.757;0:39.781;1:04.550;0:35.926;261.1;Alessio ROVERA;;LMGT3;;Vista AF Corse;Ferrari;GF;39.781;64.550;35.926;
21;3;115;2:20.109;0;;39.790;0;1:04.430;0;35.889;0;180.0;4:50:21.703;18:51:12.866;0:39.790;1:04.430;0:35.889;260.5;Alessio ROVERA;;LMGT3;;Vista AF Corse;Ferrari;GF;39.790;64.430;35.889;
21;3;116;2:20.120;0;;39.751;0;1:04.503;0;35.866;0;179.9;4:52:41.823;18:53:32.986;0:39.751;1:04.503;0:35.866;261.1;Alessio ROVERA;;LMGT3;;Vista AF Corse;Ferrari;GF;39.751;64.503;35.866;
21;3;117;2:19.965;0;;39.793;0;1:04.359;0;35.813;0;180.1;4:55:01.788;18:55:52.951;0:39.793;1:04.359;0:35.813;261.1;Alessio ROVERA;;LMGT3;;Vista AF Corse;Ferrari;GF;39.793;64.359;35.813;
21;3;118;2:20.209;0;;39.801;0;1:04.513;0;35.895;0;179.8;4:57:21.997;18:58:13.160;0:39.801;1:04.513;0:35.895;260.5;Alessio ROVERA;;LMGT3;;Vista AF Corse;Ferrari;GF;39.801;64.513;35.895;
21;3;119;2:20.889;0;;39.856;0;1:04.812;0;36.221;0;179.0;4:59:42.886;19:00:34.049;0:39.856;1:04.812;0:36.221;261.7;Alessio ROVERA;;LMGT3;;Vista AF Corse;Ferrari;GF;39.856;64.812;36.221;
21;3;120;3:28.132;0;B;40.272;0;1:19.302;0;1:28.558;0;121.1;5:03:11.018;19:04:02.181;0:40.272;1:19.302;1:28.558;258.0;Alessio ROVERA;;LMGT3;;Vista AF Corse;Ferrari;GF;40.272;79.302;88.558;
21;3;121;6:10.351;0;;2:35.458;0;2:09.133;0;1:25.760;0;68.1;5:09:21.369;19:10:12.532;2:35.458;2:09.133;1:25.760;79.3;Alessio ROVERA;0:01:14.533;LMGT3;;Vista AF Corse;Ferrari;GF;155.458;129.133;85.760;
21;3;122;4:28.970;0;;1:42.550;0;2:02.217;0;44.203;0;93.7;5:13:50.339;19:14:41.502;1:42.550;2:02.217;0:44.203;79.3;Alessio ROVERA;;LMGT3;;Vista AF Corse;Ferrari;SF;102.550;122.217;44.203;
21;3;123;4:42.220;0;;1:24.816;0;1:59.886;0;1:17.518;0;89.3;5:18:32.559;19:19:23.722;1:24.816;1:59.886;1:17.518;85.8;Alessio ROVERA;;LMGT3;;Vista AF Corse;Ferrari;SF;84.816;119.886;77.518;
21;3;124;4:00.696;0;;1:30.267;0;1:33.738;0;56.691;0;104.8;5:22:33.255;19:23:24.418;1:30.267;1:33.738;0:56.691;102.3;Alessio ROVERA;;LMGT3;;Vista AF Corse;Ferrari;SF;90.267;93.738;56.691;
21;3;125;3:04.409;0;;51.091;0;1:22.562;0;50.756;0;136.7;5:25:37.664;19:26:28.827;0:51.091;1:22.562;0:50.756;179.4;Alessio ROVERA;;LMGT3;;Vista AF Corse;Ferrari;GF;51.091;82.562;50.756;
21;3;126;2:25.707;0;;40.178;0;1:08.182;0;37.347;0;173.0;5:28:03.371;19:28:54.534;0:40.178;1:08.182;0:37.347;215.0;Alessio ROVERA;;LMGT3;;Vista AF Corse;Ferrari;SF;40.178;68.182;37.347;
21;3;127;4:19.792;0;;1:18.613;0;1:52.459;0;1:08.720;0;97.1;5:32:23.163;19:33:14.326;1:18.613;1:52.459;1:08.720;73.9;Alessio ROVERA;;LMGT3;;Vista AF Corse;Ferrari;SF;78.613;112.459;68.720;
21;3;128;3:47.637;0;;1:30.911;0;1:27.075;0;49.651;0;110.8;5:36:10.800;19:37:01.963;1:30.911;1:27.075;0:49.651;70.0;Alessio ROVERA;;LMGT3;;Vista AF Corse;Ferrari;GF;90.911;87.075;49.651;
21;3;129;2:20.901;0;;40.845;0;1:04.535;0;35.521;2;178.9;5:38:31.701;19:39:22.864;0:40.845;1:04.535;0:35.521;250.8;Alessio ROVERA;;LMGT3;;Vista AF Corse;Ferrari;GF;40.845;64.535;35.521;
21;3;130;2:19.136;0;;39.853;0;1:03.714;0;35.569;0;181.2;5:40:50.837;19:41:42.000;0:39.853;1:03.714;0:35.569;260.5;Alessio ROVERA;;LMGT3;;Vista AF Corse;Ferrari;GF;39.853;63.714;35.569;
21;3;131;2:18.757;0;;39.694;0;1:03.386;0;35.677;0;181.7;5:43:09.594;19:44:00.757;0:39.694;1:03.386;0:35.677;259.9;Alessio ROVERA;;LMGT3;;Vista AF Corse;Ferrari;GF;39.694;63.386;35.677;
21;3;132;2:18.896;0;;39.710;0;1:03.499;0;35.687;0;181.5;5:45:28.490;19:46:19.653;0:39.710;1:03.499;0:35.687;259.9;Alessio ROVERA;;LMGT3;;Vista AF Corse;Ferrari;GF;39.710;63.499;35.687;
21;3;133;2:19.635;0;;39.823;0;1:03.673;0;36.139;0;180.6;5:47:48.125;19:48:39.288;0:39.823;1:03.673;0:36.139;260.5;Alessio ROVERA;;LMGT3;;Vista AF Corse;Ferrari;GF;39.823;63.673;36.139;
21;3;134;2:19.550;0;;39.761;0;1:04.010;0;35.779;0;180.7;5:50:07.675;19:50:58.838;0:39.761;1:04.010;0:35.779;259.2;Alessio ROVERA;;LMGT3;;Vista AF Corse;Ferrari;GF;39.761;64.010;35.779;
21;3;135;2:19.163;0;;39.761;0;1:03.690;0;35.712;0;181.2;5:52:26.838;19:53:18.001;0:39.761;1:03.690;0:35.712;260.5;Alessio ROVERA;;LMGT3;;Vista AF Corse;Ferrari;GF;39.761;63.690;35.712;
21;3;136;2:19.219;0;;39.810;0;1:03.683;0;35.726;0;181.1;5:54:46.057;19:55:37.220;0:39.810;1:03.683;0:35.726;259.9;Alessio ROVERA;;LMGT3;;Vista AF Corse;Ferrari;GF;39.810;63.683;35.726;
21;3;137;2:19.361;0;;39.778;0;1:03.616;0;35.967;0;180.9;5:57:05.418;19:57:56.581;0:39.778;1:03.616;0:35.967;259.9;Alessio ROVERA;;LMGT3;;Vista AF Corse;Ferrari;GF;39.778;63.616;35.967;
21;3;138;2:19.667;0;;39.633;0;1:04.342;0;35.692;0;180.5;5:59:25.085;20:00:16.248;0:39.633;1:04.342;0:35.692;263.0;Alessio ROVERA;;LMGT3;;Vista AF Corse;Ferrari;GF;39.633;64.342;35.692;
21;3;139;2:19.412;0;;39.712;0;1:03.937;0;35.763;0;180.9;6:01:44.497;20:02:35.660;0:39.712;1:03.937;0:35.763;261.7;Alessio ROVERA;;LMGT3;;Vista AF Corse;Ferrari;FF;39.712;63.937;35.763;
23;1;1;2:35.665;0;;50.691;0;1:07.922;0;37.052;0;159.2;2:35.665;14:03:26.828;0:50.691;1:07.922;0:37.052;253.8;Gray NEWELL;;LMGT3;;Heart of Racing Team;Aston Martin;GF;50.691;67.922;37.052;
23;1;2;2:22.200;0;;40.247;0;1:05.714;0;36.239;0;177.3;4:57.865;14:05:49.028;0:40.247;1:05.714;0:36.239;259.9;Gray NEWELL;;LMGT3;;Heart of Racing Team;Aston Martin;GF;40.247;65.714;36.239;
23;1;3;2:21.918;0;;40.233;0;1:05.588;0;36.097;0;177.7;7:19.783;14:08:10.946;0:40.233;1:05.588;0:36.097;257.4;Gray NEWELL;;LMGT3;;Heart of Racing Team;Aston Martin;GF;40.233;65.588;36.097;
23;1;4;2:22.216;0;;40.263;0;1:05.856;0;36.097;0;177.3;9:41.999;14:10:33.162;0:40.263;1:05.856;0:36.097;264.3;Gray NEWELL;;LMGT3;;Heart of Racing Team;Aston Martin;GF;40.263;65.856;36.097;
23;1;5;2:21.943;0;;40.139;0;1:05.690;0;36.114;0;177.6;12:03.942;14:12:55.105;0:40.139;1:05.690;0:36.114;252.0;Gray NEWELL;;LMGT3;;Heart of Racing Team;Aston Martin;GF;40.139;65.690;36.114;
23;1;6;2:29.758;0;;39.858;1;1:06.343;0;43.557;0;168.4;14:33.700;14:15:24.863;0:39.858;1:06.343;0:43.557;264.9;Gray NEWELL;;LMGT3;;Heart of Racing Team;Aston Martin;SF;39.858;66.343;43.557;
23;1;7;3:00.641;0;;55.312;0;1:19.004;0;46.325;0;139.6;17:34.341;14:18:25.504;0:55.312;1:19.004;0:46.325;201.8;Gray NEWELL;;LMGT3;;Heart of Racing Team;Aston Martin;SF;55.312;79.004;46.325;
23;1;8;2:45.688;0;;47.581;0;1:12.551;0;45.556;0;152.2;20:20.029;14:21:11.192;0:47.581;1:12.551;0:45.556;168.5;Gray NEWELL;;LMGT3;;Heart of Racing Team;Aston Martin;SF;47.581;72.551;45.556;
23;1;9;3:09.452;0;;1:04.534;0;1:19.584;0;45.334;0;133.1;23:29.481;14:24:20.644;1:04.534;1:19.584;0:45.334;189.8;Gray NEWELL;;LMGT3;;Heart of Racing Team;Aston Martin;SF;64.534;79.584;45.334;
23;1;10;2:44.030;0;;48.480;0;1:12.486;0;43.064;0;153.7;26:13.511;14:27:04.674;0:48.480;1:12.486;0:43.064;210.4;Gray NEWELL;;LMGT3;;Heart of Racing Team;Aston Martin;GF;48.480;72.486;43.064;
23;1;11;2:24.952;0;;40.696;0;1:07.234;0;37.022;0;173.9;28:38.463;14:29:29.626;0:40.696;1:07.234;0:37.022;250.8;Gray NEWELL;;LMGT3;;Heart of Racing Team;Aston Martin;GF;40.696;67.234;37.022;
23;1;12;2:22.963;0;;40.971;0;1:05.932;0;36.060;0;176.4;31:01.426;14:31:52.589;0:40.971;1:05.932;0:36.060;259.9;Gray NEWELL;;LMGT3;;Heart of Racing Team;Aston Martin;GF;40.971;65.932;36.060;
23;1;13;2:23.024;0;;40.253;0;1:06.577;0;36.194;0;176.3;33:24.450;14:34:15.613;0:40.253;1:06.577;0:36.194;256.2;Gray NEWELL;;LMGT3;;Heart of Racing Team;Aston Martin;GF;40.253;66.577;36.194;
23;1;14;2:24.974;0;;40.262;0;1:06.433;0;38.279;0;173.9;35:49.424;14:36:40.587;0:40.262;1:06.433;0:38.279;264.3;Gray NEWELL;;LMGT3;;Heart of Racing Team;Aston Martin;GF;40.262;66.433;38.279;
23;1;15;2:24.703;0;;41.558;0;1:06.166;0;36.979;0;174.2;38:14.127;14:39:05.290;0:41.558;1:06.166;0:36.979;258.0;Gray NEWELL;;LMGT3;;Heart of Racing Team;Aston Martin;GF;41.558;66.166;36.979;
23;1;16;2:25.962;0;;40.560;0;1:06.971;0;38.431;0;172.7;40:40.089;14:41:31.252;0:40.560;1:06.971;0:38.431;258.0;Gray NEWELL;;LMGT3;;Heart of Racing Team;Aston Martin;GF;40.560;66.971;38.431;
23;1;17;2:30.089;0;;43.593;0;1:08.378;0;38.118;0;168.0;43:10.178;14:44:01.341;0:43.593;1:08.378;0:38.118;250.3;Gray NEWELL;;LMGT3;;Heart of Racing Team;Aston Martin;GF;43.593;68.378;38.118;
23;1;18;2:23.500;0;;40.464;0;1:06.488;0;36.548;0;175.7;45:33.678;14:46:24.841;0:40.464;1:06.488;0:36.548;255.6;Gray NEWELL;;LMGT3;;Heart of Racing Team;Aston Martin;GF;40.464;66.488;36.548;
23;1;19;2:23.609;0;;40.219;0;1:06.654;0;36.736;0;175.6;47:57.287;14:48:48.450;0:40.219;1:06.654;0:36.736;261.7;Gray NEWELL;;LMGT3;;Heart of Racing Team;Aston Martin;GF;40.219;66.654;36.736;
23;1;20;2:24.542;0;;41.075;0;1:06.957;0;36.510;0;174.4;50:21.829;14:51:12.992;0:41.075;1:06.957;0:36.510;258.0;Gray NEWELL;;LMGT3;;Heart of Racing Team;Aston Martin;GF;41.075;66.957;36.510;
23;1;21;2:24.289;0;;40.356;0;1:07.313;0;36.620;0;174.7;52:46.118;14:53:37.281;0:40.356;1:07.313;0:36.620;256.2;Gray NEWELL;;LMGT3;;Heart of Racing Team;Aston Martin;GF;40.356;67.313;36.620;
23;1;22;2:24.877;0;;40.419;0;1:07.504;0;36.954;0;174.0;55:10.995;14:56:02.158;0:40.419;1:07.504;0:36.954;254.4;Gray NEWELL;;LMGT3;;Heart of Racing Team;Aston Martin;GF;40.419;67.504;36.954;
23;1;23;2:26.998;0;;40.727;0;1:09.219;0;37.052;0;171.5;57:37.993;14:58:29.156;0:40.727;1:09.219;0:37.052;265.6;Gray NEWELL;;LMGT3;;Heart of Racing Team;Aston Martin;GF;40.727;69.219;37.052;
23;1;24;2:26.057;0;;41.452;0;1:07.904;0;36.701;0;172.6;1:00:04.050;15:00:55.213;0:41.452;1:07.904;0:36.701;258.0;Gray NEWELL;;LMGT3;;Heart of Racing Team;Aston Martin;GF;41.452;67.904;36.701;
23;1;25;2:23.492;0;;40.465;0;1:06.306;0;36.721;0;175.7;1:02:27.542;15:03:18.705;0:40.465;1:06.306;0:36.721;258.6;Gray NEWELL;;LMGT3;;Heart of Racing Team;Aston Martin;GF;40.465;66.306;36.721;
23;1;26;2:24.531;0;;40.774;0;1:06.568;0;37.189;0;174.5;1:04:52.073;15:05:43.236;0:40.774;1:06.568;0:37.189;258.0;Gray NEWELL;;LMGT3;;Heart of Racing Team;Aston Martin;GF;40.774;66.568;37.189;
23;1;27;2:24.582;0;;40.484;0;1:07.367;0;36.731;0;174.4;1:07:16.655;15:08:07.818;0:40.484;1:07.367;0:36.731;261.7;Gray NEWELL;;LMGT3;;Heart of Racing Team;Aston Martin;GF;40.484;67.367;36.731;
23;1;28;2:30.690;0;B;41.046;0;1:06.520;0;43.124;0;167.3;1:09:47.345;15:10:38.508;0:41.046;1:06.520;0:43.124;258.0;Gray NEWELL;;LMGT3;;Heart of Racing Team;Aston Martin;GF;41.046;66.520;43.124;
23;1;29;3:44.341;0;B;1:52.556;0;1:08.114;0;43.671;0;112.4;1:13:31.686;15:14:22.849;1:52.556;1:08.114;0:43.671;250.3;Gray NEWELL;0:01:20.916;LMGT3;;Heart of Racing Team;Aston Martin;GF;112.556;68.114;43.671;
23;1;30;2:35.080;0;;53.165;0;1:05.366;0;36.549;0;162.6;1:16:06.766;15:16:57.929;0:53.165;1:05.366;0:36.549;255.0;Gray NEWELL;0:00:23.626;LMGT3;;Heart of Racing Team;Aston Martin;GF;53.165;65.366;36.549;
23;1;31;2:22.816;0;;40.800;0;1:05.637;0;36.379;0;176.5;1:18:29.582;15:19:20.745;0:40.800;1:05.637;0:36.379;256.8;Gray NEWELL;;LMGT3;;Heart of Racing Team;Aston Martin;GF;40.800;65.637;36.379;
23;1;32;2:20.951;0;;40.293;0;1:04.656;1;36.002;0;178.9;1:20:50.533;15:21:41.696;0:40.293;1:04.656;0:36.002;257.4;Gray NEWELL;;LMGT3;;Heart of Racing Team;Aston Martin;GF;40.293;64.656;36.002;
23;1;33;2:21.416;0;;40.151;0;1:05.223;0;36.042;0;178.3;1:23:11.949;15:24:03.112;0:40.151;1:05.223;0:36.042;258.0;Gray NEWELL;;LMGT3;;Heart of Racing Team;Aston Martin;GF;40.151;65.223;36.042;
23;1;34;2:27.235;0;B;40.255;0;1:04.922;0;42.058;0;171.3;1:25:39.184;15:26:30.347;0:40.255;1:04.922;0:42.058;258.0;Gray NEWELL;;LMGT3;;Heart of Racing Team;Aston Martin;GF;40.255;64.922;42.058;
23;1;35;2:34.147;0;;52.335;0;1:05.298;0;36.514;0;163.6;1:28:13.331;15:29:04.494;0:52.335;1:05.298;0:36.514;258.0;Gray NEWELL;0:00:23.542;LMGT3;;Heart of Racing Team;Aston Martin;GF;52.335;65.298;36.514;
23;1;36;2:22.304;0;;40.105;0;1:05.740;0;36.459;0;177.2;1:30:35.635;15:31:26.798;0:40.105;1:05.740;0:36.459;260.5;Gray NEWELL;;LMGT3;;Heart of Racing Team;Aston Martin;GF;40.105;65.740;36.459;
23;1;37;2:22.170;0;;40.575;0;1:05.355;0;36.240;0;177.4;1:32:57.805;15:33:48.968;0:40.575;1:05.355;0:36.240;258.6;Gray NEWELL;;LMGT3;;Heart of Racing Team;Aston Martin;GF;40.575;65.355;36.240;
23;1;38;2:24.855;0;;40.770;0;1:06.965;0;37.120;0;174.1;1:35:22.660;15:36:13.823;0:40.770;1:06.965;0:37.120;259.9;Gray NEWELL;;LMGT3;;Heart of Racing Team;Aston Martin;GF;40.770;66.965;37.120;
23;1;39;2:24.596;0;;40.678;0;1:06.862;0;37.056;0;174.4;1:37:47.256;15:38:38.419;0:40.678;1:06.862;0:37.056;259.2;Gray NEWELL;;LMGT3;;Heart of Racing Team;Aston Martin;GF;40.678;66.862;37.056;
23;1;40;2:22.458;0;;40.530;0;1:05.482;0;36.446;0;177.0;1:40:09.714;15:41:00.877;0:40.530;1:05.482;0:36.446;257.4;Gray NEWELL;;LMGT3;;Heart of Racing Team;Aston Martin;GF;40.530;65.482;36.446;
23;1;41;2:22.835;0;;40.680;0;1:05.588;0;36.567;0;176.5;1:42:32.549;15:43:23.712;0:40.680;1:05.588;0:36.567;256.8;Gray NEWELL;;LMGT3;;Heart of Racing Team;Aston Martin;GF;40.680;65.588;36.567;
23;1;42;2:22.433;0;;40.553;0;1:05.562;0;36.318;0;177.0;1:44:54.982;15:45:46.145;0:40.553;1:05.562;0:36.318;256.8;Gray NEWELL;;LMGT3;;Heart of Racing Team;Aston Martin;GF;40.553;65.562;36.318;
23;1;43;2:22.206;0;;40.382;0;1:05.409;0;36.415;0;177.3;1:47:17.188;15:48:08.351;0:40.382;1:05.409;0:36.415;256.8;Gray NEWELL;;LMGT3;;Heart of Racing Team;Aston Martin;GF;40.382;65.409;36.415;
23;1;44;2:23.035;0;;40.455;0;1:05.690;0;36.890;0;176.3;1:49:40.223;15:50:31.386;0:40.455;1:05.690;0:36.890;260.5;Gray NEWELL;;LMGT3;;Heart of Racing Team;Aston Martin;GF;40.455;65.690;36.890;
23;1;45;2:22.545;0;;40.403;0;1:06.109;0;36.033;0;176.9;1:52:02.768;15:52:53.931;0:40.403;1:06.109;0:36.033;258.0;Gray NEWELL;;LMGT3;;Heart of Racing Team;Aston Martin;GF;40.403;66.109;36.033;
23;1;46;2:22.713;0;;40.517;0;1:06.045;0;36.151;0;176.7;1:54:25.481;15:55:16.644;0:40.517;1:06.045;0:36.151;256.2;Gray NEWELL;;LMGT3;;Heart of Racing Team;Aston Martin;GF;40.517;66.045;36.151;
23;1;47;2:24.306;0;;40.653;0;1:06.951;0;36.702;0;174.7;1:56:49.787;15:57:40.950;0:40.653;1:06.951;0:36.702;261.1;Gray NEWELL;;LMGT3;;Heart of Racing Team;Aston Martin;GF;40.653;66.951;36.702;
23;1;48;2:21.928;0;;40.432;0;1:05.544;0;35.952;1;177.7;1:59:11.715;16:00:02.878;0:40.432;1:05.544;0:35.952;259.2;Gray NEWELL;;LMGT3;;Heart of Racing Team;Aston Martin;GF;40.432;65.544;35.952;
23;1;49;2:26.207;0;;40.426;0;1:08.198;0;37.583;0;172.5;2:01:37.922;16:02:29.085;0:40.426;1:08.198;0:37.583;259.2;Gray NEWELL;;LMGT3;;Heart of Racing Team;Aston Martin;GF;40.426;68.198;37.583;
23;1;50;2:33.532;0;B;43.556;0;1:06.931;0;43.045;0;164.2;2:04:11.454;16:05:02.617;0:43.556;1:06.931;0:43.045;253.8;Gray NEWELL;;LMGT3;;Heart of Racing Team;Aston Martin;GF;43.556;66.931;43.045;
23;2;51;3:26.467;0;;1:44.695;0;1:05.484;0;36.288;0;122.1;2:07:37.921;16:08:29.084;1:44.695;1:05.484;0:36.288;252.0;Eduardo BARRICHELLO;0:01:14.502;LMGT3;;Heart of Racing Team;Aston Martin;GF;104.695;65.484;36.288;
23;2;52;2:23.496;0;;40.298;0;1:06.618;0;36.580;0;175.7;2:10:01.417;16:10:52.580;0:40.298;1:06.618;0:36.580;255.6;Eduardo BARRICHELLO;;LMGT3;;Heart of Racing Team;Aston Martin;GF;40.298;66.618;36.580;
23;2;53;2:20.950;0;;39.812;0;1:05.154;0;35.984;0;178.9;2:12:22.367;16:13:13.530;0:39.812;1:05.154;0:35.984;257.4;Eduardo BARRICHELLO;;LMGT3;;Heart of Racing Team;Aston Martin;GF;39.812;65.154;35.984;
23;2;54;2:20.092;0;;39.800;0;1:04.414;0;35.878;0;180.0;2:14:42.459;16:15:33.622;0:39.800;1:04.414;0:35.878;259.9;Eduardo BARRICHELLO;;LMGT3;;Heart of Racing Team;Aston Martin;GF;39.800;64.414;35.878;
23;2;55;2:26.333;0;B;39.852;0;1:04.617;0;41.864;0;172.3;2:17:08.792;16:17:59.955;0:39.852;1:04.617;0:41.864;261.1;Eduardo BARRICHELLO;;LMGT3;;Heart of Racing Team;Aston Martin;GF;39.852;64.617;41.864;
23;2;56;2:33.181;0;;51.752;0;1:05.249;0;36.180;0;164.6;2:19:41.973;16:20:33.136;0:51.752;1:05.249;0:36.180;261.7;Eduardo BARRICHELLO;0:00:23.560;LMGT3;;Heart of Racing Team;Aston Martin;GF;51.752;65.249;36.180;
23;2;57;2:21.006;0;;39.847;0;1:05.250;0;35.909;0;178.8;2:22:02.979;16:22:54.142;0:39.847;1:05.250;0:35.909;261.7;Eduardo BARRICHELLO;;LMGT3;;Heart of Racing Team;Aston Martin;GF;39.847;65.250;35.909;
23;2;58;2:20.091;0;;39.826;0;1:04.481;0;35.784;0;180.0;2:24:23.070;16:25:14.233;0:39.826;1:04.481;0:35.784;260.5;Eduardo BARRICHELLO;;LMGT3;;Heart of Racing Team;Aston Martin;GF;39.826;64.481;35.784;
23;2;59;2:21.389;0;;39.865;0;1:04.762;0;36.762;0;178.3;2:26:44.459;16:27:35.622;0:39.865;1:04.762;0:36.762;259.9;Eduardo BARRICHELLO;;LMGT3;;Heart of Racing Team;Aston Martin;GF;39.865;64.762;36.762;
23;2;60;2:21.618;0;;39.935;0;1:05.710;0;35.973;0;178.0;2:29:06.077;16:29:57.240;0:39.935;1:05.710;0:35.973;262.4;Eduardo BARRICHELLO;;LMGT3;;Heart of Racing Team;Aston Martin;GF;39.935;65.710;35.973;
23;2;61;2:21.625;0;;39.900;0;1:05.611;0;36.114;0;178.0;2:31:27.702;16:32:18.865;0:39.900;1:05.611;0:36.114;263.0;Eduardo BARRICHELLO;;LMGT3;;Heart of Racing Team;Aston Martin;GF;39.900;65.611;36.114;
23;2;62;2:21.667;0;;39.889;0;1:05.787;0;35.991;0;178.0;2:33:49.369;16:34:40.532;0:39.889;1:05.787;0:35.991;262.4;Eduardo BARRICHELLO;;LMGT3;;Heart of Racing Team;Aston Martin;GF;39.889;65.787;35.991;
23;2;63;2:21.416;0;;39.966;0;1:05.370;0;36.080;0;178.3;2:36:10.785;16:37:01.948;0:39.966;1:05.370;0:36.080;260.5;Eduardo BARRICHELLO;;LMGT3;;Heart of Racing Team;Aston Martin;GF;39.966;65.370;36.080;
23;2;64;2:22.110;0;;40.053;0;1:05.821;0;36.236;0;177.4;2:38:32.895;16:39:24.058;0:40.053;1:05.821;0:36.236;262.4;Eduardo BARRICHELLO;;LMGT3;;Heart of Racing Team;Aston Martin;GF;40.053;65.821;36.236;
23;2;65;2:22.955;0;;40.269;0;1:06.386;0;36.300;0;176.4;2:40:55.850;16:41:47.013;0:40.269;1:06.386;0:36.300;259.9;Eduardo BARRICHELLO;;LMGT3;;Heart of Racing Team;Aston Martin;GF;40.269;66.386;36.300;
23;2;66;2:24.073;0;;41.533;0;1:06.343;0;36.197;0;175.0;2:43:19.923;16:44:11.086;0:41.533;1:06.343;0:36.197;253.8;Eduardo BARRICHELLO;;LMGT3;;Heart of Racing Team;Aston Martin;GF;41.533;66.343;36.197;
23;2;67;3:18.509;0;;39.907;0;1:13.093;0;1:25.509;0;127.0;2:46:38.432;16:47:29.595;0:39.907;1:13.093;1:25.509;261.7;Eduardo BARRICHELLO;;LMGT3;;Heart of Racing Team;Aston Martin;FCY;39.907;73.093;85.509;
23;2;68;2:41.900;0;;59.067;0;1:06.596;0;36.237;0;155.7;2:49:20.332;16:50:11.495;0:59.067;1:06.596;0:36.237;256.2;Eduardo BARRICHELLO;;LMGT3;;Heart of Racing Team;Aston Martin;GF;59.067;66.596;36.237;
23;2;69;2:22.688;0;;39.853;0;1:06.577;0;36.258;0;176.7;2:51:43.020;16:52:34.183;0:39.853;1:06.577;0:36.258;264.3;Eduardo BARRICHELLO;;LMGT3;;Heart of Racing Team;Aston Martin;GF;39.853;66.577;36.258;
23;2;70;2:21.927;0;;39.977;0;1:05.774;0;36.176;0;177.7;2:54:04.947;16:54:56.110;0:39.977;1:05.774;0:36.176;261.7;Eduardo BARRICHELLO;;LMGT3;;Heart of Racing Team;Aston Martin;GF;39.977;65.774;36.176;
23;2;71;2:21.889;0;;39.984;0;1:05.817;0;36.088;0;177.7;2:56:26.836;16:57:17.999;0:39.984;1:05.817;0:36.088;262.4;Eduardo BARRICHELLO;;LMGT3;;Heart of Racing Team;Aston Martin;GF;39.984;65.817;36.088;
23;2;72;2:22.341;0;;40.032;0;1:05.987;0;36.322;0;177.1;2:58:49.177;16:59:40.340;0:40.032;1:05.987;0:36.322;261.7;Eduardo BARRICHELLO;;LMGT3;;Heart of Racing Team;Aston Martin;GF;40.032;65.987;36.322;
23;2;73;2:22.323;0;;39.855;0;1:05.941;0;36.527;0;177.2;3:01:11.500;17:02:02.663;0:39.855;1:05.941;0:36.527;263.6;Eduardo BARRICHELLO;;LMGT3;;Heart of Racing Team;Aston Martin;GF;39.855;65.941;36.527;
23;2;74;2:23.569;0;;40.311;0;1:06.930;0;36.328;0;175.6;3:03:35.069;17:04:26.232;0:40.311;1:06.930;0:36.328;264.3;Eduardo BARRICHELLO;;LMGT3;;Heart of Racing Team;Aston Martin;GF;40.311;66.930;36.328;
23;2;75;2:22.572;0;;39.962;0;1:06.210;0;36.400;0;176.9;3:05:57.641;17:06:48.804;0:39.962;1:06.210;0:36.400;263.0;Eduardo BARRICHELLO;;LMGT3;;Heart of Racing Team;Aston Martin;GF;39.962;66.210;36.400;
23;2;76;2:28.773;0;B;39.913;0;1:06.278;0;42.582;0;169.5;3:08:26.414;17:09:17.577;0:39.913;1:06.278;0:42.582;260.5;Eduardo BARRICHELLO;;LMGT3;;Heart of Racing Team;Aston Martin;GF;39.913;66.278;42.582;
23;2;77;3:33.685;0;;1:50.655;0;1:06.760;0;36.270;0;118.0;3:12:00.099;17:12:51.262;1:50.655;1:06.760;0:36.270;253.8;Eduardo BARRICHELLO;0:01:20.723;LMGT3;;Heart of Racing Team;Aston Martin;GF;110.655;66.760;36.270;
23;2;78;2:21.414;0;;40.519;0;1:04.889;0;36.006;0;178.3;3:14:21.513;17:15:12.676;0:40.519;1:04.889;0:36.006;259.9;Eduardo BARRICHELLO;;LMGT3;;Heart of Racing Team;Aston Martin;GF;40.519;64.889;36.006;
23;2;79;2:20.679;0;;39.991;0;1:04.825;0;35.863;0;179.2;3:16:42.192;17:17:33.355;0:39.991;1:04.825;0:35.863;259.9;Eduardo BARRICHELLO;;LMGT3;;Heart of Racing Team;Aston Martin;GF;39.991;64.825;35.863;
23;2;80;2:20.399;0;;39.903;0;1:04.586;0;35.910;0;179.6;3:19:02.591;17:19:53.754;0:39.903;1:04.586;0:35.910;259.2;Eduardo BARRICHELLO;;LMGT3;;Heart of Racing Team;Aston Martin;GF;39.903;64.586;35.910;
23;2;81;2:19.905;0;;39.857;0;1:04.253;0;35.795;0;180.2;3:21:22.496;17:22:13.659;0:39.857;1:04.253;0:35.795;260.5;Eduardo BARRICHELLO;;LMGT3;;Heart of Racing Team;Aston Martin;GF;39.857;64.253;35.795;
23;2;82;2:19.828;0;;39.858;0;1:04.203;0;35.767;0;180.3;3:23:42.324;17:24:33.487;0:39.858;1:04.203;0:35.767;261.7;Eduardo BARRICHELLO;;LMGT3;;Heart of Racing Team;Aston Martin;GF;39.858;64.203;35.767;
23;2;83;2:19.420;2;;39.787;0;1:03.963;2;35.670;0;180.9;3:26:01.744;17:26:52.907;0:39.787;1:03.963;0:35.670;261.1;Eduardo BARRICHELLO;;LMGT3;;Heart of Racing Team;Aston Martin;GF;39.787;63.963;35.670;
23;2;84;2:20.100;0;;39.696;0;1:04.599;0;35.805;0;180.0;3:28:21.844;17:29:13.007;0:39.696;1:04.599;0:35.805;263.0;Eduardo BARRICHELLO;;LMGT3;;Heart of Racing Team;Aston Martin;GF;39.696;64.599;35.805;
23;2;85;2:20.035;0;;39.784;0;1:04.521;0;35.730;0;180.1;3:30:41.879;17:31:33.042;0:39.784;1:04.521;0:35.730;262.4;Eduardo BARRICHELLO;;LMGT3;;Heart of Racing Team;Aston Martin;GF;39.784;64.521;35.730;
23;2;86;2:20.698;0;;39.711;0;1:05.294;0;35.693;0;179.2;3:33:02.577;17:33:53.740;0:39.711;1:05.294;0:35.693;262.4;Eduardo BARRICHELLO;;LMGT3;;Heart of Racing Team;Aston Martin;GF;39.711;65.294;35.693;
23;2;87;2:21.143;0;;39.597;1;1:05.639;0;35.907;0;178.6;3:35:23.720;17:36:14.883;0:39.597;1:05.639;0:35.907;260.5;Eduardo BARRICHELLO;;LMGT3;;Heart of Racing Team;Aston Martin;GF;39.597;65.639;35.907;
23;2;88;2:20.338;0;;39.688;0;1:04.940;0;35.710;0;179.7;3:37:44.058;17:38:35.221;0:39.688;1:04.940;0:35.710;263.0;Eduardo BARRICHELLO;;LMGT3;;Heart of Racing Team;Aston Martin;GF;39.688;64.940;35.710;
23;2;89;2:20.032;0;;39.782;0;1:04.533;0;35.717;0;180.1;3:40:04.090;17:40:55.253;0:39.782;1:04.533;0:35.717;262.4;Eduardo BARRICHELLO;;LMGT3;;Heart of Racing Team;Aston Martin;GF;39.782;64.533;35.717;
23;2;90;2:20.451;0;;39.685;0;1:04.941;0;35.825;0;179.5;3:42:24.541;17:43:15.704;0:39.685;1:04.941;0:35.825;262.4;Eduardo BARRICHELLO;;LMGT3;;Heart of Racing Team;Aston Martin;GF;39.685;64.941;35.825;
23;2;91;2:20.606;0;;39.702;0;1:05.245;0;35.659;0;179.3;3:44:45.147;17:45:36.310;0:39.702;1:05.245;0:35.659;264.3;Eduardo BARRICHELLO;;LMGT3;;Heart of Racing Team;Aston Martin;GF;39.702;65.245;35.659;
23;2;92;2:20.362;0;;39.709;0;1:05.037;0;35.616;2;179.6;3:47:05.509;17:47:56.672;0:39.709;1:05.037;0:35.616;264.9;Eduardo BARRICHELLO;;LMGT3;;Heart of Racing Team;Aston Martin;GF;39.709;65.037;35.616;
23;2;93;2:22.496;0;;39.704;0;1:06.742;0;36.050;0;176.9;3:49:28.005;17:50:19.168;0:39.704;1:06.742;0:36.050;264.3;Eduardo BARRICHELLO;;LMGT3;;Heart of Racing Team;Aston Martin;GF;39.704;66.742;36.050;
23;2;94;3:43.272;0;;39.820;0;1:38.317;0;1:25.135;0;112.9;3:53:11.277;17:54:02.440;0:39.820;1:38.317;1:25.135;261.1;Eduardo BARRICHELLO;;LMGT3;;Heart of Racing Team;Aston Martin;GF;39.820;98.317;85.135;
23;2;95;5:19.922;0;B;1:41.671;0;2:08.376;0;1:29.875;0;78.8;3:58:31.199;17:59:22.362;1:41.671;2:08.376;1:29.875;79.5;Eduardo BARRICHELLO;;LMGT3;;Heart of Racing Team;Aston Martin;GF;101.671;128.376;89.875;
23;3;96;4:52.089;0;;2:31.854;0;1:40.514;0;39.721;0;86.3;4:03:23.288;18:04:14.451;2:31.854;1:40.514;0:39.721;78.6;Jonny ADAM;0:01:10.801;LMGT3;;Heart of Racing Team;Aston Martin;SF;151.854;100.514;39.721;
23;3;97;2:31.980;0;;43.404;0;1:10.125;0;38.451;0;165.9;4:05:55.268;18:06:46.431;0:43.404;1:10.125;0:38.451;223.9;Jonny ADAM;;LMGT3;;Heart of Racing Team;Aston Martin;SF;43.404;70.125;38.451;
23;3;98;3:10.743;0;;56.670;0;1:35.340;0;38.733;0;132.2;4:09:06.011;18:09:57.174;0:56.670;1:35.340;0:38.733;64.4;Jonny ADAM;;LMGT3;;Heart of Racing Team;Aston Martin;SF;56.670;95.340;38.733;
23;3;99;2:33.032;0;;42.756;0;1:10.929;0;39.347;0;164.8;4:11:39.043;18:12:30.206;0:42.756;1:10.929;0:39.347;163.2;Jonny ADAM;;LMGT3;;Heart of Racing Team;Aston Martin;SF;42.756;70.929;39.347;
23;3;100;3:14.254;0;;41.672;0;1:09.601;0;1:22.981;0;129.8;4:14:53.297;18:15:44.460;0:41.672;1:09.601;1:22.981;222.5;Jonny ADAM;;LMGT3;;Heart of Racing Team;Aston Martin;SF;41.672;69.601;82.981;
23;3;101;2:59.069;0;;1:03.047;0;1:09.081;0;46.941;0;140.8;4:17:52.366;18:18:43.529;1:03.047;1:09.081;0:46.941;212.1;Jonny ADAM;;LMGT3;;Heart of Racing Team;Aston Martin;GF;63.047;69.081;46.941;
23;3;102;2:20.332;0;;39.605;0;1:04.735;0;35.992;0;179.7;4:20:12.698;18:21:03.861;0:39.605;1:04.735;0:35.992;263.0;Jonny ADAM;;LMGT3;;Heart of Racing Team;Aston Martin;GF;39.605;64.735;35.992;
23;3;103;2:21.337;0;;39.608;0;1:05.677;0;36.052;0;178.4;4:22:34.035;18:23:25.198;0:39.608;1:05.677;0:36.052;245.7;Jonny ADAM;;LMGT3;;Heart of Racing Team;Aston Martin;GF;39.608;65.677;36.052;
23;3;104;2:20.617;0;;39.732;0;1:04.877;0;36.008;0;179.3;4:24:54.652;18:25:45.815;0:39.732;1:04.877;0:36.008;264.3;Jonny ADAM;;LMGT3;;Heart of Racing Team;Aston Martin;GF;39.732;64.877;36.008;
23;3;105;2:20.683;0;;39.638;0;1:05.063;0;35.982;0;179.2;4:27:15.335;18:28:06.498;0:39.638;1:05.063;0:35.982;264.9;Jonny ADAM;;LMGT3;;Heart of Racing Team;Aston Martin;GF;39.638;65.063;35.982;
23;3;106;2:20.840;0;;39.763;0;1:05.031;0;36.046;0;179.0;4:29:36.175;18:30:27.338;0:39.763;1:05.031;0:36.046;264.9;Jonny ADAM;;LMGT3;;Heart of Racing Team;Aston Martin;GF;39.763;65.031;36.046;
23;3;107;2:20.684;0;;39.668;0;1:04.990;0;36.026;0;179.2;4:31:56.859;18:32:48.022;0:39.668;1:04.990;0:36.026;263.6;Jonny ADAM;;LMGT3;;Heart of Racing Team;Aston Martin;GF;39.668;64.990;36.026;
23;3;108;2:21.886;0;;39.715;0;1:05.493;0;36.678;0;177.7;4:34:18.745;18:35:09.908;0:39.715;1:05.493;0:36.678;265.6;Jonny ADAM;;LMGT3;;Heart of Racing Team;Aston Martin;GF;39.715;65.493;36.678;
23;3;109;2:23.135;0;;40.285;0;1:06.463;0;36.387;0;176.2;4:36:41.880;18:37:33.043;0:40.285;1:06.463;0:36.387;262.4;Jonny ADAM;;LMGT3;;Heart of Racing Team;Aston Martin;GF;40.285;66.463;36.387;
23;3;110;2:21.288;0;;39.850;0;1:05.237;0;36.201;0;178.5;4:39:03.168;18:39:54.331;0:39.850;1:05.237;0:36.201;264.3;Jonny ADAM;;LMGT3;;Heart of Racing Team;Aston Martin;GF;39.850;65.237;36.201;
23;3;111;2:21.425;0;;39.766;0;1:05.479;0;36.180;0;178.3;4:41:24.593;18:42:15.756;0:39.766;1:05.479;0:36.180;263.0;Jonny ADAM;;LMGT3;;Heart of Racing Team;Aston Martin;GF;39.766;65.479;36.180;
23;3;112;2:20.894;0;;39.685;0;1:05.110;0;36.099;0;179.0;4:43:45.487;18:44:36.650;0:39.685;1:05.110;0:36.099;263.6;Jonny ADAM;;LMGT3;;Heart of Racing Team;Aston Martin;GF;39.685;65.110;36.099;
23;3;113;2:21.396;0;;39.855;0;1:05.485;0;36.056;0;178.3;4:46:06.883;18:46:58.046;0:39.855;1:05.485;0:36.056;263.6;Jonny ADAM;;LMGT3;;Heart of Racing Team;Aston Martin;GF;39.855;65.485;36.056;
23;3;114;2:21.059;0;;39.744;0;1:05.256;0;36.059;0;178.7;4:48:27.942;18:49:19.105;0:39.744;1:05.256;0:36.059;263.6;Jonny ADAM;;LMGT3;;Heart of Racing Team;Aston Martin;GF;39.744;65.256;36.059;
23;3;115;2:21.026;0;;39.878;0;1:05.191;0;35.957;0;178.8;4:50:48.968;18:51:40.131;0:39.878;1:05.191;0:35.957;262.4;Jonny ADAM;;LMGT3;;Heart of Racing Team;Aston Martin;GF;39.878;65.191;35.957;
23;3;116;2:21.733;0;;39.694;0;1:05.697;0;36.342;0;177.9;4:53:10.701;18:54:01.864;0:39.694;1:05.697;0:36.342;264.3;Jonny ADAM;;LMGT3;;Heart of Racing Team;Aston Martin;GF;39.694;65.697;36.342;
23;3;117;2:23.604;0;;39.882;0;1:07.009;0;36.713;0;175.6;4:55:34.305;18:56:25.468;0:39.882;1:07.009;0:36.713;263.6;Jonny ADAM;;LMGT3;;Heart of Racing Team;Aston Martin;GF;39.882;67.009;36.713;
23;3;118;2:23.829;0;;40.056;0;1:07.031;0;36.742;0;175.3;4:57:58.134;18:58:49.297;0:40.056;1:07.031;0:36.742;263.0;Jonny ADAM;;LMGT3;;Heart of Racing Team;Aston Martin;GF;40.056;67.031;36.742;
23;3;119;2:22.748;0;;40.465;0;1:06.069;0;36.214;0;176.6;5:00:20.882;19:01:12.045;0:40.465;1:06.069;0:36.214;265.6;Jonny ADAM;;LMGT3;;Heart of Racing Team;Aston Martin;GF;40.465;66.069;36.214;
23;3;120;4:06.088;0;;40.153;0;2:00.669;0;1:25.266;0;102.5;5:04:26.970;19:05:18.133;0:40.153;2:00.669;1:25.266;262.4;Jonny ADAM;;LMGT3;;Heart of Racing Team;Aston Martin;GF;40.153;120.669;85.266;
23;3;121;5:20.086;0;B;1:42.058;0;2:08.397;0;1:29.631;0;78.8;5:09:47.056;19:10:38.219;1:42.058;2:08.397;1:29.631;79.4;Jonny ADAM;;LMGT3;;Heart of Racing Team;Aston Martin;GF;102.058;128.397;89.631;
23;3;122;4:45.668;0;;2:36.048;0;1:27.992;0;41.628;0;88.3;5:14:32.724;19:15:23.887;2:36.048;1:27.992;0:41.628;78.5;Jonny ADAM;0:01:14.322;LMGT3;;Heart of Racing Team;Aston Martin;SF;156.048;87.992;41.628;
23;3;123;4:18.115;0;;1:00.663;0;1:58.995;0;1:18.457;0;97.7;5:18:50.839;19:19:42.002;1:00.663;1:58.995;1:18.457;90.7;Jonny ADAM;;LMGT3;;Heart of Racing Team;Aston Martin;SF;60.663;118.995;78.457;
23;3;124;4:02.516;0;;1:31.842;0;1:31.230;0;59.444;0;104.0;5:22:53.355;19:23:44.518;1:31.842;1:31.230;0:59.444;71.1;Jonny ADAM;;LMGT3;;Heart of Racing Team;Aston Martin;SF;91.842;91.230;59.444;
23;3;125;2:54.120;0;;49.156;0;1:17.138;0;47.826;0;144.8;5:25:47.475;19:26:38.638;0:49.156;1:17.138;0:47.826;212.1;Jonny ADAM;;LMGT3;;Heart of Racing Team;Aston Martin;GF;49.156;77.138;47.826;
23;3;126;2:46.942;0;;40.995;0;1:21.192;0;44.755;0;151.0;5:28:34.417;19:29:25.580;0:40.995;1:21.192;0:44.755;168.3;Jonny ADAM;;LMGT3;;Heart of Racing Team;Aston Martin;SF;40.995;81.192;44.755;
23;3;127;4:12.042;0;;1:15.192;0;1:42.006;0;1:14.844;0;100.0;5:32:46.459;19:33:37.622;1:15.192;1:42.006;1:14.844;50.9;Jonny ADAM;;LMGT3;;Heart of Racing Team;Aston Martin;SF;75.192;102.006;74.844;
23;3;128;3:35.402;0;;1:34.442;0;1:14.985;0;45.975;0;117.1;5:36:21.861;19:37:13.024;1:34.442;1:14.985;0:45.975;74.3;Jonny ADAM;;LMGT3;;Heart of Racing Team;Aston Martin;GF;94.442;74.985;45.975;
23;3;129;2:21.249;0;;40.428;0;1:05.097;0;35.724;0;178.5;5:38:43.110;19:39:34.273;0:40.428;1:05.097;0:35.724;259.2;Jonny ADAM;;LMGT3;;Heart of Racing Team;Aston Martin;GF;40.428;65.097;35.724;
23;3;130;2:19.682;0;;39.382;2;1:04.510;0;35.790;0;180.5;5:41:02.792;19:41:53.955;0:39.382;1:04.510;0:35.790;264.9;Jonny ADAM;;LMGT3;;Heart of Racing Team;Aston Martin;GF;39.382;64.510;35.790;
23;3;131;2:19.601;0;;39.555;0;1:04.331;1;35.715;0;180.6;5:43:22.393;19:44:13.556;0:39.555;1:04.331;0:35.715;264.9;Jonny ADAM;;LMGT3;;Heart of Racing Team;Aston Martin;GF;39.555;64.331;35.715;
23;3;132;2:20.120;0;;39.451;0;1:04.788;0;35.881;0;179.9;5:45:42.513;19:46:33.676;0:39.451;1:04.788;0:35.881;266.2;Jonny ADAM;;LMGT3;;Heart of Racing Team;Aston Martin;GF;39.451;64.788;35.881;
23;3;133;2:22.001;0;;41.122;0;1:05.197;0;35.682;1;177.6;5:48:04.514;19:48:55.677;0:41.122;1:05.197;0:35.682;257.4;Jonny ADAM;;LMGT3;;Heart of Racing Team;Aston Martin;GF;41.122;65.197;35.682;
23;3;134;2:21.092;0;;39.617;0;1:05.381;0;36.094;0;178.7;5:50:25.606;19:51:16.769;0:39.617;1:05.381;0:36.094;264.9;Jonny ADAM;;LMGT3;;Heart of Racing Team;Aston Martin;GF;39.617;65.381;36.094;
23;3;135;2:21.253;0;;39.605;0;1:05.221;0;36.427;0;178.5;5:52:46.859;19:53:38.022;0:39.605;1:05.221;0:36.427;265.6;Jonny ADAM;;LMGT3;;Heart of Racing Team;Aston Martin;GF;39.605;65.221;36.427;
23;3;136;2:21.801;0;;40.392;0;1:05.484;0;35.925;0;177.8;5:55:08.660;19:55:59.823;0:40.392;1:05.484;0:35.925;264.9;Jonny ADAM;;LMGT3;;Heart of Racing Team;Aston Martin;GF;40.392;65.484;35.925;
23;3;137;2:22.304;0;;39.705;0;1:05.557;0;37.042;0;177.2;5:57:30.964;19:58:22.127;0:39.705;1:05.557;0:37.042;264.3;Jonny ADAM;;LMGT3;;Heart of Racing Team;Aston Martin;GF;39.705;65.557;37.042;
23;3;138;2:21.145;0;;39.994;0;1:05.218;0;35.933;0;178.6;5:59:52.109;20:00:43.272;0:39.994;1:05.218;0:35.933;263.6;Jonny ADAM;;LMGT3;;Heart of Racing Team;Aston Martin;GF;39.994;65.218;35.933;
23;3;139;2:21.833;0;;39.745;0;1:05.324;0;36.764;0;177.8;6:02:13.942;20:03:05.105;0:39.745;1:05.324;0:36.764;263.0;Jonny ADAM;;LMGT3;;Heart of Racing Team;Aston Martin;FF;39.745;65.324;36.764;
27;1;1;2:28.124;0;;47.047;0;1:04.996;0;36.081;1;167.3;2:28.124;14:03:19.287;0:47.047;1:04.996;0:36.081;255.6;Ian JAMES;;LMGT3;;Heart of Racing Team;Aston Martin;GF;47.047;64.996;36.081;
27;1;2;2:21.172;0;;40.123;0;1:04.849;1;36.200;0;178.6;4:49.296;14:05:40.459;0:40.123;1:04.849;0:36.200;259.9;Ian JAMES;;LMGT3;;Heart of Racing Team;Aston Martin;GF;40.123;64.849;36.200;
27;1;3;2:21.245;0;;40.167;0;1:04.886;0;36.192;0;178.5;7:10.541;14:08:01.704;0:40.167;1:04.886;0:36.192;261.7;Ian JAMES;;LMGT3;;Heart of Racing Team;Aston Martin;GF;40.167;64.886;36.192;
27;1;4;2:21.362;0;;40.090;1;1:05.012;0;36.260;0;178.4;9:31.903;14:10:23.066;0:40.090;1:05.012;0:36.260;261.1;Ian JAMES;;LMGT3;;Heart of Racing Team;Aston Martin;GF;40.090;65.012;36.260;
27;1;5;2:21.341;0;;40.135;0;1:05.000;0;36.206;0;178.4;11:53.244;14:12:44.407;0:40.135;1:05.000;0:36.206;258.0;Ian JAMES;;LMGT3;;Heart of Racing Team;Aston Martin;GF;40.135;65.000;36.206;
27;1;6;2:23.061;0;;40.272;0;1:05.303;0;37.486;0;176.2;14:16.305;14:15:07.468;0:40.272;1:05.303;0:37.486;256.2;Ian JAMES;;LMGT3;;Heart of Racing Team;Aston Martin;SF;40.272;65.303;37.486;
27;1;7;3:00.514;0;;56.874;0;1:14.648;0;48.992;0;139.7;17:16.819;14:18:07.982;0:56.874;1:14.648;0:48.992;195.6;Ian JAMES;;LMGT3;;Heart of Racing Team;Aston Martin;SF;56.874;74.648;48.992;
27;1;8;2:47.927;0;;44.114;0;1:12.172;0;51.641;0;150.1;20:04.746;14:20:55.909;0:44.114;1:12.172;0:51.641;228.6;Ian JAMES;;LMGT3;;Heart of Racing Team;Aston Martin;SF;44.114;72.172;51.641;
27;1;9;3:10.513;0;;1:06.632;0;1:19.652;0;44.229;0;132.3;23:15.259;14:24:06.422;1:06.632;1:19.652;0:44.229;158.9;Ian JAMES;;LMGT3;;Heart of Racing Team;Aston Martin;SF;66.632;79.652;44.229;
27;1;10;2:51.432;0;;48.105;0;1:15.485;0;47.842;0;147.1;26:06.691;14:26:57.854;0:48.105;1:15.485;0:47.842;248.5;Ian JAMES;;LMGT3;;Heart of Racing Team;Aston Martin;GF;48.105;75.485;47.842;
27;1;11;2:21.966;0;;40.178;0;1:05.424;0;36.364;0;177.6;28:28.657;14:29:19.820;0:40.178;1:05.424;0:36.364;261.7;Ian JAMES;;LMGT3;;Heart of Racing Team;Aston Martin;GF;40.178;65.424;36.364;
27;1;12;2:21.800;0;;40.240;0;1:05.075;0;36.485;0;177.8;30:50.457;14:31:41.620;0:40.240;1:05.075;0:36.485;260.5;Ian JAMES;;LMGT3;;Heart of Racing Team;Aston Martin;GF;40.240;65.075;36.485;
27;1;13;2:22.008;0;;40.437;0;1:05.167;0;36.404;0;177.6;33:12.465;14:34:03.628;0:40.437;1:05.167;0:36.404;258.0;Ian JAMES;;LMGT3;;Heart of Racing Team;Aston Martin;GF;40.437;65.167;36.404;
27;1;14;2:22.199;0;;40.329;0;1:05.365;0;36.505;0;177.3;35:34.664;14:36:25.827;0:40.329;1:05.365;0:36.505;258.6;Ian JAMES;;LMGT3;;Heart of Racing Team;Aston Martin;GF;40.329;65.365;36.505;
27;1;15;2:22.547;0;;40.314;0;1:05.545;0;36.688;0;176.9;37:57.211;14:38:48.374;0:40.314;1:05.545;0:36.688;258.0;Ian JAMES;;LMGT3;;Heart of Racing Team;Aston Martin;GF;40.314;65.545;36.688;
27;1;16;2:23.773;0;;40.505;0;1:06.213;0;37.055;0;175.4;40:20.984;14:41:12.147;0:40.505;1:06.213;0:37.055;259.2;Ian JAMES;;LMGT3;;Heart of Racing Team;Aston Martin;GF;40.505;66.213;37.055;
27;1;17;2:22.909;0;;40.498;0;1:05.938;0;36.473;0;176.4;42:43.893;14:43:35.056;0:40.498;1:05.938;0:36.473;259.9;Ian JAMES;;LMGT3;;Heart of Racing Team;Aston Martin;GF;40.498;65.938;36.473;
27;1;18;2:26.019;0;;40.373;0;1:07.851;0;37.795;0;172.7;45:09.912;14:46:01.075;0:40.373;1:07.851;0:37.795;259.2;Ian JAMES;;LMGT3;;Heart of Racing Team;Aston Martin;GF;40.373;67.851;37.795;
27;1;19;2:23.507;0;;40.607;0;1:05.797;0;37.103;0;175.7;47:33.419;14:48:24.582;0:40.607;1:05.797;0:37.103;259.9;Ian JAMES;;LMGT3;;Heart of Racing Team;Aston Martin;GF;40.607;65.797;37.103;
27;1;20;2:24.857;0;;40.659;0;1:06.630;0;37.568;0;174.1;49:58.276;14:50:49.439;0:40.659;1:06.630;0:37.568;259.2;Ian JAMES;;LMGT3;;Heart of Racing Team;Aston Martin;GF;40.659;66.630;37.568;
27;1;21;2:23.703;0;;40.552;0;1:06.657;0;36.494;0;175.5;52:21.979;14:53:13.142;0:40.552;1:06.657;0:36.494;259.2;Ian JAMES;;LMGT3;;Heart of Racing Team;Aston Martin;GF;40.552;66.657;36.494;
27;1;22;2:23.003;0;;40.488;0;1:05.973;0;36.542;0;176.3;54:44.982;14:55:36.145;0:40.488;1:05.973;0:36.542;256.2;Ian JAMES;;LMGT3;;Heart of Racing Team;Aston Martin;GF;40.488;65.973;36.542;
27;1;23;2:23.205;0;;40.416;0;1:06.058;0;36.731;0;176.1;57:08.187;14:57:59.350;0:40.416;1:06.058;0:36.731;258.6;Ian JAMES;;LMGT3;;Heart of Racing Team;Aston Martin;GF;40.416;66.058;36.731;
27;1;24;2:24.268;0;;40.700;0;1:06.520;0;37.048;0;174.8;59:32.455;15:00:23.618;0:40.700;1:06.520;0:37.048;258.6;Ian JAMES;;LMGT3;;Heart of Racing Team;Aston Martin;GF;40.700;66.520;37.048;
27;1;25;2:27.109;0;;40.825;0;1:07.580;0;38.704;0;171.4;1:01:59.564;15:02:50.727;0:40.825;1:07.580;0:38.704;259.2;Ian JAMES;;LMGT3;;Heart of Racing Team;Aston Martin;GF;40.825;67.580;38.704;
27;1;26;2:32.580;0;B;41.181;0;1:07.199;0;44.200;0;165.3;1:04:32.144;15:05:23.307;0:41.181;1:07.199;0:44.200;256.8;Ian JAMES;;LMGT3;;Heart of Racing Team;Aston Martin;GF;41.181;67.199;44.200;
27;1;27;3:33.344;0;;1:49.809;0;1:06.463;0;37.072;0;118.2;1:08:05.488;15:08:56.651;1:49.809;1:06.463;0:37.072;248.0;Ian JAMES;0:01:17.063;LMGT3;;Heart of Racing Team;Aston Martin;GF;109.809;66.463;37.072;
27;1;28;2:23.443;0;;41.153;0;1:05.634;0;36.656;0;175.8;1:10:28.931;15:11:20.094;0:41.153;1:05.634;0:36.656;254.4;Ian JAMES;;LMGT3;;Heart of Racing Team;Aston Martin;GF;41.153;65.634;36.656;
27;1;29;2:23.272;0;;40.716;0;1:05.488;0;37.068;0;176.0;1:12:52.203;15:13:43.366;0:40.716;1:05.488;0:37.068;256.8;Ian JAMES;;LMGT3;;Heart of Racing Team;Aston Martin;GF;40.716;65.488;37.068;
27;1;30;2:23.831;0;;41.248;0;1:05.965;0;36.618;0;175.3;1:15:16.034;15:16:07.197;0:41.248;1:05.965;0:36.618;256.8;Ian JAMES;;LMGT3;;Heart of Racing Team;Aston Martin;GF;41.248;65.965;36.618;
27;1;31;2:23.947;0;;40.625;0;1:06.202;0;37.120;0;175.2;1:17:39.981;15:18:31.144;0:40.625;1:06.202;0:37.120;258.0;Ian JAMES;;LMGT3;;Heart of Racing Team;Aston Martin;GF;40.625;66.202;37.120;
27;1;32;2:24.049;0;;40.568;0;1:06.661;0;36.820;0;175.0;1:20:04.030;15:20:55.193;0:40.568;1:06.661;0:36.820;259.9;Ian JAMES;;LMGT3;;Heart of Racing Team;Aston Martin;GF;40.568;66.661;36.820;
27;1;33;2:23.327;0;;40.625;0;1:05.843;0;36.859;0;175.9;1:22:27.357;15:23:18.520;0:40.625;1:05.843;0:36.859;258.0;Ian JAMES;;LMGT3;;Heart of Racing Team;Aston Martin;GF;40.625;65.843;36.859;
27;1;34;2:23.350;0;;40.608;0;1:05.917;0;36.825;0;175.9;1:24:50.707;15:25:41.870;0:40.608;1:05.917;0:36.825;259.2;Ian JAMES;;LMGT3;;Heart of Racing Team;Aston Martin;GF;40.608;65.917;36.825;
27;1;35;2:22.936;0;;40.599;0;1:05.717;0;36.620;0;176.4;1:27:13.643;15:28:04.806;0:40.599;1:05.717;0:36.620;258.6;Ian JAMES;;LMGT3;;Heart of Racing Team;Aston Martin;GF;40.599;65.717;36.620;
27;1;36;2:22.557;0;;40.421;0;1:05.645;0;36.491;0;176.9;1:29:36.200;15:30:27.363;0:40.421;1:05.645;0:36.491;258.6;Ian JAMES;;LMGT3;;Heart of Racing Team;Aston Martin;GF;40.421;65.645;36.491;
27;1;37;2:22.447;0;;40.405;0;1:05.576;0;36.466;0;177.0;1:31:58.647;15:32:49.810;0:40.405;1:05.576;0:36.466;259.2;Ian JAMES;;LMGT3;;Heart of Racing Team;Aston Martin;GF;40.405;65.576;36.466;
27;1;38;2:23.444;0;;40.398;0;1:06.094;0;36.952;0;175.8;1:34:22.091;15:35:13.254;0:40.398;1:06.094;0:36.952;257.4;Ian JAMES;;LMGT3;;Heart of Racing Team;Aston Martin;GF;40.398;66.094;36.952;
27;1;39;2:25.651;0;;40.294;0;1:08.301;0;37.056;0;173.1;1:36:47.742;15:37:38.905;0:40.294;1:08.301;0:37.056;258.6;Ian JAMES;;LMGT3;;Heart of Racing Team;Aston Martin;GF;40.294;68.301;37.056;
27;1;40;2:25.416;0;;40.608;0;1:08.072;0;36.736;0;173.4;1:39:13.158;15:40:04.321;0:40.608;1:08.072;0:36.736;262.4;Ian JAMES;;LMGT3;;Heart of Racing Team;Aston Martin;GF;40.608;68.072;36.736;
27;1;41;2:22.291;0;;40.520;0;1:05.526;0;36.245;0;177.2;1:41:35.449;15:42:26.612;0:40.520;1:05.526;0:36.245;260.5;Ian JAMES;;LMGT3;;Heart of Racing Team;Aston Martin;GF;40.520;65.526;36.245;
27;1;42;2:22.417;0;;40.445;0;1:05.429;0;36.543;0;177.0;1:43:57.866;15:44:49.029;0:40.445;1:05.429;0:36.543;260.5;Ian JAMES;;LMGT3;;Heart of Racing Team;Aston Martin;GF;40.445;65.429;36.543;
27;1;43;2:22.540;0;;40.494;0;1:05.717;0;36.329;0;176.9;1:46:20.406;15:47:11.569;0:40.494;1:05.717;0:36.329;259.9;Ian JAMES;;LMGT3;;Heart of Racing Team;Aston Martin;GF;40.494;65.717;36.329;
27;1;44;2:23.622;0;;40.577;0;1:06.571;0;36.474;0;175.6;1:48:44.028;15:49:35.191;0:40.577;1:06.571;0:36.474;258.0;Ian JAMES;;LMGT3;;Heart of Racing Team;Aston Martin;GF;40.577;66.571;36.474;
27;1;45;2:23.531;0;;40.528;0;1:06.325;0;36.678;0;175.7;1:51:07.559;15:51:58.722;0:40.528;1:06.325;0:36.678;263.0;Ian JAMES;;LMGT3;;Heart of Racing Team;Aston Martin;GF;40.528;66.325;36.678;
27;1;46;2:23.038;0;;40.491;0;1:05.965;0;36.582;0;176.3;1:53:30.597;15:54:21.760;0:40.491;1:05.965;0:36.582;259.9;Ian JAMES;;LMGT3;;Heart of Racing Team;Aston Martin;GF;40.491;65.965;36.582;
27;1;47;2:23.345;0;;40.550;0;1:05.935;0;36.860;0;175.9;1:55:53.942;15:56:45.105;0:40.550;1:05.935;0:36.860;258.6;Ian JAMES;;LMGT3;;Heart of Racing Team;Aston Martin;GF;40.550;65.935;36.860;
27;1;48;2:31.590;0;B;41.008;0;1:06.443;0;44.139;0;166.3;1:58:25.532;15:59:16.695;0:41.008;1:06.443;0:44.139;256.2;Ian JAMES;;LMGT3;;Heart of Racing Team;Aston Martin;GF;41.008;66.443;44.139;
27;2;49;3:25.367;0;;1:44.038;0;1:05.383;0;35.946;0;122.8;2:01:50.899;16:02:42.062;1:44.038;1:05.383;0:35.946;255.6;Zacharie ROBICHON;0:01:13.538;LMGT3;;Heart of Racing Team;Aston Martin;GF;104.038;65.383;35.946;
27;2;50;2:20.013;0;;40.112;0;1:04.243;0;35.658;1;180.1;2:04:10.912;16:05:02.075;0:40.112;1:04.243;0:35.658;259.2;Zacharie ROBICHON;;LMGT3;;Heart of Racing Team;Aston Martin;GF;40.112;64.243;35.658;
27;2;51;2:19.810;0;;39.953;0;1:04.111;0;35.746;0;180.3;2:06:30.722;16:07:21.885;0:39.953;1:04.111;0:35.746;259.2;Zacharie ROBICHON;;LMGT3;;Heart of Racing Team;Aston Martin;GF;39.953;64.111;35.746;
27;2;52;2:20.210;0;;39.935;0;1:04.454;0;35.821;0;179.8;2:08:50.932;16:09:42.095;0:39.935;1:04.454;0:35.821;259.9;Zacharie ROBICHON;;LMGT3;;Heart of Racing Team;Aston Martin;GF;39.935;64.454;35.821;
27;2;53;2:20.475;0;;39.892;0;1:04.755;0;35.828;0;179.5;2:11:11.407;16:12:02.570;0:39.892;1:04.755;0:35.828;261.7;Zacharie ROBICHON;;LMGT3;;Heart of Racing Team;Aston Martin;GF;39.892;64.755;35.828;
27;2;54;2:20.739;0;;39.843;0;1:04.647;0;36.249;0;179.2;2:13:32.146;16:14:23.309;0:39.843;1:04.647;0:36.249;262.4;Zacharie ROBICHON;;LMGT3;;Heart of Racing Team;Aston Martin;GF;39.843;64.647;36.249;
27;2;55;2:20.902;0;;39.861;0;1:04.992;0;36.049;0;178.9;2:15:53.048;16:16:44.211;0:39.861;1:04.992;0:36.049;261.7;Zacharie ROBICHON;;LMGT3;;Heart of Racing Team;Aston Martin;GF;39.861;64.992;36.049;
27;2;56;2:20.889;0;;39.860;0;1:04.970;0;36.059;0;179.0;2:18:13.937;16:19:05.100;0:39.860;1:04.970;0:36.059;262.4;Zacharie ROBICHON;;LMGT3;;Heart of Racing Team;Aston Martin;GF;39.860;64.970;36.059;
27;2;57;2:21.752;0;;40.028;0;1:05.541;0;36.183;0;177.9;2:20:35.689;16:21:26.852;0:40.028;1:05.541;0:36.183;264.3;Zacharie ROBICHON;;LMGT3;;Heart of Racing Team;Aston Martin;GF;40.028;65.541;36.183;
27;2;58;2:20.854;0;;39.761;1;1:05.186;0;35.907;0;179.0;2:22:56.543;16:23:47.706;0:39.761;1:05.186;0:35.907;265.6;Zacharie ROBICHON;;LMGT3;;Heart of Racing Team;Aston Martin;GF;39.761;65.186;35.907;
27;2;59;2:21.291;0;;39.951;0;1:05.254;0;36.086;0;178.5;2:25:17.834;16:26:08.997;0:39.951;1:05.254;0:36.086;262.4;Zacharie ROBICHON;;LMGT3;;Heart of Racing Team;Aston Martin;GF;39.951;65.254;36.086;
27;2;60;2:21.464;0;;39.982;0;1:05.400;0;36.082;0;178.2;2:27:39.298;16:28:30.461;0:39.982;1:05.400;0:36.082;261.7;Zacharie ROBICHON;;LMGT3;;Heart of Racing Team;Aston Martin;GF;39.982;65.400;36.082;
27;2;61;2:22.350;0;;40.204;0;1:05.986;0;36.160;0;177.1;2:30:01.648;16:30:52.811;0:40.204;1:05.986;0:36.160;261.7;Zacharie ROBICHON;;LMGT3;;Heart of Racing Team;Aston Martin;GF;40.204;65.986;36.160;
27;2;62;2:21.826;0;;40.106;0;1:05.428;0;36.292;0;177.8;2:32:23.474;16:33:14.637;0:40.106;1:05.428;0:36.292;261.7;Zacharie ROBICHON;;LMGT3;;Heart of Racing Team;Aston Martin;GF;40.106;65.428;36.292;
27;2;63;2:21.931;0;;40.036;0;1:05.571;0;36.324;0;177.7;2:34:45.405;16:35:36.568;0:40.036;1:05.571;0:36.324;262.4;Zacharie ROBICHON;;LMGT3;;Heart of Racing Team;Aston Martin;GF;40.036;65.571;36.324;
27;2;64;2:21.753;0;;40.130;0;1:05.480;0;36.143;0;177.9;2:37:07.158;16:37:58.321;0:40.130;1:05.480;0:36.143;261.7;Zacharie ROBICHON;;LMGT3;;Heart of Racing Team;Aston Martin;GF;40.130;65.480;36.143;
27;2;65;2:23.195;0;;40.002;0;1:06.712;0;36.481;0;176.1;2:39:30.353;16:40:21.516;0:40.002;1:06.712;0:36.481;261.1;Zacharie ROBICHON;;LMGT3;;Heart of Racing Team;Aston Martin;GF;40.002;66.712;36.481;
27;2;66;2:23.801;0;;40.477;0;1:06.832;0;36.492;0;175.3;2:41:54.154;16:42:45.317;0:40.477;1:06.832;0:36.492;263.0;Zacharie ROBICHON;;LMGT3;;Heart of Racing Team;Aston Martin;GF;40.477;66.832;36.492;
27;2;67;2:22.463;0;;40.062;0;1:05.884;0;36.517;0;177.0;2:44:16.617;16:45:07.780;0:40.062;1:05.884;0:36.517;263.0;Zacharie ROBICHON;;LMGT3;;Heart of Racing Team;Aston Martin;GF;40.062;65.884;36.517;
27;2;68;3:32.202;0;;46.290;0;2:08.198;0;37.714;0;118.8;2:47:48.819;16:48:39.982;0:46.290;2:08.198;0:37.714;79.0;Zacharie ROBICHON;;LMGT3;;Heart of Racing Team;Aston Martin;GF;46.290;128.198;37.714;
27;2;69;2:22.057;0;;40.148;0;1:05.845;0;36.064;0;177.5;2:50:10.876;16:51:02.039;0:40.148;1:05.845;0:36.064;260.5;Zacharie ROBICHON;;LMGT3;;Heart of Racing Team;Aston Martin;GF;40.148;65.845;36.064;
27;2;70;2:22.315;0;;40.035;0;1:06.152;0;36.128;0;177.2;2:52:33.191;16:53:24.354;0:40.035;1:06.152;0:36.128;263.0;Zacharie ROBICHON;;LMGT3;;Heart of Racing Team;Aston Martin;GF;40.035;66.152;36.128;
27;2;71;2:23.626;0;;39.857;0;1:06.763;0;37.006;0;175.6;2:54:56.817;16:55:47.980;0:39.857;1:06.763;0:37.006;259.2;Zacharie ROBICHON;;LMGT3;;Heart of Racing Team;Aston Martin;GF;39.857;66.763;37.006;
27;2;72;2:28.762;0;B;39.939;0;1:06.523;0;42.300;0;169.5;2:57:25.579;16:58:16.742;0:39.939;1:06.523;0:42.300;265.6;Zacharie ROBICHON;;LMGT3;;Heart of Racing Team;Aston Martin;GF;39.939;66.523;42.300;
27;2;73;3:31.519;0;;1:48.958;0;1:06.058;0;36.503;0;119.2;3:00:57.098;17:01:48.261;1:48.958;1:06.058;0:36.503;251.4;Zacharie ROBICHON;0:01:17.137;LMGT3;;Heart of Racing Team;Aston Martin;GF;108.958;66.058;36.503;
27;2;74;2:21.842;0;;40.013;0;1:05.806;0;36.023;0;177.8;3:03:18.940;17:04:10.103;0:40.013;1:05.806;0:36.023;261.1;Zacharie ROBICHON;;LMGT3;;Heart of Racing Team;Aston Martin;GF;40.013;65.806;36.023;
27;2;75;2:20.027;0;;39.904;0;1:04.300;0;35.823;0;180.1;3:05:38.967;17:06:30.130;0:39.904;1:04.300;0:35.823;263.0;Zacharie ROBICHON;;LMGT3;;Heart of Racing Team;Aston Martin;GF;39.904;64.300;35.823;
27;2;76;2:19.453;0;;39.783;0;1:03.927;1;35.743;0;180.8;3:07:58.420;17:08:49.583;0:39.783;1:03.927;0:35.743;261.1;Zacharie ROBICHON;;LMGT3;;Heart of Racing Team;Aston Martin;GF;39.783;63.927;35.743;
27;2;77;2:19.778;0;;39.843;0;1:04.262;0;35.673;0;180.4;3:10:18.198;17:11:09.361;0:39.843;1:04.262;0:35.673;261.7;Zacharie ROBICHON;;LMGT3;;Heart of Racing Team;Aston Martin;GF;39.843;64.262;35.673;
27;2;78;2:22.129;0;;39.810;0;1:06.544;0;35.775;0;177.4;3:12:40.327;17:13:31.490;0:39.810;1:06.544;0:35.775;263.0;Zacharie ROBICHON;;LMGT3;;Heart of Racing Team;Aston Martin;GF;39.810;66.544;35.775;
27;2;79;2:19.767;0;;39.868;0;1:04.180;0;35.719;0;180.4;3:15:00.094;17:15:51.257;0:39.868;1:04.180;0:35.719;261.1;Zacharie ROBICHON;;LMGT3;;Heart of Racing Team;Aston Martin;GF;39.868;64.180;35.719;
27;2;80;2:20.422;0;;39.968;0;1:04.256;0;36.198;0;179.6;3:17:20.516;17:18:11.679;0:39.968;1:04.256;0:36.198;261.1;Zacharie ROBICHON;;LMGT3;;Heart of Racing Team;Aston Martin;GF;39.968;64.256;36.198;
27;2;81;2:20.182;0;;39.846;0;1:04.379;0;35.957;0;179.9;3:19:40.698;17:20:31.861;0:39.846;1:04.379;0:35.957;259.9;Zacharie ROBICHON;;LMGT3;;Heart of Racing Team;Aston Martin;GF;39.846;64.379;35.957;
27;2;82;2:20.571;0;;40.011;0;1:04.595;0;35.965;0;179.4;3:22:01.269;17:22:52.432;0:40.011;1:04.595;0:35.965;262.4;Zacharie ROBICHON;;LMGT3;;Heart of Racing Team;Aston Martin;GF;40.011;64.595;35.965;
27;2;83;2:20.304;0;;39.857;0;1:04.624;0;35.823;0;179.7;3:24:21.573;17:25:12.736;0:39.857;1:04.624;0:35.823;262.4;Zacharie ROBICHON;;LMGT3;;Heart of Racing Team;Aston Martin;GF;39.857;64.624;35.823;
27;2;84;2:21.698;0;;39.855;0;1:05.608;0;36.235;0;177.9;3:26:43.271;17:27:34.434;0:39.855;1:05.608;0:36.235;261.1;Zacharie ROBICHON;;LMGT3;;Heart of Racing Team;Aston Martin;GF;39.855;65.608;36.235;
27;2;85;2:20.524;0;;39.872;0;1:04.703;0;35.949;0;179.4;3:29:03.795;17:29:54.958;0:39.872;1:04.703;0:35.949;263.0;Zacharie ROBICHON;;LMGT3;;Heart of Racing Team;Aston Martin;GF;39.872;64.703;35.949;
27;2;86;2:20.887;0;;39.859;0;1:04.758;0;36.270;0;179.0;3:31:24.682;17:32:15.845;0:39.859;1:04.758;0:36.270;263.0;Zacharie ROBICHON;;LMGT3;;Heart of Racing Team;Aston Martin;GF;39.859;64.758;36.270;
27;2;87;2:20.526;0;;39.909;0;1:04.777;0;35.840;0;179.4;3:33:45.208;17:34:36.371;0:39.909;1:04.777;0:35.840;261.7;Zacharie ROBICHON;;LMGT3;;Heart of Racing Team;Aston Martin;GF;39.909;64.777;35.840;
27;2;88;2:20.533;0;;39.816;0;1:04.713;0;36.004;0;179.4;3:36:05.741;17:36:56.904;0:39.816;1:04.713;0:36.004;264.3;Zacharie ROBICHON;;LMGT3;;Heart of Racing Team;Aston Martin;GF;39.816;64.713;36.004;
27;2;89;2:21.014;0;;39.892;0;1:05.229;0;35.893;0;178.8;3:38:26.755;17:39:17.918;0:39.892;1:05.229;0:35.893;261.7;Zacharie ROBICHON;;LMGT3;;Heart of Racing Team;Aston Martin;GF;39.892;65.229;35.893;
27;2;90;2:21.355;0;;39.859;0;1:05.236;0;36.260;0;178.4;3:40:48.110;17:41:39.273;0:39.859;1:05.236;0:36.260;262.4;Zacharie ROBICHON;;LMGT3;;Heart of Racing Team;Aston Martin;GF;39.859;65.236;36.260;
27;2;91;2:22.552;0;;39.850;0;1:06.603;0;36.099;0;176.9;3:43:10.662;17:44:01.825;0:39.850;1:06.603;0:36.099;259.9;Zacharie ROBICHON;;LMGT3;;Heart of Racing Team;Aston Martin;GF;39.850;66.603;36.099;
27;2;92;2:21.044;0;;39.964;0;1:05.123;0;35.957;0;178.8;3:45:31.706;17:46:22.869;0:39.964;1:05.123;0:35.957;263.0;Zacharie ROBICHON;;LMGT3;;Heart of Racing Team;Aston Martin;GF;39.964;65.123;35.957;
27;2;93;2:20.536;0;;39.806;0;1:04.735;0;35.995;0;179.4;3:47:52.242;17:48:43.405;0:39.806;1:04.735;0:35.995;263.0;Zacharie ROBICHON;;LMGT3;;Heart of Racing Team;Aston Martin;GF;39.806;64.735;35.995;
27;2;94;2:21.650;0;;39.769;0;1:05.732;0;36.149;0;178.0;3:50:13.892;17:51:05.055;0:39.769;1:05.732;0:36.149;263.6;Zacharie ROBICHON;;LMGT3;;Heart of Racing Team;Aston Martin;GF;39.769;65.732;36.149;
27;2;95;4:45.002;0;B;1:07.836;0;2:08.013;0;1:29.153;0;88.5;3:54:58.894;17:55:50.057;1:07.836;2:08.013;1:29.153;79.9;Zacharie ROBICHON;;LMGT3;;Heart of Racing Team;Aston Martin;GF;67.836;128.013;89.153;
27;3;96;6:13.097;0;;2:36.570;0;2:10.015;0;1:26.512;0;67.6;4:01:11.991;18:02:03.154;2:36.570;2:10.015;1:26.512;78.3;Mattia DRUDI;0:01:15.124;LMGT3;;Heart of Racing Team;Aston Martin;GF;156.570;130.015;86.512;
27;3;97;3:48.059;0;;1:19.158;0;1:31.814;0;57.087;0;110.6;4:05:00.050;18:05:51.213;1:19.158;1:31.814;0:57.087;176.2;Mattia DRUDI;;LMGT3;;Heart of Racing Team;Aston Martin;SF;79.158;91.814;57.087;
27;3;98;3:50.430;0;;1:17.534;0;1:54.087;0;38.809;0;109.4;4:08:50.480;18:09:41.643;1:17.534;1:54.087;0:38.809;82.7;Mattia DRUDI;;LMGT3;;Heart of Racing Team;Aston Martin;SF;77.534;114.087;38.809;
27;3;99;2:31.716;0;;43.977;0;1:08.873;0;38.866;0;166.2;4:11:22.196;18:12:13.359;0:43.977;1:08.873;0:38.866;199.6;Mattia DRUDI;;LMGT3;;Heart of Racing Team;Aston Martin;SF;43.977;68.873;38.866;
27;3;100;3:18.057;0;;42.350;0;1:14.403;0;1:21.304;0;127.3;4:14:40.253;18:15:31.416;0:42.350;1:14.403;1:21.304;234.0;Mattia DRUDI;;LMGT3;;Heart of Racing Team;Aston Martin;SF;42.350;74.403;81.304;
27;3;101;3:06.765;0;;1:02.318;0;1:11.689;0;52.758;0;135.0;4:17:47.018;18:18:38.181;1:02.318;1:11.689;0:52.758;185.5;Mattia DRUDI;;LMGT3;;Heart of Racing Team;Aston Martin;GF;62.318;71.689;52.758;
27;3;102;2:19.374;0;;39.697;0;1:04.239;0;35.438;0;180.9;4:20:06.392;18:20:57.555;0:39.697;1:04.239;0:35.438;263.0;Mattia DRUDI;;LMGT3;;Heart of Racing Team;Aston Martin;GF;39.697;64.239;35.438;
27;3;103;2:19.440;0;;39.528;0;1:04.379;0;35.533;0;180.8;4:22:25.832;18:23:16.995;0:39.528;1:04.379;0:35.533;264.3;Mattia DRUDI;;LMGT3;;Heart of Racing Team;Aston Martin;GF;39.528;64.379;35.533;
27;3;104;2:19.631;0;;39.545;0;1:04.585;0;35.501;0;180.6;4:24:45.463;18:25:36.626;0:39.545;1:04.585;0:35.501;263.6;Mattia DRUDI;;LMGT3;;Heart of Racing Team;Aston Martin;GF;39.545;64.585;35.501;
27;3;105;2:19.665;0;;39.543;0;1:04.572;0;35.550;0;180.5;4:27:05.128;18:27:56.291;0:39.543;1:04.572;0:35.550;264.9;Mattia DRUDI;;LMGT3;;Heart of Racing Team;Aston Martin;GF;39.543;64.572;35.550;
27;3;106;2:19.484;0;;39.688;0;1:04.036;0;35.760;0;180.8;4:29:24.612;18:30:15.775;0:39.688;1:04.036;0:35.760;263.6;Mattia DRUDI;;LMGT3;;Heart of Racing Team;Aston Martin;GF;39.688;64.036;35.760;
27;3;107;2:19.710;0;;39.690;0;1:04.234;0;35.786;0;180.5;4:31:44.322;18:32:35.485;0:39.690;1:04.234;0:35.786;263.6;Mattia DRUDI;;LMGT3;;Heart of Racing Team;Aston Martin;GF;39.690;64.234;35.786;
27;3;108;2:19.455;0;;39.602;0;1:04.205;0;35.648;0;180.8;4:34:03.777;18:34:54.940;0:39.602;1:04.205;0:35.648;264.3;Mattia DRUDI;;LMGT3;;Heart of Racing Team;Aston Martin;GF;39.602;64.205;35.648;
27;3;109;2:19.981;0;;39.552;0;1:04.576;0;35.853;0;180.1;4:36:23.758;18:37:14.921;0:39.552;1:04.576;0:35.853;261.7;Mattia DRUDI;;LMGT3;;Heart of Racing Team;Aston Martin;GF;39.552;64.576;35.853;
27;3;110;2:23.081;0;;41.220;0;1:05.838;0;36.023;0;176.2;4:38:46.839;18:39:38.002;0:41.220;1:05.838;0:36.023;255.6;Mattia DRUDI;;LMGT3;;Heart of Racing Team;Aston Martin;GF;41.220;65.838;36.023;
27;3;111;2:21.431;0;;40.556;0;1:05.115;0;35.760;0;178.3;4:41:08.270;18:41:59.433;0:40.556;1:05.115;0:35.760;261.7;Mattia DRUDI;;LMGT3;;Heart of Racing Team;Aston Martin;GF;40.556;65.115;35.760;
27;3;112;2:19.966;0;;39.574;0;1:04.561;0;35.831;0;180.1;4:43:28.236;18:44:19.399;0:39.574;1:04.561;0:35.831;265.6;Mattia DRUDI;;LMGT3;;Heart of Racing Team;Aston Martin;GF;39.574;64.561;35.831;
27;3;113;2:20.436;0;;39.591;0;1:05.000;0;35.845;0;179.5;4:45:48.672;18:46:39.835;0:39.591;1:05.000;0:35.845;264.9;Mattia DRUDI;;LMGT3;;Heart of Racing Team;Aston Martin;GF;39.591;65.000;35.845;
27;3;114;2:20.541;0;;39.550;0;1:05.245;0;35.746;0;179.4;4:48:09.213;18:49:00.376;0:39.550;1:05.245;0:35.746;265.6;Mattia DRUDI;;LMGT3;;Heart of Racing Team;Aston Martin;GF;39.550;65.245;35.746;
27;3;115;2:20.337;0;;39.688;0;1:04.965;0;35.684;0;179.7;4:50:29.550;18:51:20.713;0:39.688;1:04.965;0:35.684;264.9;Mattia DRUDI;;LMGT3;;Heart of Racing Team;Aston Martin;GF;39.688;64.965;35.684;
27;3;116;2:20.103;0;;39.641;0;1:04.724;0;35.738;0;180.0;4:52:49.653;18:53:40.816;0:39.641;1:04.724;0:35.738;264.9;Mattia DRUDI;;LMGT3;;Heart of Racing Team;Aston Martin;GF;39.641;64.724;35.738;
27;3;117;2:20.422;0;;39.700;0;1:04.975;0;35.747;0;179.6;4:55:10.075;18:56:01.238;0:39.700;1:04.975;0:35.747;264.9;Mattia DRUDI;;LMGT3;;Heart of Racing Team;Aston Martin;GF;39.700;64.975;35.747;
27;3;118;2:21.568;0;;40.101;0;1:05.726;0;35.741;0;178.1;4:57:31.643;18:58:22.806;0:40.101;1:05.726;0:35.741;263.6;Mattia DRUDI;;LMGT3;;Heart of Racing Team;Aston Martin;GF;40.101;65.726;35.741;
27;3;119;2:21.160;0;;39.977;0;1:05.405;0;35.778;0;178.6;4:59:52.803;19:00:43.966;0:39.977;1:05.405;0:35.778;263.6;Mattia DRUDI;;LMGT3;;Heart of Racing Team;Aston Martin;GF;39.977;65.405;35.778;
27;3;120;3:36.560;0;;39.997;0;1:31.795;0;1:24.768;0;116.4;5:03:29.363;19:04:20.526;0:39.997;1:31.795;1:24.768;261.7;Mattia DRUDI;;LMGT3;;Heart of Racing Team;Aston Martin;GF;39.997;91.795;84.768;
27;3;121;5:18.162;0;B;1:41.630;0;2:07.349;0;1:29.183;0;79.2;5:08:47.525;19:09:38.688;1:41.630;2:07.349;1:29.183;80.0;Mattia DRUDI;;LMGT3;;Heart of Racing Team;Aston Martin;GF;101.630;127.349;89.183;
27;3;122;5:09.209;0;;2:31.396;0;1:57.318;0;40.495;0;81.5;5:13:56.734;19:14:47.897;2:31.396;1:57.318;0:40.495;78.3;Mattia DRUDI;0:01:09.319;LMGT3;;Heart of Racing Team;Aston Martin;SF;151.396;117.318;40.495;
27;3;123;4:39.202;0;;1:20.978;0;2:00.465;0;1:17.759;0;90.3;5:18:35.936;19:19:27.099;1:20.978;2:00.465;1:17.759;94.7;Mattia DRUDI;;LMGT3;;Heart of Racing Team;Aston Martin;SF;80.978;120.465;77.759;
27;3;124;4:01.259;0;;1:30.027;0;1:33.084;0;58.148;0;104.5;5:22:37.195;19:23:28.358;1:30.027;1:33.084;0:58.148;107.1;Mattia DRUDI;;LMGT3;;Heart of Racing Team;Aston Martin;SF;90.027;93.084;58.148;
27;3;125;3:02.058;0;;50.196;0;1:21.384;0;50.478;0;138.5;5:25:39.253;19:26:30.416;0:50.196;1:21.384;0:50.478;155.9;Mattia DRUDI;;LMGT3;;Heart of Racing Team;Aston Martin;GF;50.196;81.384;50.478;
27;3;126;2:34.619;0;;40.091;0;1:13.007;0;41.521;0;163.1;5:28:13.872;19:29:05.035;0:40.091;1:13.007;0:41.521;186.2;Mattia DRUDI;;LMGT3;;Heart of Racing Team;Aston Martin;SF;40.091;73.007;41.521;
27;3;127;4:14.312;0;;1:16.861;0;1:46.712;0;1:10.739;0;99.1;5:32:28.184;19:33:19.347;1:16.861;1:46.712;1:10.739;64.4;Mattia DRUDI;;LMGT3;;Heart of Racing Team;Aston Martin;SF;76.861;106.712;70.739;
27;3;128;3:44.723;0;;1:31.505;0;1:25.127;0;48.091;0;112.2;5:36:12.907;19:37:04.070;1:31.505;1:25.127;0:48.091;79.9;Mattia DRUDI;;LMGT3;;Heart of Racing Team;Aston Martin;GF;91.505;85.127;48.091;
27;3;129;2:20.290;0;;40.003;0;1:04.209;0;36.078;0;179.7;5:38:33.197;19:39:24.360;0:40.003;1:04.209;0:36.078;256.2;Mattia DRUDI;;LMGT3;;Heart of Racing Team;Aston Martin;GF;40.003;64.209;36.078;
27;3;130;2:18.651;2;;39.279;2;1:03.900;2;35.472;0;181.9;5:40:51.848;19:41:43.011;0:39.279;1:03.900;0:35.472;264.9;Mattia DRUDI;;LMGT3;;Heart of Racing Team;Aston Martin;GF;39.279;63.900;35.472;
27;3;131;2:18.930;0;;39.422;0;1:03.925;0;35.583;0;181.5;5:43:10.778;19:44:01.941;0:39.422;1:03.925;0:35.583;265.6;Mattia DRUDI;;LMGT3;;Heart of Racing Team;Aston Martin;GF;39.422;63.925;35.583;
27;3;132;2:18.847;0;;39.485;0;1:03.938;0;35.424;2;181.6;5:45:29.625;19:46:20.788;0:39.485;1:03.938;0:35.424;265.6;Mattia DRUDI;;LMGT3;;Heart of Racing Team;Aston Martin;GF;39.485;63.938;35.424;
27;3;133;2:19.320;0;;39.482;0;1:04.141;0;35.697;0;181.0;5:47:48.945;19:48:40.108;0:39.482;1:04.141;0:35.697;264.9;Mattia DRUDI;;LMGT3;;Heart of Racing Team;Aston Martin;GF;39.482;64.141;35.697;
27;3;134;2:19.653;0;;39.514;0;1:04.555;0;35.584;0;180.5;5:50:08.598;19:50:59.761;0:39.514;1:04.555;0:35.584;264.3;Mattia DRUDI;;LMGT3;;Heart of Racing Team;Aston Martin;GF;39.514;64.555;35.584;
27;3;135;2:19.596;0;;39.530;0;1:04.507;0;35.559;0;180.6;5:52:28.194;19:53:19.357;0:39.530;1:04.507;0:35.559;264.9;Mattia DRUDI;;LMGT3;;Heart of Racing Team;Aston Martin;GF;39.530;64.507;35.559;
27;3;136;2:19.373;0;;39.518;0;1:04.249;0;35.606;0;180.9;5:54:47.567;19:55:38.730;0:39.518;1:04.249;0:35.606;264.3;Mattia DRUDI;;LMGT3;;Heart of Racing Team;Aston Martin;GF;39.518;64.249;35.606;
27;3;137;2:20.123;0;;39.553;0;1:04.340;0;36.230;0;179.9;5:57:07.690;19:57:58.853;0:39.553;1:04.340;0:36.230;264.3;Mattia DRUDI;;LMGT3;;Heart of Racing Team;Aston Martin;GF;39.553;64.340;36.230;
27;3;138;2:19.502;0;;39.474;0;1:04.447;0;35.581;0;180.7;5:59:27.192;20:00:18.355;0:39.474;1:04.447;0:35.581;266.2;Mattia DRUDI;;LMGT3;;Heart of Racing Team;Aston Martin;GF;39.474;64.447;35.581;
27;3;139;2:20.390;0;;39.518;0;1:04.863;0;36.009;0;179.6;6:01:47.582;20:02:38.745;0:39.518;1:04.863;0:36.009;264.9;Mattia DRUDI;;LMGT3;;Heart of Racing Team;Aston Martin;FF;39.518;64.863;36.009;
32;1;1;2:30.962;0;;47.552;0;1:07.345;0;36.065;0;164.1;2:30.962;14:03:22.125;0:47.552;1:07.345;0:36.065;250.3;Darren LEUNG;;LMGT3;;Team WRT;BMW;GF;47.552;67.345;36.065;
32;1;2;2:20.918;0;;40.059;0;1:04.908;1;35.951;1;178.9;4:51.880;14:05:43.043;0:40.059;1:04.908;0:35.951;264.3;Darren LEUNG;;LMGT3;;Team WRT;BMW;GF;40.059;64.908;35.951;
32;1;3;2:21.010;0;;39.849;0;1:05.169;0;35.992;0;178.8;7:12.890;14:08:04.053;0:39.849;1:05.169;0:35.992;263.0;Darren LEUNG;;LMGT3;;Team WRT;BMW;GF;39.849;65.169;35.992;
32;1;4;2:21.667;0;;40.139;0;1:05.307;0;36.221;0;178.0;9:34.557;14:10:25.720;0:40.139;1:05.307;0:36.221;264.3;Darren LEUNG;;LMGT3;;Team WRT;BMW;GF;40.139;65.307;36.221;
32;1;5;2:21.750;0;;39.961;0;1:05.562;0;36.227;0;177.9;11:56.307;14:12:47.470;0:39.961;1:05.562;0:36.227;255.6;Darren LEUNG;;LMGT3;;Team WRT;BMW;GF;39.961;65.562;36.227;
32;1;6;2:24.190;0;;39.861;0;1:05.768;0;38.561;0;174.9;14:20.497;14:15:11.660;0:39.861;1:05.768;0:38.561;265.6;Darren LEUNG;;LMGT3;;Team WRT;BMW;SF;39.861;65.768;38.561;
32;1;7;3:03.510;0;;58.119;0;1:15.484;0;49.907;0;137.4;17:24.007;14:18:15.170;0:58.119;1:15.484;0:49.907;185.9;Darren LEUNG;;LMGT3;;Team WRT;BMW;SF;58.119;75.484;49.907;
32;1;8;2:45.218;0;;43.252;0;1:10.191;0;51.775;0;152.6;20:09.225;14:21:00.388;0:43.252;1:10.191;0:51.775;227.2;Darren LEUNG;;LMGT3;;Team WRT;BMW;SF;43.252;70.191;51.775;
32;1;9;3:11.467;0;;1:06.365;0;1:19.579;0;45.523;0;131.7;23:20.692;14:24:11.855;1:06.365;1:19.579;0:45.523;159.8;Darren LEUNG;;LMGT3;;Team WRT;BMW;SF;66.365;79.579;45.523;
32;1;10;2:48.155;0;;48.452;0;1:12.672;0;47.031;0;149.9;26:08.847;14:27:00.010;0:48.452;1:12.672;0:47.031;185.2;Darren LEUNG;;LMGT3;;Team WRT;BMW;GF;48.452;72.672;47.031;
32;1;11;2:23.076;0;;40.089;0;1:06.449;0;36.538;0;176.2;28:31.923;14:29:23.086;0:40.089;1:06.449;0:36.538;264.3;Darren LEUNG;;LMGT3;;Team WRT;BMW;GF;40.089;66.449;36.538;
32;1;12;2:23.248;0;;40.270;0;1:06.440;0;36.538;0;176.0;30:55.171;14:31:46.334;0:40.270;1:06.440;0:36.538;264.9;Darren LEUNG;;LMGT3;;Team WRT;BMW;GF;40.270;66.440;36.538;
32;1;13;2:24.108;0;;39.966;0;1:07.104;0;37.038;0;175.0;33:19.279;14:34:10.442;0:39.966;1:07.104;0:37.038;265.6;Darren LEUNG;;LMGT3;;Team WRT;BMW;GF;39.966;67.104;37.038;
32;1;14;2:25.386;0;;40.428;0;1:08.571;0;36.387;0;173.4;35:44.665;14:36:35.828;0:40.428;1:08.571;0:36.387;261.7;Darren LEUNG;;LMGT3;;Team WRT;BMW;GF;40.428;68.571;36.387;
32;1;15;2:23.029;0;;40.233;0;1:06.337;0;36.459;0;176.3;38:07.694;14:38:58.857;0:40.233;1:06.337;0:36.459;263.6;Darren LEUNG;;LMGT3;;Team WRT;BMW;GF;40.233;66.337;36.459;
32;1;16;2:23.219;0;;39.964;0;1:06.485;0;36.770;0;176.1;40:30.913;14:41:22.076;0:39.964;1:06.485;0:36.770;261.1;Darren LEUNG;;LMGT3;;Team WRT;BMW;GF;39.964;66.485;36.770;
32;1;17;2:24.702;0;;39.854;0;1:07.663;0;37.185;0;174.2;42:55.615;14:43:46.778;0:39.854;1:07.663;0:37.185;257.4;Darren LEUNG;;LMGT3;;Team WRT;BMW;GF;39.854;67.663;37.185;
32;1;18;2:25.343;0;;41.425;0;1:06.735;0;37.183;0;173.5;45:20.958;14:46:12.121;0:41.425;1:06.735;0:37.183;264.3;Darren LEUNG;;LMGT3;;Team WRT;BMW;GF;41.425;66.735;37.183;
32;1;19;2:23.711;0;;40.194;0;1:06.918;0;36.599;0;175.5;47:44.669;14:48:35.832;0:40.194;1:06.918;0:36.599;263.0;Darren LEUNG;;LMGT3;;Team WRT;BMW;GF;40.194;66.918;36.599;
32;1;20;2:23.775;0;;40.069;0;1:06.960;0;36.746;0;175.4;50:08.444;14:50:59.607;0:40.069;1:06.960;0:36.746;264.9;Darren LEUNG;;LMGT3;;Team WRT;BMW;GF;40.069;66.960;36.746;
32;1;21;2:23.246;0;;40.162;0;1:06.499;0;36.585;0;176.0;52:31.690;14:53:22.853;0:40.162;1:06.499;0:36.585;264.3;Darren LEUNG;;LMGT3;;Team WRT;BMW;GF;40.162;66.499;36.585;
32;1;22;2:23.165;0;;40.056;0;1:06.492;0;36.617;0;176.1;54:54.855;14:55:46.018;0:40.056;1:06.492;0:36.617;264.3;Darren LEUNG;;LMGT3;;Team WRT;BMW;GF;40.056;66.492;36.617;
32;1;23;2:23.308;0;;40.241;0;1:06.335;0;36.732;0;175.9;57:18.163;14:58:09.326;0:40.241;1:06.335;0:36.732;264.3;Darren LEUNG;;LMGT3;;Team WRT;BMW;GF;40.241;66.335;36.732;
32;1;24;2:23.793;0;;40.191;0;1:06.485;0;37.117;0;175.4;59:41.956;15:00:33.119;0:40.191;1:06.485;0:37.117;263.6;Darren LEUNG;;LMGT3;;Team WRT;BMW;GF;40.191;66.485;37.117;
32;1;25;2:24.609;0;;40.348;0;1:07.086;0;37.175;0;174.4;1:02:06.565;15:02:57.728;0:40.348;1:07.086;0:37.175;263.0;Darren LEUNG;;LMGT3;;Team WRT;BMW;GF;40.348;67.086;37.175;
32;1;26;2:23.762;0;;40.072;0;1:06.761;0;36.929;0;175.4;1:04:30.327;15:05:21.490;0:40.072;1:06.761;0:36.929;264.3;Darren LEUNG;;LMGT3;;Team WRT;BMW;GF;40.072;66.761;36.929;
32;1;27;2:29.919;0;B;40.103;0;1:06.656;0;43.160;0;168.2;1:07:00.246;15:07:51.409;0:40.103;1:06.656;0:43.160;263.6;Darren LEUNG;;LMGT3;;Team WRT;BMW;GF;40.103;66.656;43.160;
32;1;28;3:36.824;0;;1:53.036;0;1:07.571;0;36.217;0;116.3;1:10:37.070;15:11:28.233;1:53.036;1:07.571;0:36.217;246.3;Darren LEUNG;0:01:21.890;LMGT3;;Team WRT;BMW;GF;113.036;67.571;36.217;
32;1;29;2:21.472;0;;40.194;0;1:05.015;0;36.263;0;178.2;1:12:58.542;15:13:49.705;0:40.194;1:05.015;0:36.263;263.0;Darren LEUNG;;LMGT3;;Team WRT;BMW;GF;40.194;65.015;36.263;
32;1;30;2:22.192;0;;39.821;1;1:05.564;0;36.807;0;177.3;1:15:20.734;15:16:11.897;0:39.821;1:05.564;0:36.807;264.3;Darren LEUNG;;LMGT3;;Team WRT;BMW;GF;39.821;65.564;36.807;
32;1;31;2:24.810;0;;40.326;0;1:06.970;0;37.514;0;174.1;1:17:45.544;15:18:36.707;0:40.326;1:06.970;0:37.514;263.6;Darren LEUNG;;LMGT3;;Team WRT;BMW;GF;40.326;66.970;37.514;
32;1;32;2:22.319;0;;40.074;0;1:05.890;0;36.355;0;177.2;1:20:07.863;15:20:59.026;0:40.074;1:05.890;0:36.355;265.6;Darren LEUNG;;LMGT3;;Team WRT;BMW;GF;40.074;65.890;36.355;
32;1;33;2:21.186;0;;39.900;0;1:05.158;0;36.128;0;178.6;1:22:29.049;15:23:20.212;0:39.900;1:05.158;0:36.128;265.6;Darren LEUNG;;LMGT3;;Team WRT;BMW;GF;39.900;65.158;36.128;
32;1;34;2:22.241;0;;39.951;0;1:05.782;0;36.508;0;177.3;1:24:51.290;15:25:42.453;0:39.951;1:05.782;0:36.508;265.6;Darren LEUNG;;LMGT3;;Team WRT;BMW;GF;39.951;65.782;36.508;
32;1;35;2:23.018;0;;40.293;0;1:06.158;0;36.567;0;176.3;1:27:14.308;15:28:05.471;0:40.293;1:06.158;0:36.567;261.7;Darren LEUNG;;LMGT3;;Team WRT;BMW;GF;40.293;66.158;36.567;
32;1;36;2:22.644;0;;40.086;0;1:05.720;0;36.838;0;176.8;1:29:36.952;15:30:28.115;0:40.086;1:05.720;0:36.838;263.6;Darren LEUNG;;LMGT3;;Team WRT;BMW;GF;40.086;65.720;36.838;
32;1;37;2:22.162;0;;40.195;0;1:05.539;0;36.428;0;177.4;1:31:59.114;15:32:50.277;0:40.195;1:05.539;0:36.428;264.3;Darren LEUNG;;LMGT3;;Team WRT;BMW;GF;40.195;65.539;36.428;
32;1;38;2:23.408;0;;40.115;0;1:06.381;0;36.912;0;175.8;1:34:22.522;15:35:13.685;0:40.115;1:06.381;0:36.912;262.4;Darren LEUNG;;LMGT3;;Team WRT;BMW;GF;40.115;66.381;36.912;
32;1;39;2:24.089;0;;40.023;0;1:07.477;0;36.589;0;175.0;1:36:46.611;15:37:37.774;0:40.023;1:07.477;0:36.589;263.6;Darren LEUNG;;LMGT3;;Team WRT;BMW;GF;40.023;67.477;36.589;
32;1;40;2:24.819;0;;40.251;0;1:07.898;0;36.670;0;174.1;1:39:11.430;15:40:02.593;0:40.251;1:07.898;0:36.670;254.4;Darren LEUNG;;LMGT3;;Team WRT;BMW;GF;40.251;67.898;36.670;
32;1;41;2:21.859;0;;40.054;0;1:05.501;0;36.304;0;177.7;1:41:33.289;15:42:24.452;0:40.054;1:05.501;0:36.304;263.6;Darren LEUNG;;LMGT3;;Team WRT;BMW;GF;40.054;65.501;36.304;
32;1;42;2:21.812;0;;39.989;0;1:05.510;0;36.313;0;177.8;1:43:55.101;15:44:46.264;0:39.989;1:05.510;0:36.313;264.9;Darren LEUNG;;LMGT3;;Team WRT;BMW;GF;39.989;65.510;36.313;
32;1;43;2:22.084;0;;39.941;0;1:05.815;0;36.328;0;177.5;1:46:17.185;15:47:08.348;0:39.941;1:05.815;0:36.328;263.0;Darren LEUNG;;LMGT3;;Team WRT;BMW;GF;39.941;65.815;36.328;
32;1;44;2:22.296;0;;40.146;0;1:05.775;0;36.375;0;177.2;1:48:39.481;15:49:30.644;0:40.146;1:05.775;0:36.375;261.7;Darren LEUNG;;LMGT3;;Team WRT;BMW;GF;40.146;65.775;36.375;
32;1;45;2:22.602;0;;40.204;0;1:06.122;0;36.276;0;176.8;1:51:02.083;15:51:53.246;0:40.204;1:06.122;0:36.276;261.7;Darren LEUNG;;LMGT3;;Team WRT;BMW;GF;40.204;66.122;36.276;
32;1;46;2:22.226;0;;40.131;0;1:05.696;0;36.399;0;177.3;1:53:24.309;15:54:15.472;0:40.131;1:05.696;0:36.399;261.7;Darren LEUNG;;LMGT3;;Team WRT;BMW;GF;40.131;65.696;36.399;
32;1;47;2:28.849;0;B;40.218;0;1:05.858;0;42.773;0;169.4;1:55:53.158;15:56:44.321;0:40.218;1:05.858;0:42.773;261.7;Darren LEUNG;;LMGT3;;Team WRT;BMW;GF;40.218;65.858;42.773;
32;2;48;3:25.499;0;;1:42.574;0;1:06.664;0;36.261;0;122.7;1:59:18.657;16:00:09.820;1:42.574;1:06.664;0:36.261;253.2;Sean GELAEL;0:01:11.569;LMGT3;;Team WRT;BMW;GF;102.574;66.664;36.261;
32;2;49;2:21.015;0;;40.429;0;1:04.582;0;36.004;0;178.8;2:01:39.672;16:02:30.835;0:40.429;1:04.582;0:36.004;263.0;Sean GELAEL;;LMGT3;;Team WRT;BMW;GF;40.429;64.582;36.004;
32;2;50;2:21.076;0;;40.882;0;1:04.618;0;35.576;2;178.7;2:04:00.748;16:04:51.911;0:40.882;1:04.618;0:35.576;259.2;Sean GELAEL;;LMGT3;;Team WRT;BMW;GF;40.882;64.618;35.576;
32;2;51;2:20.966;0;;40.102;0;1:05.082;0;35.782;0;178.9;2:06:21.714;16:07:12.877;0:40.102;1:05.082;0:35.782;260.5;Sean GELAEL;;LMGT3;;Team WRT;BMW;GF;40.102;65.082;35.782;
32;2;52;2:21.647;0;;40.831;0;1:05.026;0;35.790;0;178.0;2:08:43.361;16:09:34.524;0:40.831;1:05.026;0:35.790;258.6;Sean GELAEL;;LMGT3;;Team WRT;BMW;GF;40.831;65.026;35.790;
32;2;53;2:20.129;0;;39.608;1;1:04.709;0;35.812;0;179.9;2:11:03.490;16:11:54.653;0:39.608;1:04.709;0:35.812;264.3;Sean GELAEL;;LMGT3;;Team WRT;BMW;GF;39.608;64.709;35.812;
32;2;54;2:20.277;0;;39.672;0;1:04.675;0;35.930;0;179.7;2:13:23.767;16:14:14.930;0:39.672;1:04.675;0:35.930;264.3;Sean GELAEL;;LMGT3;;Team WRT;BMW;GF;39.672;64.675;35.930;
32;2;55;2:21.323;0;;39.794;0;1:05.579;0;35.950;0;178.4;2:15:45.090;16:16:36.253;0:39.794;1:05.579;0:35.950;261.1;Sean GELAEL;;LMGT3;;Team WRT;BMW;GF;39.794;65.579;35.950;
32;2;56;2:20.466;0;;39.693;0;1:04.891;0;35.882;0;179.5;2:18:05.556;16:18:56.719;0:39.693;1:04.891;0:35.882;264.9;Sean GELAEL;;LMGT3;;Team WRT;BMW;GF;39.693;64.891;35.882;
32;2;57;2:21.131;0;;39.805;0;1:05.237;0;36.089;0;178.7;2:20:26.687;16:21:17.850;0:39.805;1:05.237;0:36.089;264.9;Sean GELAEL;;LMGT3;;Team WRT;BMW;GF;39.805;65.237;36.089;
32;2;58;2:21.648;0;;39.735;0;1:05.605;0;36.308;0;178.0;2:22:48.335;16:23:39.498;0:39.735;1:05.605;0:36.308;264.3;Sean GELAEL;;LMGT3;;Team WRT;BMW;GF;39.735;65.605;36.308;
32;2;59;2:21.561;0;;40.010;0;1:05.476;0;36.075;0;178.1;2:25:09.896;16:26:01.059;0:40.010;1:05.476;0:36.075;264.3;Sean GELAEL;;LMGT3;;Team WRT;BMW;GF;40.010;65.476;36.075;
32;2;60;2:21.840;0;;39.961;0;1:05.722;0;36.157;0;177.8;2:27:31.736;16:28:22.899;0:39.961;1:05.722;0:36.157;256.8;Sean GELAEL;;LMGT3;;Team WRT;BMW;GF;39.961;65.722;36.157;
32;2;61;2:21.776;0;;39.933;0;1:05.736;0;36.107;0;177.8;2:29:53.512;16:30:44.675;0:39.933;1:05.736;0:36.107;263.0;Sean GELAEL;;LMGT3;;Team WRT;BMW;GF;39.933;65.736;36.107;
32;2;62;2:21.622;0;;39.934;0;1:05.673;0;36.015;0;178.0;2:32:15.134;16:33:06.297;0:39.934;1:05.673;0:36.015;264.9;Sean GELAEL;;LMGT3;;Team WRT;BMW;GF;39.934;65.673;36.015;
32;2;63;2:21.643;0;;39.808;0;1:05.811;0;36.024;0;178.0;2:34:36.777;16:35:27.940;0:39.808;1:05.811;0:36.024;264.3;Sean GELAEL;;LMGT3;;Team WRT;BMW;GF;39.808;65.811;36.024;
32;2;64;2:21.980;0;;39.882;0;1:05.857;0;36.241;0;177.6;2:36:58.757;16:37:49.920;0:39.882;1:05.857;0:36.241;263.6;Sean GELAEL;;LMGT3;;Team WRT;BMW;GF;39.882;65.857;36.241;
32;2;65;2:23.650;0;;39.854;0;1:06.089;0;37.707;0;175.5;2:39:22.407;16:40:13.570;0:39.854;1:06.089;0:37.707;264.9;Sean GELAEL;;LMGT3;;Team WRT;BMW;GF;39.854;66.089;37.707;
32;2;66;2:25.428;0;;41.873;0;1:06.843;0;36.712;0;173.4;2:41:47.835;16:42:38.998;0:41.873;1:06.843;0:36.712;257.4;Sean GELAEL;;LMGT3;;Team WRT;BMW;GF;41.873;66.843;36.712;
32;2;67;2:23.672;0;;40.197;0;1:06.475;0;37.000;0;175.5;2:44:11.507;16:45:02.670;0:40.197;1:06.475;0:37.000;260.5;Sean GELAEL;;LMGT3;;Team WRT;BMW;GF;40.197;66.475;37.000;
32;2;68;3:32.544;0;;41.629;0;2:03.863;0;47.052;0;118.6;2:47:44.051;16:48:35.214;0:41.629;2:03.863;0:47.052;258.6;Sean GELAEL;;LMGT3;;Team WRT;BMW;GF;41.629;123.863;47.052;
32;2;69;2:23.185;0;;40.085;0;1:06.201;0;36.899;0;176.1;2:50:07.236;16:50:58.399;0:40.085;1:06.201;0:36.899;261.1;Sean GELAEL;;LMGT3;;Team WRT;BMW;GF;40.085;66.201;36.899;
32;2;70;2:24.008;0;;40.446;0;1:06.841;0;36.721;0;175.1;2:52:31.244;16:53:22.407;0:40.446;1:06.841;0:36.721;264.9;Sean GELAEL;;LMGT3;;Team WRT;BMW;GF;40.446;66.841;36.721;
32;2;71;2:24.647;0;;40.214;0;1:07.203;0;37.230;0;174.3;2:54:55.891;16:55:47.054;0:40.214;1:07.203;0:37.230;264.9;Sean GELAEL;;LMGT3;;Team WRT;BMW;GF;40.214;67.203;37.230;
32;2;72;2:23.244;0;;40.241;0;1:06.480;0;36.523;0;176.0;2:57:19.135;16:58:10.298;0:40.241;1:06.480;0:36.523;264.3;Sean GELAEL;;LMGT3;;Team WRT;BMW;GF;40.241;66.480;36.523;
32;2;73;2:29.886;0;B;40.168;0;1:06.636;0;43.082;0;168.2;2:59:49.021;17:00:40.184;0:40.168;1:06.636;0:43.082;262.4;Sean GELAEL;;LMGT3;;Team WRT;BMW;GF;40.168;66.636;43.082;
32;2;74;3:34.673;0;;1:51.243;0;1:06.882;0;36.548;0;117.5;3:03:23.694;17:04:14.857;1:51.243;1:06.882;0:36.548;252.6;Sean GELAEL;0:01:20.543;LMGT3;;Team WRT;BMW;GF;111.243;66.882;36.548;
32;2;75;2:21.372;0;;40.257;0;1:05.068;0;36.047;0;178.4;3:05:45.066;17:06:36.229;0:40.257;1:05.068;0:36.047;259.9;Sean GELAEL;;LMGT3;;Team WRT;BMW;GF;40.257;65.068;36.047;
32;2;76;2:20.326;0;;39.921;0;1:04.649;0;35.756;0;179.7;3:08:05.392;17:08:56.555;0:39.921;1:04.649;0:35.756;262.4;Sean GELAEL;;LMGT3;;Team WRT;BMW;GF;39.921;64.649;35.756;
32;2;77;2:20.437;0;;39.812;0;1:04.862;0;35.763;0;179.5;3:10:25.829;17:11:16.992;0:39.812;1:04.862;0:35.763;263.0;Sean GELAEL;;LMGT3;;Team WRT;BMW;GF;39.812;64.862;35.763;
32;2;78;2:20.421;0;;39.838;0;1:04.843;0;35.740;0;179.6;3:12:46.250;17:13:37.413;0:39.838;1:04.843;0:35.740;263.0;Sean GELAEL;;LMGT3;;Team WRT;BMW;GF;39.838;64.843;35.740;
32;2;79;2:20.148;0;;39.850;0;1:04.545;1;35.753;0;179.9;3:15:06.398;17:15:57.561;0:39.850;1:04.545;0:35.753;263.0;Sean GELAEL;;LMGT3;;Team WRT;BMW;GF;39.850;64.545;35.753;
32;2;80;2:20.584;0;;39.792;0;1:04.994;0;35.798;0;179.4;3:17:26.982;17:18:18.145;0:39.792;1:04.994;0:35.798;263.0;Sean GELAEL;;LMGT3;;Team WRT;BMW;GF;39.792;64.994;35.798;
32;2;81;2:20.275;0;;39.781;0;1:04.736;0;35.758;0;179.7;3:19:47.257;17:20:38.420;0:39.781;1:04.736;0:35.758;261.1;Sean GELAEL;;LMGT3;;Team WRT;BMW;GF;39.781;64.736;35.758;
32;2;82;2:20.688;0;;39.735;0;1:05.005;0;35.948;0;179.2;3:22:07.945;17:22:59.108;0:39.735;1:05.005;0:35.948;264.9;Sean GELAEL;;LMGT3;;Team WRT;BMW;GF;39.735;65.005;35.948;
32;2;83;2:20.915;0;;39.893;0;1:04.949;0;36.073;0;178.9;3:24:28.860;17:25:20.023;0:39.893;1:04.949;0:36.073;263.6;Sean GELAEL;;LMGT3;;Team WRT;BMW;GF;39.893;64.949;36.073;
32;2;84;2:21.788;0;;39.757;0;1:05.689;0;36.342;0;177.8;3:26:50.648;17:27:41.811;0:39.757;1:05.689;0:36.342;263.6;Sean GELAEL;;LMGT3;;Team WRT;BMW;GF;39.757;65.689;36.342;
32;2;85;2:21.767;0;;39.953;0;1:05.920;0;35.894;0;177.9;3:29:12.415;17:30:03.578;0:39.953;1:05.920;0:35.894;243.0;Sean GELAEL;;LMGT3;;Team WRT;BMW;GF;39.953;65.920;35.894;
32;2;86;2:21.073;0;;39.841;0;1:05.266;0;35.966;0;178.7;3:31:33.488;17:32:24.651;0:39.841;1:05.266;0:35.966;265.6;Sean GELAEL;;LMGT3;;Team WRT;BMW;GF;39.841;65.266;35.966;
32;2;87;2:21.142;0;;39.831;0;1:05.270;0;36.041;0;178.6;3:33:54.630;17:34:45.793;0:39.831;1:05.270;0:36.041;263.0;Sean GELAEL;;LMGT3;;Team WRT;BMW;GF;39.831;65.270;36.041;
32;2;88;2:21.864;0;;39.868;0;1:05.780;0;36.216;0;177.7;3:36:16.494;17:37:07.657;0:39.868;1:05.780;0:36.216;249.1;Sean GELAEL;;LMGT3;;Team WRT;BMW;GF;39.868;65.780;36.216;
32;2;89;2:21.520;0;;39.924;0;1:05.676;0;35.920;0;178.2;3:38:38.014;17:39:29.177;0:39.924;1:05.676;0:35.920;263.6;Sean GELAEL;;LMGT3;;Team WRT;BMW;GF;39.924;65.676;35.920;
32;2;90;2:21.421;0;;39.822;0;1:05.664;0;35.935;0;178.3;3:40:59.435;17:41:50.598;0:39.822;1:05.664;0:35.935;264.3;Sean GELAEL;;LMGT3;;Team WRT;BMW;GF;39.822;65.664;35.935;
32;2;91;2:22.376;0;;39.769;0;1:05.976;0;36.631;0;177.1;3:43:21.811;17:44:12.974;0:39.769;1:05.976;0:36.631;260.5;Sean GELAEL;;LMGT3;;Team WRT;BMW;GF;39.769;65.976;36.631;
32;2;92;2:22.168;0;;39.828;0;1:05.911;0;36.429;0;177.4;3:45:43.979;17:46:35.142;0:39.828;1:05.911;0:36.429;264.9;Sean GELAEL;;LMGT3;;Team WRT;BMW;GF;39.828;65.911;36.429;
32;2;93;2:22.218;0;;39.975;0;1:06.068;0;36.175;0;177.3;3:48:06.197;17:48:57.360;0:39.975;1:06.068;0:36.175;263.0;Sean GELAEL;;LMGT3;;Team WRT;BMW;GF;39.975;66.068;36.175;
32;2;94;2:22.902;0;;40.087;0;1:06.248;0;36.567;0;176.4;3:50:29.099;17:51:20.262;0:40.087;1:06.248;0:36.567;263.0;Sean GELAEL;;LMGT3;;Team WRT;BMW;GF;40.087;66.248;36.567;
32;2;95;5:09.465;0;B;1:32.441;0;2:08.296;0;1:28.728;0;81.5;3:55:38.564;17:56:29.727;1:32.441;2:08.296;1:28.728;80.7;Sean GELAEL;;LMGT3;;Team WRT;BMW;GF;92.441;128.296;88.728;
32;3;96;6:10.225;0;;2:34.637;0;2:09.743;0;1:25.845;0;68.1;4:01:48.789;18:02:39.952;2:34.637;2:09.743;1:25.845;79.3;Augusto FARFUS;0:01:13.905;LMGT3;;Team WRT;BMW;GF;154.637;129.743;85.845;
32;3;97;3:21.338;0;;1:03.042;0;1:20.917;0;57.379;0;125.2;4:05:10.127;18:06:01.290;1:03.042;1:20.917;0:57.379;130.1;Augusto FARFUS;;LMGT3;;Team WRT;BMW;SF;63.042;80.917;57.379;
32;3;98;3:45.881;0;;1:15.613;0;1:49.825;0;40.443;0;111.6;4:08:56.008;18:09:47.171;1:15.613;1:49.825;0:40.443;86.6;Augusto FARFUS;;LMGT3;;Team WRT;BMW;SF;75.613;109.825;40.443;
32;3;99;2:30.068;0;;42.069;0;1:09.831;0;38.168;0;168.0;4:11:26.076;18:12:17.239;0:42.069;1:09.831;0:38.168;223.9;Augusto FARFUS;;LMGT3;;Team WRT;BMW;SF;42.069;69.831;38.168;
32;3;100;3:17.077;0;;41.883;0;1:14.077;0;1:21.117;0;127.9;4:14:43.153;18:15:34.316;0:41.883;1:14.077;1:21.117;207.2;Augusto FARFUS;;LMGT3;;Team WRT;BMW;SF;41.883;74.077;81.117;
32;3;101;3:05.138;0;;1:03.072;0;1:10.135;0;51.931;0;136.2;4:17:48.291;18:18:39.454;1:03.072;1:10.135;0:51.931;198.8;Augusto FARFUS;;LMGT3;;Team WRT;BMW;GF;63.072;70.135;51.931;
32;3;102;2:19.693;0;;39.640;0;1:04.412;0;35.641;1;180.5;4:20:07.984;18:20:59.147;0:39.640;1:04.412;0:35.641;266.9;Augusto FARFUS;;LMGT3;;Team WRT;BMW;GF;39.640;64.412;35.641;
32;3;103;2:19.376;2;;39.547;0;1:04.186;2;35.643;0;180.9;4:22:27.360;18:23:18.523;0:39.547;1:04.186;0:35.643;266.2;Augusto FARFUS;;LMGT3;;Team WRT;BMW;GF;39.547;64.186;35.643;
32;3;104;2:19.509;0;;39.602;0;1:04.223;0;35.684;0;180.7;4:24:46.869;18:25:38.032;0:39.602;1:04.223;0:35.684;264.3;Augusto FARFUS;;LMGT3;;Team WRT;BMW;GF;39.602;64.223;35.684;
32;3;105;2:19.954;0;;39.604;0;1:04.622;0;35.728;0;180.2;4:27:06.823;18:27:57.986;0:39.604;1:04.622;0:35.728;265.6;Augusto FARFUS;;LMGT3;;Team WRT;BMW;GF;39.604;64.622;35.728;
32;3;106;2:19.920;0;;39.754;0;1:04.499;0;35.667;0;180.2;4:29:26.743;18:30:17.906;0:39.754;1:04.499;0:35.667;265.6;Augusto FARFUS;;LMGT3;;Team WRT;BMW;GF;39.754;64.499;35.667;
32;3;107;2:19.863;0;;39.586;0;1:04.600;0;35.677;0;180.3;4:31:46.606;18:32:37.769;0:39.586;1:04.600;0:35.677;267.6;Augusto FARFUS;;LMGT3;;Team WRT;BMW;GF;39.586;64.600;35.677;
32;3;108;2:19.819;0;;39.616;0;1:04.490;0;35.713;0;180.3;4:34:06.425;18:34:57.588;0:39.616;1:04.490;0:35.713;265.6;Augusto FARFUS;;LMGT3;;Team WRT;BMW;GF;39.616;64.490;35.713;
32;3;109;2:20.109;0;;39.615;0;1:04.739;0;35.755;0;180.0;4:36:26.534;18:37:17.697;0:39.615;1:04.739;0:35.755;266.2;Augusto FARFUS;;LMGT3;;Team WRT;BMW;GF;39.615;64.739;35.755;
32;3;110;2:22.690;0;;39.989;0;1:06.164;0;36.537;0;176.7;4:38:49.224;18:39:40.387;0:39.989;1:06.164;0:36.537;268.9;Augusto FARFUS;;LMGT3;;Team WRT;BMW;GF;39.989;66.164;36.537;
32;3;111;2:21.270;0;;39.547;0;1:05.893;0;35.830;0;178.5;4:41:10.494;18:42:01.657;0:39.547;1:05.893;0:35.830;270.2;Augusto FARFUS;;LMGT3;;Team WRT;BMW;GF;39.547;65.893;35.830;
32;3;112;2:21.007;0;;39.602;0;1:05.083;0;36.322;0;178.8;4:43:31.501;18:44:22.664;0:39.602;1:05.083;0:36.322;266.9;Augusto FARFUS;;LMGT3;;Team WRT;BMW;GF;39.602;65.083;36.322;
32;3;113;2:20.474;0;;39.653;0;1:04.965;0;35.856;0;179.5;4:45:51.975;18:46:43.138;0:39.653;1:04.965;0:35.856;266.9;Augusto FARFUS;;LMGT3;;Team WRT;BMW;GF;39.653;64.965;35.856;
32;3;114;2:21.213;0;;39.757;0;1:05.550;0;35.906;0;178.6;4:48:13.188;18:49:04.351;0:39.757;1:05.550;0:35.906;264.9;Augusto FARFUS;;LMGT3;;Team WRT;BMW;GF;39.757;65.550;35.906;
32;3;115;2:21.421;0;;39.829;0;1:05.060;0;36.532;0;178.3;4:50:34.609;18:51:25.772;0:39.829;1:05.060;0:36.532;264.3;Augusto FARFUS;;LMGT3;;Team WRT;BMW;GF;39.829;65.060;36.532;
32;3;116;2:21.342;0;;39.973;0;1:05.472;0;35.897;0;178.4;4:52:55.951;18:53:47.114;0:39.973;1:05.472;0:35.897;264.9;Augusto FARFUS;;LMGT3;;Team WRT;BMW;GF;39.973;65.472;35.897;
32;3;117;2:21.859;0;;39.833;0;1:05.321;0;36.705;0;177.7;4:55:17.810;18:56:08.973;0:39.833;1:05.321;0:36.705;264.3;Augusto FARFUS;;LMGT3;;Team WRT;BMW;GF;39.833;65.321;36.705;
32;3;118;2:22.961;0;;39.930;0;1:05.902;0;37.129;0;176.4;4:57:40.771;18:58:31.934;0:39.930;1:05.902;0:37.129;263.6;Augusto FARFUS;;LMGT3;;Team WRT;BMW;GF;39.930;65.902;37.129;
32;3;119;2:37.006;0;B;43.094;0;1:07.934;0;45.978;0;160.6;5:00:17.777;19:01:08.940;0:43.094;1:07.934;0:45.978;241.3;Augusto FARFUS;;LMGT3;;Team WRT;BMW;GF;43.094;67.934;45.978;
32;3;120;6:11.905;0;B;2:33.445;0;2:08.687;0;1:29.773;0;67.8;5:06:29.682;19:07:20.845;2:33.445;2:08.687;1:29.773;80.0;Augusto FARFUS;0:01:13.655;LMGT3;;Team WRT;BMW;GF;153.445;128.687;89.773;
32;3;121;7:19.264;0;;4:33.735;0;2:01.806;0;43.723;0;57.4;5:13:48.946;19:14:40.109;4:33.735;2:01.806;0:43.723;75.0;Augusto FARFUS;0:03:13.174;LMGT3;;Team WRT;BMW;SF;273.735;121.806;43.723;
32;3;122;3:51.609;0;;1:24.607;0;1:47.976;0;39.026;0;108.9;5:17:40.555;19:18:31.718;1:24.607;1:47.976;0:39.026;84.9;Augusto FARFUS;;LMGT3;;Team WRT;BMW;SF;84.607;107.976;39.026;
32;3;123;2:30.430;0;;42.838;0;1:09.290;0;38.302;0;167.6;5:20:10.985;19:21:02.148;0:42.838;1:09.290;0:38.302;223.9;Augusto FARFUS;;LMGT3;;Team WRT;BMW;SF;42.838;69.290;38.302;
32;3;124;2:49.780;0;;41.974;0;1:07.938;0;59.868;0;148.5;5:23:00.765;19:23:51.928;0:41.974;1:07.938;0:59.868;245.2;Augusto FARFUS;;LMGT3;;Team WRT;BMW;SF;41.974;67.938;59.868;
32;3;125;2:49.690;0;;48.240;0;1:15.704;0;45.746;0;148.6;5:25:50.455;19:26:41.618;0:48.240;1:15.704;0:45.746;189.4;Augusto FARFUS;;LMGT3;;Team WRT;BMW;GF;48.240;75.704;45.746;
32;3;126;2:47.024;0;;40.469;0;1:20.697;0;45.858;0;151.0;5:28:37.479;19:29:28.642;0:40.469;1:20.697;0:45.858;175.9;Augusto FARFUS;;LMGT3;;Team WRT;BMW;SF;40.469;80.697;45.858;
32;3;127;4:13.692;0;;1:16.897;0;1:41.020;0;1:15.775;0;99.4;5:32:51.171;19:33:42.334;1:16.897;1:41.020;1:15.775;53.0;Augusto FARFUS;;LMGT3;;Team WRT;BMW;SF;76.897;101.020;75.775;
32;3;128;3:31.932;0;;1:34.226;0;1:13.238;0;44.468;0;119.0;5:36:23.103;19:37:14.266;1:34.226;1:13.238;0:44.468;99.7;Augusto FARFUS;;LMGT3;;Team WRT;BMW;GF;94.226;73.238;44.468;
32;3;129;2:21.526;0;;40.313;0;1:05.541;0;35.672;0;178.2;5:38:44.629;19:39:35.792;0:40.313;1:05.541;0:35.672;257.4;Augusto FARFUS;;LMGT3;;Team WRT;BMW;GF;40.313;65.541;35.672;
32;3;130;2:19.731;0;;39.467;2;1:04.561;0;35.703;0;180.4;5:41:04.360;19:41:55.523;0:39.467;1:04.561;0:35.703;265.6;Augusto FARFUS;;LMGT3;;Team WRT;BMW;GF;39.467;64.561;35.703;
32;3;131;2:20.040;0;;39.727;0;1:04.531;0;35.782;0;180.0;5:43:24.400;19:44:15.563;0:39.727;1:04.531;0:35.782;264.9;Augusto FARFUS;;LMGT3;;Team WRT;BMW;GF;39.727;64.531;35.782;
32;3;132;2:20.204;0;;39.685;0;1:04.766;0;35.753;0;179.8;5:45:44.604;19:46:35.767;0:39.685;1:04.766;0:35.753;265.6;Augusto FARFUS;;LMGT3;;Team WRT;BMW;GF;39.685;64.766;35.753;
32;3;133;2:21.609;0;;39.635;0;1:05.950;0;36.024;0;178.1;5:48:06.213;19:48:57.376;0:39.635;1:05.950;0:36.024;267.6;Augusto FARFUS;;LMGT3;;Team WRT;BMW;GF;39.635;65.950;36.024;
32;3;134;2:21.073;0;;39.782;0;1:05.337;0;35.954;0;178.7;5:50:27.286;19:51:18.449;0:39.782;1:05.337;0:35.954;265.6;Augusto FARFUS;;LMGT3;;Team WRT;BMW;GF;39.782;65.337;35.954;
32;3;135;2:22.950;0;;39.886;0;1:05.809;0;37.255;0;176.4;5:52:50.236;19:53:41.399;0:39.886;1:05.809;0:37.255;264.3;Augusto FARFUS;;LMGT3;;Team WRT;BMW;GF;39.886;65.809;37.255;
32;3;136;2:22.949;0;;40.362;0;1:06.253;0;36.334;0;176.4;5:55:13.185;19:56:04.348;0:40.362;1:06.253;0:36.334;262.4;Augusto FARFUS;;LMGT3;;Team WRT;BMW;GF;40.362;66.253;36.334;
32;3;137;2:22.871;0;;39.990;0;1:06.476;0;36.405;0;176.5;5:57:36.056;19:58:27.219;0:39.990;1:06.476;0:36.405;263.0;Augusto FARFUS;;LMGT3;;Team WRT;BMW;GF;39.990;66.476;36.405;
32;3;138;2:21.884;0;;39.989;0;1:05.677;0;36.218;0;177.7;5:59:57.940;20:00:49.103;0:39.989;1:05.677;0:36.218;262.4;Augusto FARFUS;;LMGT3;;Team WRT;BMW;GF;39.989;65.677;36.218;
32;3;139;2:21.440;0;;39.893;0;1:05.430;0;36.117;0;178.3;6:02:19.380;20:03:10.543;0:39.893;1:05.430;0:36.117;263.6;Augusto FARFUS;;LMGT3;;Team WRT;BMW;FF;39.893;65.430;36.117;
33;1;1;2:32.408;0;;48.841;0;1:07.343;0;36.224;0;162.6;2:32.408;14:03:23.571;0:48.841;1:07.343;0:36.224;264.9;Blake MCDONALD;;LMGT3;;TF Sport;Corvette;GF;48.841;67.343;36.224;
33;1;2;2:21.220;0;;40.332;0;1:04.962;1;35.926;0;178.5;4:53.628;14:05:44.791;0:40.332;1:04.962;0:35.926;264.9;Blake MCDONALD;;LMGT3;;TF Sport;Corvette;GF;40.332;64.962;35.926;
33;1;3;2:21.115;0;;40.147;0;1:05.061;0;35.907;1;178.7;7:14.743;14:08:05.906;0:40.147;1:05.061;0:35.907;266.2;Blake MCDONALD;;LMGT3;;TF Sport;Corvette;GF;40.147;65.061;35.907;
33;1;4;2:21.602;0;;39.946;1;1:05.296;0;36.360;0;178.1;9:36.345;14:10:27.508;0:39.946;1:05.296;0:36.360;267.6;Blake MCDONALD;;LMGT3;;TF Sport;Corvette;GF;39.946;65.296;36.360;
33;1;5;2:22.267;0;;39.979;0;1:06.102;0;36.186;0;177.2;11:58.612;14:12:49.775;0:39.979;1:06.102;0:36.186;264.3;Blake MCDONALD;;LMGT3;;TF Sport;Corvette;GF;39.979;66.102;36.186;
33;1;6;2:25.463;0;;40.316;0;1:06.284;0;38.863;0;173.3;14:24.075;14:15:15.238;0:40.316;1:06.284;0:38.863;265.6;Blake MCDONALD;;LMGT3;;TF Sport;Corvette;SF;40.316;66.284;38.863;
33;1;7;3:03.368;0;;58.752;0;1:14.719;0;49.897;0;137.5;17:27.443;14:18:18.606;0:58.752;1:14.719;0:49.897;166.2;Blake MCDONALD;;LMGT3;;TF Sport;Corvette;SF;58.752;74.719;49.897;
33;1;8;2:45.541;0;;46.454;0;1:09.868;0;49.219;0;152.3;20:12.984;14:21:04.147;0:46.454;1:09.868;0:49.219;221.6;Blake MCDONALD;;LMGT3;;TF Sport;Corvette;SF;46.454;69.868;49.219;
33;1;9;3:10.500;0;;1:05.370;0;1:19.249;0;45.881;0;132.4;23:23.484;14:24:14.647;1:05.370;1:19.249;0:45.881;167.0;Blake MCDONALD;;LMGT3;;TF Sport;Corvette;SF;65.370;79.249;45.881;
33;1;10;2:46.604;0;;48.240;0;1:13.364;0;45.000;0;151.3;26:10.088;14:27:01.251;0:48.240;1:13.364;0:45.000;180.6;Blake MCDONALD;;LMGT3;;TF Sport;Corvette;GF;48.240;73.364;45.000;
33;1;11;2:23.175;0;;40.429;0;1:06.257;0;36.489;0;176.1;28:33.263;14:29:24.426;0:40.429;1:06.257;0:36.489;265.6;Blake MCDONALD;;LMGT3;;TF Sport;Corvette;GF;40.429;66.257;36.489;
33;1;12;2:22.479;0;;40.053;0;1:05.885;0;36.541;0;177.0;30:55.742;14:31:46.905;0:40.053;1:05.885;0:36.541;266.2;Blake MCDONALD;;LMGT3;;TF Sport;Corvette;GF;40.053;65.885;36.541;
33;1;13;2:23.982;0;;40.107;0;1:06.765;0;37.110;0;175.1;33:19.724;14:34:10.887;0:40.107;1:06.765;0:37.110;266.2;Blake MCDONALD;;LMGT3;;TF Sport;Corvette;GF;40.107;66.765;37.110;
33;1;14;2:25.519;0;;40.209;0;1:08.611;0;36.699;0;173.3;35:45.243;14:36:36.406;0:40.209;1:08.611;0:36.699;268.2;Blake MCDONALD;;LMGT3;;TF Sport;Corvette;GF;40.209;68.611;36.699;
33;1;15;2:22.780;0;;40.103;0;1:06.395;0;36.282;0;176.6;38:08.023;14:38:59.186;0:40.103;1:06.395;0:36.282;268.2;Blake MCDONALD;;LMGT3;;TF Sport;Corvette;GF;40.103;66.395;36.282;
33;1;16;2:23.298;0;;40.151;0;1:06.450;0;36.697;0;176.0;40:31.321;14:41:22.484;0:40.151;1:06.450;0:36.697;266.2;Blake MCDONALD;;LMGT3;;TF Sport;Corvette;GF;40.151;66.450;36.697;
33;1;17;2:25.708;0;;40.222;0;1:07.639;0;37.847;0;173.0;42:57.029;14:43:48.192;0:40.222;1:07.639;0:37.847;264.9;Blake MCDONALD;;LMGT3;;TF Sport;Corvette;GF;40.222;67.639;37.847;
33;1;18;2:26.120;0;;40.628;0;1:06.641;0;38.851;0;172.6;45:23.149;14:46:14.312;0:40.628;1:06.641;0:38.851;267.6;Blake MCDONALD;;LMGT3;;TF Sport;Corvette;GF;40.628;66.641;38.851;
33;1;19;2:22.983;0;;40.588;0;1:06.149;0;36.246;0;176.3;47:46.132;14:48:37.295;0:40.588;1:06.149;0:36.246;265.6;Blake MCDONALD;;LMGT3;;TF Sport;Corvette;GF;40.588;66.149;36.246;
33;1;20;2:23.485;0;;40.231;0;1:06.470;0;36.784;0;175.7;50:09.617;14:51:00.780;0:40.231;1:06.470;0:36.784;264.9;Blake MCDONALD;;LMGT3;;TF Sport;Corvette;GF;40.231;66.470;36.784;
33;1;21;2:22.900;0;;40.125;0;1:06.553;0;36.222;0;176.4;52:32.517;14:53:23.680;0:40.125;1:06.553;0:36.222;268.2;Blake MCDONALD;;LMGT3;;TF Sport;Corvette;GF;40.125;66.553;36.222;
33;1;22;2:23.063;0;;40.284;0;1:06.461;0;36.318;0;176.2;54:55.580;14:55:46.743;0:40.284;1:06.461;0:36.318;258.6;Blake MCDONALD;;LMGT3;;TF Sport;Corvette;GF;40.284;66.461;36.318;
33;1;23;2:25.503;0;;40.059;0;1:06.817;0;38.627;0;173.3;57:21.083;14:58:12.246;0:40.059;1:06.817;0:38.627;269.6;Blake MCDONALD;;LMGT3;;TF Sport;Corvette;GF;40.059;66.817;38.627;
33;1;24;2:24.019;0;;40.181;0;1:06.623;0;37.215;0;175.1;59:45.102;15:00:36.265;0:40.181;1:06.623;0:37.215;265.6;Blake MCDONALD;;LMGT3;;TF Sport;Corvette;GF;40.181;66.623;37.215;
33;1;25;2:23.800;0;;40.561;0;1:06.592;0;36.647;0;175.3;1:02:08.902;15:03:00.065;0:40.561;1:06.592;0:36.647;266.2;Blake MCDONALD;;LMGT3;;TF Sport;Corvette;GF;40.561;66.592;36.647;
33;1;26;2:22.946;0;;40.410;0;1:06.070;0;36.466;0;176.4;1:04:31.848;15:05:23.011;0:40.410;1:06.070;0:36.466;264.3;Blake MCDONALD;;LMGT3;;TF Sport;Corvette;GF;40.410;66.070;36.466;
33;1;27;2:29.610;0;B;40.402;0;1:06.278;0;42.930;0;168.5;1:07:01.458;15:07:52.621;0:40.402;1:06.278;0:42.930;263.6;Blake MCDONALD;;LMGT3;;TF Sport;Corvette;GF;40.402;66.278;42.930;
33;1;28;3:32.040;0;;1:49.283;0;1:06.508;0;36.249;0;118.9;1:10:33.498;15:11:24.661;1:49.283;1:06.508;0:36.249;255.0;Blake MCDONALD;0:01:18.224;LMGT3;;TF Sport;Corvette;GF;109.283;66.508;36.249;
33;1;29;2:22.875;0;;40.220;0;1:06.050;0;36.605;0;176.5;1:12:56.373;15:13:47.536;0:40.220;1:06.050;0:36.605;263.0;Blake MCDONALD;;LMGT3;;TF Sport;Corvette;GF;40.220;66.050;36.605;
33;1;30;2:22.815;0;;40.332;0;1:05.928;0;36.555;0;176.6;1:15:19.188;15:16:10.351;0:40.332;1:05.928;0:36.555;262.4;Blake MCDONALD;;LMGT3;;TF Sport;Corvette;GF;40.332;65.928;36.555;
33;1;31;2:22.895;0;;40.228;0;1:05.699;0;36.968;0;176.5;1:17:42.083;15:18:33.246;0:40.228;1:05.699;0:36.968;263.6;Blake MCDONALD;;LMGT3;;TF Sport;Corvette;GF;40.228;65.699;36.968;
33;1;32;2:30.589;0;B;41.838;0;1:06.515;0;42.236;0;167.4;1:20:12.672;15:21:03.835;0:41.838;1:06.515;0:42.236;260.5;Blake MCDONALD;;LMGT3;;TF Sport;Corvette;GF;41.838;66.515;42.236;
33;1;33;2:34.402;0;;52.241;0;1:05.680;0;36.481;0;163.3;1:22:47.074;15:23:38.237;0:52.241;1:05.680;0:36.481;263.0;Blake MCDONALD;0:00:23.438;LMGT3;;TF Sport;Corvette;GF;52.241;65.680;36.481;
33;1;34;2:23.278;0;;40.791;0;1:05.858;0;36.629;0;176.0;1:25:10.352;15:26:01.515;0:40.791;1:05.858;0:36.629;259.2;Blake MCDONALD;;LMGT3;;TF Sport;Corvette;GF;40.791;65.858;36.629;
33;1;35;2:22.897;0;;40.306;0;1:05.711;0;36.880;0;176.4;1:27:33.249;15:28:24.412;0:40.306;1:05.711;0:36.880;263.0;Blake MCDONALD;;LMGT3;;TF Sport;Corvette;GF;40.306;65.711;36.880;
33;1;36;2:22.468;0;;40.451;0;1:05.506;0;36.511;0;177.0;1:29:55.717;15:30:46.880;0:40.451;1:05.506;0:36.511;262.4;Blake MCDONALD;;LMGT3;;TF Sport;Corvette;GF;40.451;65.506;36.511;
33;1;37;2:22.487;0;;40.347;0;1:05.679;0;36.461;0;177.0;1:32:18.204;15:33:09.367;0:40.347;1:05.679;0:36.461;263.0;Blake MCDONALD;;LMGT3;;TF Sport;Corvette;GF;40.347;65.679;36.461;
33;1;38;2:25.606;0;;40.233;0;1:07.555;0;37.818;0;173.2;1:34:43.810;15:35:34.973;0:40.233;1:07.555;0:37.818;264.3;Blake MCDONALD;;LMGT3;;TF Sport;Corvette;GF;40.233;67.555;37.818;
33;1;39;2:24.274;0;;40.784;0;1:06.408;0;37.082;0;174.8;1:37:08.084;15:37:59.247;0:40.784;1:06.408;0:37.082;264.3;Blake MCDONALD;;LMGT3;;TF Sport;Corvette;GF;40.784;66.408;37.082;
33;1;40;2:24.491;0;;40.443;0;1:06.991;0;37.057;0;174.5;1:39:32.575;15:40:23.738;0:40.443;1:06.991;0:37.057;261.7;Blake MCDONALD;;LMGT3;;TF Sport;Corvette;GF;40.443;66.991;37.057;
33;1;41;2:23.300;0;;40.451;0;1:06.232;0;36.617;0;176.0;1:41:55.875;15:42:47.038;0:40.451;1:06.232;0:36.617;261.7;Blake MCDONALD;;LMGT3;;TF Sport;Corvette;GF;40.451;66.232;36.617;
33;1;42;2:22.341;0;;40.311;0;1:05.528;0;36.502;0;177.1;1:44:18.216;15:45:09.379;0:40.311;1:05.528;0:36.502;262.4;Blake MCDONALD;;LMGT3;;TF Sport;Corvette;GF;40.311;65.528;36.502;
33;1;43;2:23.163;0;;40.544;0;1:06.246;0;36.373;0;176.1;1:46:41.379;15:47:32.542;0:40.544;1:06.246;0:36.373;263.0;Blake MCDONALD;;LMGT3;;TF Sport;Corvette;GF;40.544;66.246;36.373;
33;1;44;2:23.007;0;;40.366;0;1:06.220;0;36.421;0;176.3;1:49:04.386;15:49:55.549;0:40.366;1:06.220;0:36.421;264.3;Blake MCDONALD;;LMGT3;;TF Sport;Corvette;GF;40.366;66.220;36.421;
33;1;45;2:29.274;0;B;40.238;0;1:05.925;0;43.111;0;168.9;1:51:33.660;15:52:24.823;0:40.238;1:05.925;0:43.111;263.0;Blake MCDONALD;;LMGT3;;TF Sport;Corvette;GF;40.238;65.925;43.111;
33;2;46;3:28.275;0;;1:45.923;0;1:06.031;0;36.321;0;121.1;1:55:01.935;15:55:53.098;1:45.923;1:06.031;0:36.321;252.6;Jonny EDGAR;0:01:15.256;LMGT3;;TF Sport;Corvette;GF;105.923;66.031;36.321;
33;2;47;2:23.175;0;;40.438;0;1:05.637;0;37.100;0;176.1;1:57:25.110;15:58:16.273;0:40.438;1:05.637;0:37.100;257.4;Jonny EDGAR;;LMGT3;;TF Sport;Corvette;GF;40.438;65.637;37.100;
33;2;48;2:20.819;0;;40.027;0;1:04.859;0;35.933;0;179.1;1:59:45.929;16:00:37.092;0:40.027;1:04.859;0:35.933;259.9;Jonny EDGAR;;LMGT3;;TF Sport;Corvette;GF;40.027;64.859;35.933;
33;2;49;2:20.347;0;;39.950;0;1:04.493;0;35.904;0;179.7;2:02:06.276;16:02:57.439;0:39.950;1:04.493;0:35.904;261.1;Jonny EDGAR;;LMGT3;;TF Sport;Corvette;GF;39.950;64.493;35.904;
33;2;50;2:20.764;0;;39.980;0;1:04.831;0;35.953;0;179.1;2:04:27.040;16:05:18.203;0:39.980;1:04.831;0:35.953;261.7;Jonny EDGAR;;LMGT3;;TF Sport;Corvette;GF;39.980;64.831;35.953;
33;2;51;2:20.894;0;;39.986;0;1:05.015;0;35.893;0;179.0;2:06:47.934;16:07:39.097;0:39.986;1:05.015;0:35.893;259.9;Jonny EDGAR;;LMGT3;;TF Sport;Corvette;GF;39.986;65.015;35.893;
33;2;52;2:20.969;0;;39.856;0;1:05.193;0;35.920;0;178.9;2:09:08.903;16:10:00.066;0:39.856;1:05.193;0:35.920;261.1;Jonny EDGAR;;LMGT3;;TF Sport;Corvette;GF;39.856;65.193;35.920;
33;2;53;2:21.227;0;;39.873;0;1:05.207;0;36.147;0;178.5;2:11:30.130;16:12:21.293;0:39.873;1:05.207;0:36.147;261.1;Jonny EDGAR;;LMGT3;;TF Sport;Corvette;GF;39.873;65.207;36.147;
33;2;54;2:21.011;0;;39.862;0;1:05.076;0;36.073;0;178.8;2:13:51.141;16:14:42.304;0:39.862;1:05.076;0:36.073;264.9;Jonny EDGAR;;LMGT3;;TF Sport;Corvette;GF;39.862;65.076;36.073;
33;2;55;2:22.643;0;;39.823;0;1:05.575;0;37.245;0;176.8;2:16:13.784;16:17:04.947;0:39.823;1:05.575;0:37.245;263.0;Jonny EDGAR;;LMGT3;;TF Sport;Corvette;GF;39.823;65.575;37.245;
33;2;56;2:22.472;0;;39.938;0;1:05.998;0;36.536;0;177.0;2:18:36.256;16:19:27.419;0:39.938;1:05.998;0:36.536;264.3;Jonny EDGAR;;LMGT3;;TF Sport;Corvette;GF;39.938;65.998;36.536;
33;2;57;2:21.738;0;;39.877;0;1:05.606;0;36.255;0;177.9;2:20:57.994;16:21:49.157;0:39.877;1:05.606;0:36.255;265.6;Jonny EDGAR;;LMGT3;;TF Sport;Corvette;GF;39.877;65.606;36.255;
33;2;58;2:21.843;0;;40.008;0;1:05.622;0;36.213;0;177.8;2:23:19.837;16:24:11.000;0:40.008;1:05.622;0:36.213;263.6;Jonny EDGAR;;LMGT3;;TF Sport;Corvette;GF;40.008;65.622;36.213;
33;2;59;2:21.375;0;;39.926;0;1:05.336;0;36.113;0;178.3;2:25:41.212;16:26:32.375;0:39.926;1:05.336;0:36.113;264.9;Jonny EDGAR;;LMGT3;;TF Sport;Corvette;GF;39.926;65.336;36.113;
33;2;60;2:21.508;0;;39.920;0;1:05.571;0;36.017;0;178.2;2:28:02.720;16:28:53.883;0:39.920;1:05.571;0:36.017;264.9;Jonny EDGAR;;LMGT3;;TF Sport;Corvette;GF;39.920;65.571;36.017;
33;2;61;2:21.334;0;;39.873;0;1:05.329;0;36.132;0;178.4;2:30:24.054;16:31:15.217;0:39.873;1:05.329;0:36.132;264.9;Jonny EDGAR;;LMGT3;;TF Sport;Corvette;GF;39.873;65.329;36.132;
33;2;62;2:22.840;0;;41.344;0;1:05.576;0;35.920;0;176.5;2:32:46.894;16:33:38.057;0:41.344;1:05.576;0:35.920;259.2;Jonny EDGAR;;LMGT3;;TF Sport;Corvette;GF;41.344;65.576;35.920;
33;2;63;2:21.430;0;;39.777;0;1:05.314;0;36.339;0;178.3;2:35:08.324;16:35:59.487;0:39.777;1:05.314;0:36.339;265.6;Jonny EDGAR;;LMGT3;;TF Sport;Corvette;GF;39.777;65.314;36.339;
33;2;64;2:22.142;0;;39.764;0;1:06.078;0;36.300;0;177.4;2:37:30.466;16:38:21.629;0:39.764;1:06.078;0:36.300;263.6;Jonny EDGAR;;LMGT3;;TF Sport;Corvette;GF;39.764;66.078;36.300;
33;2;65;2:21.729;0;;39.940;0;1:05.801;0;35.988;0;177.9;2:39:52.195;16:40:43.358;0:39.940;1:05.801;0:35.988;265.6;Jonny EDGAR;;LMGT3;;TF Sport;Corvette;GF;39.940;65.801;35.988;
33;2;66;2:21.348;0;;39.876;0;1:05.449;0;36.023;0;178.4;2:42:13.543;16:43:04.706;0:39.876;1:05.449;0:36.023;266.2;Jonny EDGAR;;LMGT3;;TF Sport;Corvette;GF;39.876;65.449;36.023;
33;2;67;2:21.317;0;;39.933;0;1:05.422;0;35.962;0;178.4;2:44:34.860;16:45:26.023;0:39.933;1:05.422;0:35.962;264.9;Jonny EDGAR;;LMGT3;;TF Sport;Corvette;GF;39.933;65.422;35.962;
33;2;68;3:39.122;0;;1:20.110;0;1:42.973;0;36.039;0;115.1;2:48:13.982;16:49:05.145;1:20.110;1:42.973;0:36.039;80.1;Jonny EDGAR;;LMGT3;;TF Sport;Corvette;GF;80.110;102.973;36.039;
33;2;69;2:21.501;0;;39.831;0;1:05.716;0;35.954;0;178.2;2:50:35.483;16:51:26.646;0:39.831;1:05.716;0:35.954;265.6;Jonny EDGAR;;LMGT3;;TF Sport;Corvette;GF;39.831;65.716;35.954;
33;2;70;2:21.695;0;;40.511;0;1:05.234;0;35.950;0;177.9;2:52:57.178;16:53:48.341;0:40.511;1:05.234;0:35.950;263.6;Jonny EDGAR;;LMGT3;;TF Sport;Corvette;GF;40.511;65.234;35.950;
33;2;71;2:21.081;0;;39.794;0;1:05.371;0;35.916;0;178.7;2:55:18.259;16:56:09.422;0:39.794;1:05.371;0:35.916;265.6;Jonny EDGAR;;LMGT3;;TF Sport;Corvette;GF;39.794;65.371;35.916;
33;2;72;2:27.076;0;B;39.900;0;1:05.400;0;41.776;0;171.4;2:57:45.335;16:58:36.498;0:39.900;1:05.400;0:41.776;266.2;Jonny EDGAR;;LMGT3;;TF Sport;Corvette;GF;39.900;65.400;41.776;
33;2;73;3:35.598;0;;1:51.935;0;1:06.734;0;36.929;0;116.9;3:01:20.933;17:02:12.096;1:51.935;1:06.734;0:36.929;258.6;Jonny EDGAR;0:01:21.724;LMGT3;;TF Sport;Corvette;GF;111.935;66.734;36.929;
33;2;74;2:23.421;0;;40.445;0;1:06.718;0;36.258;0;175.8;3:03:44.354;17:04:35.517;0:40.445;1:06.718;0:36.258;198.1;Jonny EDGAR;;LMGT3;;TF Sport;Corvette;GF;40.445;66.718;36.258;
33;2;75;2:21.092;0;;39.994;0;1:05.076;0;36.022;0;178.7;3:06:05.446;17:06:56.609;0:39.994;1:05.076;0:36.022;263.6;Jonny EDGAR;;LMGT3;;TF Sport;Corvette;GF;39.994;65.076;36.022;
33;2;76;2:20.586;0;;39.893;0;1:04.641;0;36.052;0;179.4;3:08:26.032;17:09:17.195;0:39.893;1:04.641;0:36.052;262.4;Jonny EDGAR;;LMGT3;;TF Sport;Corvette;GF;39.893;64.641;36.052;
33;2;77;2:20.659;0;;40.153;0;1:04.576;0;35.930;0;179.3;3:10:46.691;17:11:37.854;0:40.153;1:04.576;0:35.930;260.5;Jonny EDGAR;;LMGT3;;TF Sport;Corvette;GF;40.153;64.576;35.930;
33;2;78;2:20.183;0;;39.867;0;1:04.514;0;35.802;0;179.9;3:13:06.874;17:13:58.037;0:39.867;1:04.514;0:35.802;260.5;Jonny EDGAR;;LMGT3;;TF Sport;Corvette;GF;39.867;64.514;35.802;
33;2;79;2:20.387;0;;39.899;0;1:04.597;0;35.891;0;179.6;3:15:27.261;17:16:18.424;0:39.899;1:04.597;0:35.891;258.6;Jonny EDGAR;;LMGT3;;TF Sport;Corvette;GF;39.899;64.597;35.891;
33;2;80;2:20.238;0;;39.898;0;1:04.449;0;35.891;0;179.8;3:17:47.499;17:18:38.662;0:39.898;1:04.449;0:35.891;259.2;Jonny EDGAR;;LMGT3;;TF Sport;Corvette;GF;39.898;64.449;35.891;
33;2;81;2:20.963;0;;39.934;0;1:05.129;0;35.900;0;178.9;3:20:08.462;17:20:59.625;0:39.934;1:05.129;0:35.900;259.2;Jonny EDGAR;;LMGT3;;TF Sport;Corvette;GF;39.934;65.129;35.900;
33;2;82;2:21.535;0;;39.868;0;1:05.263;0;36.404;0;178.1;3:22:29.997;17:23:21.160;0:39.868;1:05.263;0:36.404;263.0;Jonny EDGAR;;LMGT3;;TF Sport;Corvette;GF;39.868;65.263;36.404;
33;2;83;2:21.201;0;;39.839;0;1:05.385;0;35.977;0;178.6;3:24:51.198;17:25:42.361;0:39.839;1:05.385;0:35.977;259.9;Jonny EDGAR;;LMGT3;;TF Sport;Corvette;GF;39.839;65.385;35.977;
33;2;84;2:20.713;0;;39.884;0;1:04.849;0;35.980;0;179.2;3:27:11.911;17:28:03.074;0:39.884;1:04.849;0:35.980;259.9;Jonny EDGAR;;LMGT3;;TF Sport;Corvette;GF;39.884;64.849;35.980;
33;2;85;2:20.625;0;;39.952;0;1:04.597;0;36.076;0;179.3;3:29:32.536;17:30:23.699;0:39.952;1:04.597;0:36.076;261.7;Jonny EDGAR;;LMGT3;;TF Sport;Corvette;GF;39.952;64.597;36.076;
33;2;86;2:20.576;0;;39.914;0;1:04.602;0;36.060;0;179.4;3:31:53.112;17:32:44.275;0:39.914;1:04.602;0:36.060;262.4;Jonny EDGAR;;LMGT3;;TF Sport;Corvette;GF;39.914;64.602;36.060;
33;2;87;2:20.411;0;;39.816;0;1:04.684;0;35.911;0;179.6;3:34:13.523;17:35:04.686;0:39.816;1:04.684;0:35.911;264.3;Jonny EDGAR;;LMGT3;;TF Sport;Corvette;GF;39.816;64.684;35.911;
33;2;88;2:20.801;0;;39.952;0;1:04.883;0;35.966;0;179.1;3:36:34.324;17:37:25.487;0:39.952;1:04.883;0:35.966;262.4;Jonny EDGAR;;LMGT3;;TF Sport;Corvette;GF;39.952;64.883;35.966;
33;2;89;2:21.408;0;;39.975;0;1:05.213;0;36.220;0;178.3;3:38:55.732;17:39:46.895;0:39.975;1:05.213;0:36.220;257.4;Jonny EDGAR;;LMGT3;;TF Sport;Corvette;GF;39.975;65.213;36.220;
33;2;90;2:20.705;0;;39.884;0;1:04.909;0;35.912;0;179.2;3:41:16.437;17:42:07.600;0:39.884;1:04.909;0:35.912;263.6;Jonny EDGAR;;LMGT3;;TF Sport;Corvette;GF;39.884;64.909;35.912;
33;2;91;2:21.317;0;;39.785;0;1:05.016;0;36.516;0;178.4;3:43:37.754;17:44:28.917;0:39.785;1:05.016;0:36.516;261.7;Jonny EDGAR;;LMGT3;;TF Sport;Corvette;GF;39.785;65.016;36.516;
33;2;92;2:21.172;0;;39.793;0;1:05.294;0;36.085;0;178.6;3:45:58.926;17:46:50.089;0:39.793;1:05.294;0:36.085;261.7;Jonny EDGAR;;LMGT3;;TF Sport;Corvette;GF;39.793;65.294;36.085;
33;2;93;2:21.106;0;;39.850;0;1:05.371;0;35.885;0;178.7;3:48:20.032;17:49:11.195;0:39.850;1:05.371;0:35.885;264.3;Jonny EDGAR;;LMGT3;;TF Sport;Corvette;GF;39.850;65.371;35.885;
33;2;94;2:23.495;0;;39.932;0;1:05.735;0;37.828;0;175.7;3:50:43.527;17:51:34.690;0:39.932;1:05.735;0:37.828;258.0;Jonny EDGAR;;LMGT3;;TF Sport;Corvette;GF;39.932;65.735;37.828;
33;2;95;5:17.832;0;B;1:41.077;0;2:07.798;0;1:28.957;0;79.3;3:56:01.359;17:56:52.522;1:41.077;2:07.798;1:28.957;80.2;Jonny EDGAR;;LMGT3;;TF Sport;Corvette;GF;101.077;127.798;88.957;
33;3;96;6:10.334;0;;2:36.863;0;2:09.247;0;1:24.224;0;68.1;4:02:11.693;18:03:02.856;2:36.863;2:09.247;1:24.224;79.3;Nicky CATSBURG;0:01:16.093;LMGT3;;TF Sport;Corvette;SF;156.863;129.247;84.224;
33;3;97;3:08.228;0;;48.246;0;1:23.639;0;56.343;0;134.0;4:05:19.921;18:06:11.084;0:48.246;1:23.639;0:56.343;159.4;Nicky CATSBURG;;LMGT3;;TF Sport;Corvette;SF;48.246;83.639;56.343;
33;3;98;3:38.888;0;;1:11.740;0;1:45.738;0;41.410;0;115.2;4:08:58.809;18:09:49.972;1:11.740;1:45.738;0:41.410;99.3;Nicky CATSBURG;;LMGT3;;TF Sport;Corvette;SF;71.740;105.738;41.410;
33;3;99;2:31.076;0;;42.874;0;1:09.498;0;38.704;0;166.9;4:11:29.885;18:12:21.048;0:42.874;1:09.498;0:38.704;227.6;Nicky CATSBURG;;LMGT3;;TF Sport;Corvette;SF;42.874;69.498;38.704;
33;3;100;3:17.572;0;;43.163;0;1:11.026;0;1:23.383;0;127.6;4:14:47.457;18:15:38.620;0:43.163;1:11.026;1:23.383;215.9;Nicky CATSBURG;;LMGT3;;TF Sport;Corvette;SF;43.163;71.026;83.383;
33;3;101;3:01.991;0;;1:02.386;0;1:09.203;0;50.402;0;138.5;4:17:49.448;18:18:40.611;1:02.386;1:09.203;0:50.402;163.2;Nicky CATSBURG;;LMGT3;;TF Sport;Corvette;GF;62.386;69.203;50.402;
33;3;102;2:20.313;0;;39.667;0;1:04.838;0;35.808;0;179.7;4:20:09.761;18:21:00.924;0:39.667;1:04.838;0:35.808;261.1;Nicky CATSBURG;;LMGT3;;TF Sport;Corvette;GF;39.667;64.838;35.808;
33;3;103;2:19.790;0;;39.806;0;1:04.364;0;35.620;0;180.4;4:22:29.551;18:23:20.714;0:39.806;1:04.364;0:35.620;266.2;Nicky CATSBURG;;LMGT3;;TF Sport;Corvette;GF;39.806;64.364;35.620;
33;3;104;2:22.523;0;;41.125;0;1:05.727;0;35.671;0;176.9;4:24:52.074;18:25:43.237;0:41.125;1:05.727;0:35.671;261.1;Nicky CATSBURG;;LMGT3;;TF Sport;Corvette;GF;41.125;65.727;35.671;
33;3;105;2:20.603;0;;39.813;0;1:04.727;1;36.063;0;179.3;4:27:12.677;18:28:03.840;0:39.813;1:04.727;0:36.063;266.9;Nicky CATSBURG;;LMGT3;;TF Sport;Corvette;GF;39.813;64.727;36.063;
33;3;106;2:21.381;0;;40.468;0;1:05.203;0;35.710;0;178.3;4:29:34.058;18:30:25.221;0:40.468;1:05.203;0:35.710;266.9;Nicky CATSBURG;;LMGT3;;TF Sport;Corvette;GF;40.468;65.203;35.710;
33;3;107;2:20.067;0;;39.665;1;1:04.789;0;35.613;1;180.0;4:31:54.125;18:32:45.288;0:39.665;1:04.789;0:35.613;266.9;Nicky CATSBURG;;LMGT3;;TF Sport;Corvette;GF;39.665;64.789;35.613;
33;3;108;2:21.516;0;;40.692;0;1:04.928;0;35.896;0;178.2;4:34:15.641;18:35:06.804;0:40.692;1:04.928;0:35.896;265.6;Nicky CATSBURG;;LMGT3;;TF Sport;Corvette;GF;40.692;64.928;35.896;
33;3;109;2:22.346;0;;40.210;0;1:05.998;0;36.138;0;177.1;4:36:37.987;18:37:29.150;0:40.210;1:05.998;0:36.138;260.5;Nicky CATSBURG;;LMGT3;;TF Sport;Corvette;GF;40.210;65.998;36.138;
33;3;110;2:21.447;0;;39.798;0;1:05.771;0;35.878;0;178.3;4:38:59.434;18:39:50.597;0:39.798;1:05.771;0:35.878;269.6;Nicky CATSBURG;;LMGT3;;TF Sport;Corvette;GF;39.798;65.771;35.878;
33;3;111;2:21.202;0;;39.872;0;1:05.405;0;35.925;0;178.6;4:41:20.636;18:42:11.799;0:39.872;1:05.405;0:35.925;266.9;Nicky CATSBURG;;LMGT3;;TF Sport;Corvette;GF;39.872;65.405;35.925;
33;3;112;2:21.019;0;;39.769;0;1:05.188;0;36.062;0;178.8;4:43:41.655;18:44:32.818;0:39.769;1:05.188;0:36.062;268.2;Nicky CATSBURG;;LMGT3;;TF Sport;Corvette;GF;39.769;65.188;36.062;
33;3;113;2:20.975;0;;39.779;0;1:05.336;0;35.860;0;178.9;4:46:02.630;18:46:53.793;0:39.779;1:05.336;0:35.860;268.2;Nicky CATSBURG;;LMGT3;;TF Sport;Corvette;GF;39.779;65.336;35.860;
33;3;114;2:20.757;0;;39.741;0;1:05.199;0;35.817;0;179.1;4:48:23.387;18:49:14.550;0:39.741;1:05.199;0:35.817;268.2;Nicky CATSBURG;;LMGT3;;TF Sport;Corvette;GF;39.741;65.199;35.817;
33;3;115;2:20.765;0;;39.753;0;1:05.180;0;35.832;0;179.1;4:50:44.152;18:51:35.315;0:39.753;1:05.180;0:35.832;267.6;Nicky CATSBURG;;LMGT3;;TF Sport;Corvette;GF;39.753;65.180;35.832;
33;3;116;2:21.017;0;;39.910;0;1:05.271;0;35.836;0;178.8;4:53:05.169;18:53:56.332;0:39.910;1:05.271;0:35.836;268.9;Nicky CATSBURG;;LMGT3;;TF Sport;Corvette;GF;39.910;65.271;35.836;
33;3;117;2:21.145;0;;39.767;0;1:05.159;0;36.219;0;178.6;4:55:26.314;18:56:17.477;0:39.767;1:05.159;0:36.219;268.9;Nicky CATSBURG;;LMGT3;;TF Sport;Corvette;GF;39.767;65.159;36.219;
33;3;118;2:21.489;0;;39.724;0;1:05.829;0;35.936;0;178.2;4:57:47.803;18:58:38.966;0:39.724;1:05.829;0:35.936;269.6;Nicky CATSBURG;;LMGT3;;TF Sport;Corvette;GF;39.724;65.829;35.936;
33;3;119;2:24.183;0;;40.153;0;1:06.756;0;37.274;0;174.9;5:00:11.986;19:01:03.149;0:40.153;1:06.756;0:37.274;268.2;Nicky CATSBURG;;LMGT3;;TF Sport;Corvette;GF;40.153;66.756;37.274;
33;3;120;3:56.944;0;;40.634;0;1:51.692;0;1:24.618;0;106.4;5:04:08.930;19:05:00.093;0:40.634;1:51.692;1:24.618;268.9;Nicky CATSBURG;;LMGT3;;TF Sport;Corvette;GF;40.634;111.692;84.618;
33;3;121;5:19.797;0;B;1:41.320;0;2:08.380;0;1:30.097;0;78.8;5:09:28.727;19:10:19.890;1:41.320;2:08.380;1:30.097;80.2;Nicky CATSBURG;;LMGT3;;TF Sport;Corvette;GF;101.320;128.380;90.097;
33;2;122;4:58.937;0;;2:34.138;0;1:40.645;0;44.154;0;84.3;5:14:27.664;19:15:18.827;2:34.138;1:40.645;0:44.154;79.3;Jonny EDGAR;0:01:12.570;LMGT3;;TF Sport;Corvette;SF;154.138;100.645;44.154;
33;2;123;4:17.781;0;;1:01.411;0;1:59.122;0;1:17.248;0;97.8;5:18:45.445;19:19:36.608;1:01.411;1:59.122;1:17.248;84.7;Jonny EDGAR;;LMGT3;;TF Sport;Corvette;SF;61.411;119.122;77.248;
33;2;124;4:01.709;0;;1:32.261;0;1:30.621;0;58.827;0;104.3;5:22:47.154;19:23:38.317;1:32.261;1:30.621;0:58.827;69.2;Jonny EDGAR;;LMGT3;;TF Sport;Corvette;SF;92.261;90.621;58.827;
33;2;125;2:57.492;0;;50.085;0;1:18.127;0;49.280;0;142.1;5:25:44.646;19:26:35.809;0:50.085;1:18.127;0:49.280;169.8;Jonny EDGAR;;LMGT3;;TF Sport;Corvette;GF;50.085;78.127;49.280;
33;2;126;2:38.329;0;;40.945;0;1:15.766;0;41.618;0;159.3;5:28:22.975;19:29:14.138;0:40.945;1:15.766;0:41.618;177.9;Jonny EDGAR;;LMGT3;;TF Sport;Corvette;SF;40.945;75.766;41.618;
33;2;127;4:15.370;0;;1:18.060;0;1:43.830;0;1:13.480;0;98.7;5:32:38.345;19:33:29.508;1:18.060;1:43.830;1:13.480;57.3;Jonny EDGAR;;LMGT3;;TF Sport;Corvette;SF;78.060;103.830;73.480;
33;2;128;3:39.732;0;;1:33.489;0;1:19.027;0;47.216;0;114.7;5:36:18.077;19:37:09.240;1:33.489;1:19.027;0:47.216;79.2;Jonny EDGAR;;LMGT3;;TF Sport;Corvette;GF;93.489;79.027;47.216;
33;2;129;2:22.360;0;;41.658;0;1:05.168;0;35.534;0;177.1;5:38:40.437;19:39:31.600;0:41.658;1:05.168;0:35.534;259.9;Jonny EDGAR;;LMGT3;;TF Sport;Corvette;GF;41.658;65.168;35.534;
33;2;130;2:19.342;0;;39.442;0;1:04.357;0;35.543;0;181.0;5:40:59.779;19:41:50.942;0:39.442;1:04.357;0:35.543;268.9;Jonny EDGAR;;LMGT3;;TF Sport;Corvette;GF;39.442;64.357;35.543;
33;2;131;2:19.288;2;;39.543;0;1:04.166;2;35.579;0;181.0;5:43:19.067;19:44:10.230;0:39.543;1:04.166;0:35.579;267.6;Jonny EDGAR;;LMGT3;;TF Sport;Corvette;GF;39.543;64.166;35.579;
33;2;132;2:20.090;0;;39.529;0;1:04.851;0;35.710;0;180.0;5:45:39.157;19:46:30.320;0:39.529;1:04.851;0:35.710;268.2;Jonny EDGAR;;LMGT3;;TF Sport;Corvette;GF;39.529;64.851;35.710;
33;2;133;2:19.855;0;;39.424;0;1:04.912;0;35.519;2;180.3;5:47:59.012;19:48:50.175;0:39.424;1:04.912;0:35.519;266.9;Jonny EDGAR;;LMGT3;;TF Sport;Corvette;GF;39.424;64.912;35.519;
33;2;134;2:19.646;0;;39.459;0;1:04.618;0;35.569;0;180.6;5:50:18.658;19:51:09.821;0:39.459;1:04.618;0:35.569;269.6;Jonny EDGAR;;LMGT3;;TF Sport;Corvette;GF;39.459;64.618;35.569;
33;2;135;2:19.900;0;;39.472;0;1:04.764;0;35.664;0;180.2;5:52:38.558;19:53:29.721;0:39.472;1:04.764;0:35.664;269.6;Jonny EDGAR;;LMGT3;;TF Sport;Corvette;GF;39.472;64.764;35.664;
33;2;136;2:20.247;0;;39.405;2;1:05.179;0;35.663;0;179.8;5:54:58.805;19:55:49.968;0:39.405;1:05.179;0:35.663;268.9;Jonny EDGAR;;LMGT3;;TF Sport;Corvette;GF;39.405;65.179;35.663;
33;2;137;2:20.470;0;;39.757;0;1:04.850;0;35.863;0;179.5;5:57:19.275;19:58:10.438;0:39.757;1:04.850;0:35.863;269.6;Jonny EDGAR;;LMGT3;;TF Sport;Corvette;GF;39.757;64.850;35.863;
33;2;138;2:20.715;0;;39.531;0;1:04.850;0;36.334;0;179.2;5:59:39.990;20:00:31.153;0:39.531;1:04.850;0:36.334;268.9;Jonny EDGAR;;LMGT3;;TF Sport;Corvette;GF;39.531;64.850;36.334;
33;2;139;2:20.446;0;;39.779;0;1:04.971;0;35.696;0;179.5;6:02:00.436;20:02:51.599;0:39.779;1:04.971;0:35.696;268.9;Jonny EDGAR;;LMGT3;;TF Sport;Corvette;FF;39.779;64.971;35.696;
34;2;1;2:29.466;0;;47.357;0;1:06.329;0;35.780;1;165.8;2:29.466;14:03:20.629;0:47.357;1:06.329;0:35.780;263.6;Salih YOLUÇ;;LMGT3;;Racing Team Turkey by TF;Corvette;GF;47.357;66.329;35.780;
34;2;2;2:20.711;0;;39.829;0;1:04.870;1;36.012;0;179.2;4:50.177;14:05:41.340;0:39.829;1:04.870;0:36.012;267.6;Salih YOLUÇ;;LMGT3;;Racing Team Turkey by TF;Corvette;GF;39.829;64.870;36.012;
34;2;3;2:21.437;0;;40.036;0;1:05.382;0;36.019;0;178.3;7:11.614;14:08:02.777;0:40.036;1:05.382;0:36.019;268.2;Salih YOLUÇ;;LMGT3;;Racing Team Turkey by TF;Corvette;GF;40.036;65.382;36.019;
34;2;4;2:21.306;0;;39.972;0;1:05.341;0;35.993;0;178.4;9:32.920;14:10:24.083;0:39.972;1:05.341;0:35.993;268.2;Salih YOLUÇ;;LMGT3;;Racing Team Turkey by TF;Corvette;GF;39.972;65.341;35.993;
34;2;5;2:21.721;0;;39.948;0;1:05.589;0;36.184;0;177.9;11:54.641;14:12:45.804;0:39.948;1:05.589;0:36.184;269.6;Salih YOLUÇ;;LMGT3;;Racing Team Turkey by TF;Corvette;GF;39.948;65.589;36.184;
34;2;6;2:23.456;0;;39.804;1;1:05.698;0;37.954;0;175.8;14:18.097;14:15:09.260;0:39.804;1:05.698;0:37.954;266.9;Salih YOLUÇ;;LMGT3;;Racing Team Turkey by TF;Corvette;SF;39.804;65.698;37.954;
34;2;7;3:03.226;0;;58.182;0;1:12.760;0;52.284;0;137.6;17:21.323;14:18:12.486;0:58.182;1:12.760;0:52.284;177.6;Salih YOLUÇ;;LMGT3;;Racing Team Turkey by TF;Corvette;SF;58.182;72.760;52.284;
34;2;8;2:44.997;0;;42.510;0;1:10.307;0;52.180;0;152.8;20:06.320;14:20:57.483;0:42.510;1:10.307;0:52.180;235.1;Salih YOLUÇ;;LMGT3;;Racing Team Turkey by TF;Corvette;SF;42.510;70.307;52.180;
34;2;9;3:11.156;0;;1:06.634;0;1:19.612;0;44.910;0;131.9;23:17.476;14:24:08.639;1:06.634;1:19.612;0:44.910;133.9;Salih YOLUÇ;;LMGT3;;Racing Team Turkey by TF;Corvette;SF;66.634;79.612;44.910;
34;2;10;2:49.884;0;;48.700;0;1:13.887;0;47.297;0;148.4;26:07.360;14:26:58.523;0:48.700;1:13.887;0:47.297;212.1;Salih YOLUÇ;;LMGT3;;Racing Team Turkey by TF;Corvette;GF;48.700;73.887;47.297;
34;2;11;2:23.785;0;;40.581;0;1:06.445;0;36.759;0;175.4;28:31.145;14:29:22.308;0:40.581;1:06.445;0:36.759;262.4;Salih YOLUÇ;;LMGT3;;Racing Team Turkey by TF;Corvette;GF;40.581;66.445;36.759;
34;2;12;2:22.721;0;;40.253;0;1:06.259;0;36.209;0;176.7;30:53.866;14:31:45.029;0:40.253;1:06.259;0:36.209;268.2;Salih YOLUÇ;;LMGT3;;Racing Team Turkey by TF;Corvette;GF;40.253;66.259;36.209;
34;2;13;2:24.827;0;;40.456;0;1:07.153;0;37.218;0;174.1;33:18.693;14:34:09.856;0:40.456;1:07.153;0:37.218;265.6;Salih YOLUÇ;;LMGT3;;Racing Team Turkey by TF;Corvette;GF;40.456;67.153;37.218;
34;2;14;2:25.128;0;;40.738;0;1:07.896;0;36.494;0;173.7;35:43.821;14:36:34.984;0:40.738;1:07.896;0:36.494;261.1;Salih YOLUÇ;;LMGT3;;Racing Team Turkey by TF;Corvette;GF;40.738;67.896;36.494;
34;2;15;2:22.668;0;;40.514;0;1:05.848;0;36.306;0;176.7;38:06.489;14:38:57.652;0:40.514;1:05.848;0:36.306;265.6;Salih YOLUÇ;;LMGT3;;Racing Team Turkey by TF;Corvette;GF;40.514;65.848;36.306;
34;2;16;2:23.189;0;;40.407;0;1:06.280;0;36.502;0;176.1;40:29.678;14:41:20.841;0:40.407;1:06.280;0:36.502;262.4;Salih YOLUÇ;;LMGT3;;Racing Team Turkey by TF;Corvette;GF;40.407;66.280;36.502;
34;2;17;2:24.623;0;;40.334;0;1:07.059;0;37.230;0;174.3;42:54.301;14:43:45.464;0:40.334;1:07.059;0:37.230;263.0;Salih YOLUÇ;;LMGT3;;Racing Team Turkey by TF;Corvette;GF;40.334;67.059;37.230;
34;2;18;2:25.383;0;;40.835;0;1:07.717;0;36.831;0;173.4;45:19.684;14:46:10.847;0:40.835;1:07.717;0:36.831;264.3;Salih YOLUÇ;;LMGT3;;Racing Team Turkey by TF;Corvette;GF;40.835;67.717;36.831;
34;2;19;2:23.599;0;;40.419;0;1:06.720;0;36.460;0;175.6;47:43.283;14:48:34.446;0:40.419;1:06.720;0:36.460;260.5;Salih YOLUÇ;;LMGT3;;Racing Team Turkey by TF;Corvette;GF;40.419;66.720;36.460;
34;2;20;2:23.495;0;;40.367;0;1:06.582;0;36.546;0;175.7;50:06.778;14:50:57.941;0:40.367;1:06.582;0:36.546;260.5;Salih YOLUÇ;;LMGT3;;Racing Team Turkey by TF;Corvette;GF;40.367;66.582;36.546;
34;2;21;2:22.861;0;;40.301;0;1:06.250;0;36.310;0;176.5;52:29.639;14:53:20.802;0:40.301;1:06.250;0:36.310;262.4;Salih YOLUÇ;;LMGT3;;Racing Team Turkey by TF;Corvette;GF;40.301;66.250;36.310;
34;2;22;2:22.858;0;;40.252;0;1:06.183;0;36.423;0;176.5;54:52.497;14:55:43.660;0:40.252;1:06.183;0:36.423;263.0;Salih YOLUÇ;;LMGT3;;Racing Team Turkey by TF;Corvette;GF;40.252;66.183;36.423;
34;2;23;2:29.405;0;B;40.448;0;1:06.628;0;42.329;0;168.8;57:21.902;14:58:13.065;0:40.448;1:06.628;0:42.329;263.0;Salih YOLUÇ;;LMGT3;;Racing Team Turkey by TF;Corvette;GF;40.448;66.628;42.329;
34;2;24;3:33.166;0;;1:48.286;0;1:07.657;0;37.223;0;118.3;1:00:55.068;15:01:46.231;1:48.286;1:07.657;0:37.223;242.4;Salih YOLUÇ;0:01:16.652;LMGT3;;Racing Team Turkey by TF;Corvette;GF;108.286;67.657;37.223;
34;2;25;2:26.908;0;;41.751;0;1:08.065;0;37.092;0;171.6;1:03:21.976;15:04:13.139;0:41.751;1:08.065;0:37.092;253.2;Salih YOLUÇ;;LMGT3;;Racing Team Turkey by TF;Corvette;GF;41.751;68.065;37.092;
34;2;26;2:24.609;0;;41.534;0;1:06.522;0;36.553;0;174.4;1:05:46.585;15:06:37.748;0:41.534;1:06.522;0:36.553;252.6;Salih YOLUÇ;;LMGT3;;Racing Team Turkey by TF;Corvette;GF;41.534;66.522;36.553;
34;2;27;2:21.951;0;;40.408;0;1:05.428;0;36.115;0;177.6;1:08:08.536;15:08:59.699;0:40.408;1:05.428;0:36.115;261.1;Salih YOLUÇ;;LMGT3;;Racing Team Turkey by TF;Corvette;GF;40.408;65.428;36.115;
34;2;28;2:21.392;0;;40.261;0;1:05.148;0;35.983;0;178.3;1:10:29.928;15:11:21.091;0:40.261;1:05.148;0:35.983;263.6;Salih YOLUÇ;;LMGT3;;Racing Team Turkey by TF;Corvette;GF;40.261;65.148;35.983;
34;2;29;2:21.908;0;;40.115;0;1:05.669;0;36.124;0;177.7;1:12:51.836;15:13:42.999;0:40.115;1:05.669;0:36.124;264.3;Salih YOLUÇ;;LMGT3;;Racing Team Turkey by TF;Corvette;GF;40.115;65.669;36.124;
34;2;30;2:21.856;0;;40.257;0;1:05.197;0;36.402;0;177.7;1:15:13.692;15:16:04.855;0:40.257;1:05.197;0:36.402;261.7;Salih YOLUÇ;;LMGT3;;Racing Team Turkey by TF;Corvette;GF;40.257;65.197;36.402;
34;2;31;2:21.303;0;;40.232;0;1:04.883;0;36.188;0;178.4;1:17:34.995;15:18:26.158;0:40.232;1:04.883;0:36.188;264.3;Salih YOLUÇ;;LMGT3;;Racing Team Turkey by TF;Corvette;GF;40.232;64.883;36.188;
34;2;32;2:22.464;0;;40.432;0;1:05.453;0;36.579;0;177.0;1:19:57.459;15:20:48.622;0:40.432;1:05.453;0:36.579;263.6;Salih YOLUÇ;;LMGT3;;Racing Team Turkey by TF;Corvette;GF;40.432;65.453;36.579;
34;2;33;2:22.232;0;;40.282;0;1:05.368;0;36.582;0;177.3;1:22:19.691;15:23:10.854;0:40.282;1:05.368;0:36.582;263.6;Salih YOLUÇ;;LMGT3;;Racing Team Turkey by TF;Corvette;GF;40.282;65.368;36.582;
34;2;34;2:21.509;0;;40.046;0;1:05.234;0;36.229;0;178.2;1:24:41.200;15:25:32.363;0:40.046;1:05.234;0:36.229;263.6;Salih YOLUÇ;;LMGT3;;Racing Team Turkey by TF;Corvette;GF;40.046;65.234;36.229;
34;2;35;2:21.991;0;;40.211;0;1:05.695;0;36.085;0;177.6;1:27:03.191;15:27:54.354;0:40.211;1:05.695;0:36.085;264.3;Salih YOLUÇ;;LMGT3;;Racing Team Turkey by TF;Corvette;GF;40.211;65.695;36.085;
34;2;36;2:22.620;0;;40.459;0;1:05.724;0;36.437;0;176.8;1:29:25.811;15:30:16.974;0:40.459;1:05.724;0:36.437;262.4;Salih YOLUÇ;;LMGT3;;Racing Team Turkey by TF;Corvette;GF;40.459;65.724;36.437;
34;2;37;2:22.577;0;;40.341;0;1:05.872;0;36.364;0;176.8;1:31:48.388;15:32:39.551;0:40.341;1:05.872;0:36.364;262.4;Salih YOLUÇ;;LMGT3;;Racing Team Turkey by TF;Corvette;GF;40.341;65.872;36.364;
34;2;38;2:21.540;0;;40.311;0;1:05.173;0;36.056;0;178.1;1:34:09.928;15:35:01.091;0:40.311;1:05.173;0:36.056;263.0;Salih YOLUÇ;;LMGT3;;Racing Team Turkey by TF;Corvette;GF;40.311;65.173;36.056;
34;2;39;2:21.221;0;;40.188;0;1:05.153;0;35.880;0;178.5;1:36:31.149;15:37:22.312;0:40.188;1:05.153;0:35.880;263.0;Salih YOLUÇ;;LMGT3;;Racing Team Turkey by TF;Corvette;GF;40.188;65.153;35.880;
34;2;40;2:21.862;0;;40.268;0;1:05.354;0;36.240;0;177.7;1:38:53.011;15:39:44.174;0:40.268;1:05.354;0:36.240;263.0;Salih YOLUÇ;;LMGT3;;Racing Team Turkey by TF;Corvette;GF;40.268;65.354;36.240;
34;2;41;2:22.811;0;;40.224;0;1:05.714;0;36.873;0;176.6;1:41:15.822;15:42:06.985;0:40.224;1:05.714;0:36.873;264.3;Salih YOLUÇ;;LMGT3;;Racing Team Turkey by TF;Corvette;GF;40.224;65.714;36.873;
34;2;42;2:21.627;0;;40.180;0;1:05.400;0;36.047;0;178.0;1:43:37.449;15:44:28.612;0:40.180;1:05.400;0:36.047;264.9;Salih YOLUÇ;;LMGT3;;Racing Team Turkey by TF;Corvette;GF;40.180;65.400;36.047;
34;2;43;2:22.314;0;;40.308;0;1:05.855;0;36.151;0;177.2;1:45:59.763;15:46:50.926;0:40.308;1:05.855;0:36.151;258.6;Salih YOLUÇ;;LMGT3;;Racing Team Turkey by TF;Corvette;GF;40.308;65.855;36.151;
34;2;44;2:23.152;0;;40.617;0;1:06.424;0;36.111;0;176.1;1:48:22.915;15:49:14.078;0:40.617;1:06.424;0:36.111;262.4;Salih YOLUÇ;;LMGT3;;Racing Team Turkey by TF;Corvette;GF;40.617;66.424;36.111;
34;2;45;2:23.291;0;;40.548;0;1:05.885;0;36.858;0;176.0;1:50:46.206;15:51:37.369;0:40.548;1:05.885;0:36.858;262.4;Salih YOLUÇ;;LMGT3;;Racing Team Turkey by TF;Corvette;GF;40.548;65.885;36.858;
34;2;46;2:30.937;0;B;40.539;0;1:06.672;0;43.726;0;167.1;1:53:17.143;15:54:08.306;0:40.539;1:06.672;0:43.726;262.4;Salih YOLUÇ;;LMGT3;;Racing Team Turkey by TF;Corvette;GF;40.539;66.672;43.726;
34;1;47;3:33.594;0;;1:49.098;0;1:08.061;0;36.435;0;118.0;1:56:50.737;15:57:41.900;1:49.098;1:08.061;0:36.435;251.4;Peter DEMPSEY;0:01:18.035;LMGT3;;Racing Team Turkey by TF;Corvette;GF;109.098;68.061;36.435;
34;1;48;2:22.824;0;;40.680;0;1:05.948;0;36.196;0;176.5;1:59:13.561;16:00:04.724;0:40.680;1:05.948;0:36.196;259.9;Peter DEMPSEY;;LMGT3;;Racing Team Turkey by TF;Corvette;GF;40.680;65.948;36.196;
34;1;49;2:23.600;0;;40.477;0;1:06.576;0;36.547;0;175.6;2:01:37.161;16:02:28.324;0:40.477;1:06.576;0:36.547;261.1;Peter DEMPSEY;;LMGT3;;Racing Team Turkey by TF;Corvette;GF;40.477;66.576;36.547;
34;1;50;2:21.417;0;;40.451;0;1:05.034;0;35.932;0;178.3;2:03:58.578;16:04:49.741;0:40.451;1:05.034;0:35.932;263.6;Peter DEMPSEY;;LMGT3;;Racing Team Turkey by TF;Corvette;GF;40.451;65.034;35.932;
34;1;51;2:22.672;0;;40.193;0;1:06.694;0;35.785;0;176.7;2:06:21.250;16:07:12.413;0:40.193;1:06.694;0:35.785;262.4;Peter DEMPSEY;;LMGT3;;Racing Team Turkey by TF;Corvette;GF;40.193;66.694;35.785;
34;1;52;2:20.062;0;;39.761;0;1:04.489;1;35.812;0;180.0;2:08:41.312;16:09:32.475;0:39.761;1:04.489;0:35.812;263.6;Peter DEMPSEY;;LMGT3;;Racing Team Turkey by TF;Corvette;GF;39.761;64.489;35.812;
34;1;53;2:20.344;0;;39.779;0;1:04.571;0;35.994;0;179.7;2:11:01.656;16:11:52.819;0:39.779;1:04.571;0:35.994;262.4;Peter DEMPSEY;;LMGT3;;Racing Team Turkey by TF;Corvette;GF;39.779;64.571;35.994;
34;1;54;2:20.977;0;;39.851;0;1:04.890;0;36.236;0;178.9;2:13:22.633;16:14:13.796;0:39.851;1:04.890;0:36.236;264.9;Peter DEMPSEY;;LMGT3;;Racing Team Turkey by TF;Corvette;GF;39.851;64.890;36.236;
34;1;55;2:23.341;0;;40.988;0;1:06.193;0;36.160;0;175.9;2:15:45.974;16:16:37.137;0:40.988;1:06.193;0:36.160;263.0;Peter DEMPSEY;;LMGT3;;Racing Team Turkey by TF;Corvette;GF;40.988;66.193;36.160;
34;1;56;2:21.150;0;;40.174;0;1:04.998;0;35.978;0;178.6;2:18:07.124;16:18:58.287;0:40.174;1:04.998;0:35.978;264.9;Peter DEMPSEY;;LMGT3;;Racing Team Turkey by TF;Corvette;GF;40.174;64.998;35.978;
34;1;57;2:21.563;0;;39.738;0;1:05.544;0;36.281;0;178.1;2:20:28.687;16:21:19.850;0:39.738;1:05.544;0:36.281;268.2;Peter DEMPSEY;;LMGT3;;Racing Team Turkey by TF;Corvette;GF;39.738;65.544;36.281;
34;1;58;2:23.355;0;;40.184;0;1:06.948;0;36.223;0;175.9;2:22:52.042;16:23:43.205;0:40.184;1:06.948;0:36.223;266.9;Peter DEMPSEY;;LMGT3;;Racing Team Turkey by TF;Corvette;GF;40.184;66.948;36.223;
34;1;59;2:20.972;0;;39.858;0;1:05.178;0;35.936;0;178.9;2:25:13.014;16:26:04.177;0:39.858;1:05.178;0:35.936;267.6;Peter DEMPSEY;;LMGT3;;Racing Team Turkey by TF;Corvette;GF;39.858;65.178;35.936;
34;1;60;2:21.345;0;;40.049;0;1:05.351;0;35.945;0;178.4;2:27:34.359;16:28:25.522;0:40.049;1:05.351;0:35.945;264.3;Peter DEMPSEY;;LMGT3;;Racing Team Turkey by TF;Corvette;GF;40.049;65.351;35.945;
34;1;61;2:21.002;0;;39.779;0;1:05.378;0;35.845;0;178.8;2:29:55.361;16:30:46.524;0:39.779;1:05.378;0:35.845;266.2;Peter DEMPSEY;;LMGT3;;Racing Team Turkey by TF;Corvette;GF;39.779;65.378;35.845;
34;1;62;2:21.500;0;;40.007;0;1:05.475;0;36.018;0;178.2;2:32:16.861;16:33:08.024;0:40.007;1:05.475;0:36.018;267.6;Peter DEMPSEY;;LMGT3;;Racing Team Turkey by TF;Corvette;GF;40.007;65.475;36.018;
34;1;63;2:21.571;0;;39.876;0;1:05.568;0;36.127;0;178.1;2:34:38.432;16:35:29.595;0:39.876;1:05.568;0:36.127;268.2;Peter DEMPSEY;;LMGT3;;Racing Team Turkey by TF;Corvette;GF;39.876;65.568;36.127;
34;1;64;2:21.745;0;;39.752;0;1:05.779;0;36.214;0;177.9;2:37:00.177;16:37:51.340;0:39.752;1:05.779;0:36.214;258.6;Peter DEMPSEY;;LMGT3;;Racing Team Turkey by TF;Corvette;GF;39.752;65.779;36.214;
34;1;65;2:22.556;0;;39.957;0;1:06.035;0;36.564;0;176.9;2:39:22.733;16:40:13.896;0:39.957;1:06.035;0:36.564;259.9;Peter DEMPSEY;;LMGT3;;Racing Team Turkey by TF;Corvette;GF;39.957;66.035;36.564;
34;1;66;2:25.857;0;;42.019;0;1:07.326;0;36.512;0;172.9;2:41:48.590;16:42:39.753;0:42.019;1:07.326;0:36.512;254.4;Peter DEMPSEY;;LMGT3;;Racing Team Turkey by TF;Corvette;GF;42.019;67.326;36.512;
34;1;67;2:23.079;0;;40.190;0;1:06.109;0;36.780;0;176.2;2:44:11.669;16:45:02.832;0:40.190;1:06.109;0:36.780;265.6;Peter DEMPSEY;;LMGT3;;Racing Team Turkey by TF;Corvette;GF;40.190;66.109;36.780;
34;1;68;3:33.532;0;;42.572;0;2:07.576;0;43.384;0;118.1;2:47:45.201;16:48:36.364;0:42.572;2:07.576;0:43.384;152.4;Peter DEMPSEY;;LMGT3;;Racing Team Turkey by TF;Corvette;GF;42.572;127.576;43.384;
34;1;69;2:21.812;0;;39.970;0;1:05.500;0;36.342;0;177.8;2:50:07.013;16:50:58.176;0:39.970;1:05.500;0:36.342;264.3;Peter DEMPSEY;;LMGT3;;Racing Team Turkey by TF;Corvette;GF;39.970;65.500;36.342;
34;1;70;2:21.427;0;;39.809;0;1:05.525;0;36.093;0;178.3;2:52:28.440;16:53:19.603;0:39.809;1:05.525;0:36.093;266.2;Peter DEMPSEY;;LMGT3;;Racing Team Turkey by TF;Corvette;GF;39.809;65.525;36.093;
34;1;71;2:24.116;0;;39.981;0;1:07.806;0;36.329;0;175.0;2:54:52.556;16:55:43.719;0:39.981;1:07.806;0:36.329;265.6;Peter DEMPSEY;;LMGT3;;Racing Team Turkey by TF;Corvette;GF;39.981;67.806;36.329;
34;1;72;2:21.921;0;;39.921;0;1:06.011;0;35.989;0;177.7;2:57:14.477;16:58:05.640;0:39.921;1:06.011;0:35.989;269.6;Peter DEMPSEY;;LMGT3;;Racing Team Turkey by TF;Corvette;GF;39.921;66.011;35.989;
34;1;73;2:27.511;0;B;39.799;0;1:05.519;0;42.193;0;170.9;2:59:41.988;17:00:33.151;0:39.799;1:05.519;0:42.193;267.6;Peter DEMPSEY;;LMGT3;;Racing Team Turkey by TF;Corvette;GF;39.799;65.519;42.193;
34;1;74;3:39.594;0;;1:54.313;0;1:08.641;0;36.640;0;114.8;3:03:21.582;17:04:12.745;1:54.313;1:08.641;0:36.640;256.2;Peter DEMPSEY;0:01:23.602;LMGT3;;Racing Team Turkey by TF;Corvette;GF;114.313;68.641;36.640;
34;1;75;2:21.925;0;;40.131;0;1:05.711;0;36.083;0;177.7;3:05:43.507;17:06:34.670;0:40.131;1:05.711;0:36.083;262.4;Peter DEMPSEY;;LMGT3;;Racing Team Turkey by TF;Corvette;GF;40.131;65.711;36.083;
34;1;76;2:20.634;0;;39.787;0;1:04.979;0;35.868;0;179.3;3:08:04.141;17:08:55.304;0:39.787;1:04.979;0:35.868;262.4;Peter DEMPSEY;;LMGT3;;Racing Team Turkey by TF;Corvette;GF;39.787;64.979;35.868;
34;1;77;2:19.861;0;;39.685;1;1:04.581;0;35.595;0;180.3;3:10:24.002;17:11:15.165;0:39.685;1:04.581;0:35.595;263.6;Peter DEMPSEY;;LMGT3;;Racing Team Turkey by TF;Corvette;GF;39.685;64.581;35.595;
34;1;78;2:20.433;0;;40.108;0;1:04.732;0;35.593;0;179.5;3:12:44.435;17:13:35.598;0:40.108;1:04.732;0:35.593;263.6;Peter DEMPSEY;;LMGT3;;Racing Team Turkey by TF;Corvette;GF;40.108;64.732;35.593;
34;1;79;2:19.805;0;;39.732;0;1:04.619;0;35.454;1;180.4;3:15:04.240;17:15:55.403;0:39.732;1:04.619;0:35.454;264.9;Peter DEMPSEY;;LMGT3;;Racing Team Turkey by TF;Corvette;GF;39.732;64.619;35.454;
34;1;80;2:20.758;0;;39.823;0;1:04.998;0;35.937;0;179.1;3:17:24.998;17:18:16.161;0:39.823;1:04.998;0:35.937;265.6;Peter DEMPSEY;;LMGT3;;Racing Team Turkey by TF;Corvette;GF;39.823;64.998;35.937;
34;1;81;2:20.518;0;;39.737;0;1:04.679;0;36.102;0;179.4;3:19:45.516;17:20:36.679;0:39.737;1:04.679;0:36.102;264.9;Peter DEMPSEY;;LMGT3;;Racing Team Turkey by TF;Corvette;GF;39.737;64.679;36.102;
34;1;82;2:20.408;0;;39.756;0;1:04.640;0;36.012;0;179.6;3:22:05.924;17:22:57.087;0:39.756;1:04.640;0:36.012;267.6;Peter DEMPSEY;;LMGT3;;Racing Team Turkey by TF;Corvette;GF;39.756;64.640;36.012;
34;1;83;2:20.913;0;;39.790;0;1:05.146;0;35.977;0;178.9;3:24:26.837;17:25:18.000;0:39.790;1:05.146;0:35.977;267.6;Peter DEMPSEY;;LMGT3;;Racing Team Turkey by TF;Corvette;GF;39.790;65.146;35.977;
34;1;84;2:22.214;0;;39.929;0;1:06.367;0;35.918;0;177.3;3:26:49.051;17:27:40.214;0:39.929;1:06.367;0:35.918;266.9;Peter DEMPSEY;;LMGT3;;Racing Team Turkey by TF;Corvette;GF;39.929;66.367;35.918;
34;1;85;2:21.555;0;;40.061;0;1:05.490;0;36.004;0;178.1;3:29:10.606;17:30:01.769;0:40.061;1:05.490;0:36.004;266.2;Peter DEMPSEY;;LMGT3;;Racing Team Turkey by TF;Corvette;GF;40.061;65.490;36.004;
34;1;86;2:21.656;0;;39.845;0;1:05.743;0;36.068;0;178.0;3:31:32.262;17:32:23.425;0:39.845;1:05.743;0:36.068;266.9;Peter DEMPSEY;;LMGT3;;Racing Team Turkey by TF;Corvette;GF;39.845;65.743;36.068;
34;1;87;2:21.314;0;;39.940;0;1:05.508;0;35.866;0;178.4;3:33:53.576;17:34:44.739;0:39.940;1:05.508;0:35.866;264.9;Peter DEMPSEY;;LMGT3;;Racing Team Turkey by TF;Corvette;GF;39.940;65.508;35.866;
34;1;88;2:22.188;0;;39.827;0;1:06.229;0;36.132;0;177.3;3:36:15.764;17:37:06.927;0:39.827;1:06.229;0:36.132;264.9;Peter DEMPSEY;;LMGT3;;Racing Team Turkey by TF;Corvette;GF;39.827;66.229;36.132;
34;1;89;2:20.732;0;;39.857;0;1:05.036;0;35.839;0;179.2;3:38:36.496;17:39:27.659;0:39.857;1:05.036;0:35.839;264.9;Peter DEMPSEY;;LMGT3;;Racing Team Turkey by TF;Corvette;GF;39.857;65.036;35.839;
34;1;90;2:21.473;0;;39.943;0;1:05.472;0;36.058;0;178.2;3:40:57.969;17:41:49.132;0:39.943;1:05.472;0:36.058;266.2;Peter DEMPSEY;;LMGT3;;Racing Team Turkey by TF;Corvette;GF;39.943;65.472;36.058;
34;1;91;2:21.804;0;;39.771;0;1:05.871;0;36.162;0;177.8;3:43:19.773;17:44:10.936;0:39.771;1:05.871;0:36.162;266.2;Peter DEMPSEY;;LMGT3;;Racing Team Turkey by TF;Corvette;GF;39.771;65.871;36.162;
34;1;92;2:21.164;0;;39.760;0;1:05.443;0;35.961;0;178.6;3:45:40.937;17:46:32.100;0:39.760;1:05.443;0:35.961;266.9;Peter DEMPSEY;;LMGT3;;Racing Team Turkey by TF;Corvette;GF;39.760;65.443;35.961;
34;1;93;2:21.425;0;;39.783;0;1:05.658;0;35.984;0;178.3;3:48:02.362;17:48:53.525;0:39.783;1:05.658;0:35.984;265.6;Peter DEMPSEY;;LMGT3;;Racing Team Turkey by TF;Corvette;GF;39.783;65.658;35.984;
34;1;94;2:22.216;0;;39.815;0;1:06.031;0;36.370;0;177.3;3:50:24.578;17:51:15.741;0:39.815;1:06.031;0:36.370;264.9;Peter DEMPSEY;;LMGT3;;Racing Team Turkey by TF;Corvette;GF;39.815;66.031;36.370;
34;1;95;5:06.953;0;B;1:30.513;0;2:07.590;0;1:28.850;0;82.1;3:55:31.531;17:56:22.694;1:30.513;2:07.590;1:28.850;80.3;Peter DEMPSEY;;LMGT3;;Racing Team Turkey by TF;Corvette;GF;90.513;127.590;88.850;
34;3;96;6:10.316;0;;2:35.481;0;2:09.134;0;1:25.701;0;68.1;4:01:41.847;18:02:33.010;2:35.481;2:09.134;1:25.701;79.2;Charlie EASTWOOD;0:01:14.762;LMGT3;;Racing Team Turkey by TF;Corvette;GF;155.481;129.134;85.701;
34;3;97;3:25.807;0;;1:07.159;0;1:22.206;0;56.442;0;122.5;4:05:07.654;18:05:58.817;1:07.159;1:22.206;0:56.442;139.8;Charlie EASTWOOD;;LMGT3;;Racing Team Turkey by TF;Corvette;SF;67.159;82.206;56.442;
34;3;98;3:47.197;0;;1:15.983;0;1:51.170;0;40.044;0;111.0;4:08:54.851;18:09:46.014;1:15.983;1:51.170;0:40.044;79.2;Charlie EASTWOOD;;LMGT3;;Racing Team Turkey by TF;Corvette;SF;75.983;111.170;40.044;
34;3;99;2:29.491;0;;42.219;0;1:09.530;0;37.742;0;168.7;4:11:24.342;18:12:15.505;0:42.219;1:09.530;0:37.742;216.7;Charlie EASTWOOD;;LMGT3;;Racing Team Turkey by TF;Corvette;SF;42.219;69.530;37.742;
34;3;100;3:17.472;0;;42.648;0;1:14.154;0;1:20.670;0;127.7;4:14:41.814;18:15:32.977;0:42.648;1:14.154;1:20.670;193.2;Charlie EASTWOOD;;LMGT3;;Racing Team Turkey by TF;Corvette;SF;42.648;74.154;80.670;
34;3;101;3:06.077;0;;1:02.934;0;1:10.906;0;52.237;0;135.5;4:17:47.891;18:18:39.054;1:02.934;1:10.906;0:52.237;200.3;Charlie EASTWOOD;;LMGT3;;Racing Team Turkey by TF;Corvette;GF;62.934;70.906;52.237;
34;3;102;2:19.616;0;;39.665;0;1:04.467;0;35.484;0;180.6;4:20:07.507;18:20:58.670;0:39.665;1:04.467;0:35.484;266.2;Charlie EASTWOOD;;LMGT3;;Racing Team Turkey by TF;Corvette;GF;39.665;64.467;35.484;
34;3;103;2:19.246;0;;39.492;2;1:04.253;0;35.501;0;181.1;4:22:26.753;18:23:17.916;0:39.492;1:04.253;0:35.501;268.2;Charlie EASTWOOD;;LMGT3;;Racing Team Turkey by TF;Corvette;GF;39.492;64.253;35.501;
34;3;104;2:19.716;0;;39.642;0;1:04.430;0;35.644;0;180.5;4:24:46.469;18:25:37.632;0:39.642;1:04.430;0:35.644;267.6;Charlie EASTWOOD;;LMGT3;;Racing Team Turkey by TF;Corvette;GF;39.642;64.430;35.644;
34;3;105;2:19.694;0;;39.657;0;1:04.464;0;35.573;0;180.5;4:27:06.163;18:27:57.326;0:39.657;1:04.464;0:35.573;267.6;Charlie EASTWOOD;;LMGT3;;Racing Team Turkey by TF;Corvette;GF;39.657;64.464;35.573;
34;3;106;2:19.857;0;;39.684;0;1:04.535;0;35.638;0;180.3;4:29:26.020;18:30:17.183;0:39.684;1:04.535;0:35.638;265.6;Charlie EASTWOOD;;LMGT3;;Racing Team Turkey by TF;Corvette;GF;39.684;64.535;35.638;
34;3;107;2:19.523;0;;39.687;0;1:04.311;0;35.525;0;180.7;4:31:45.543;18:32:36.706;0:39.687;1:04.311;0:35.525;265.6;Charlie EASTWOOD;;LMGT3;;Racing Team Turkey by TF;Corvette;GF;39.687;64.311;35.525;
34;3;108;2:19.764;0;;39.675;0;1:04.552;0;35.537;0;180.4;4:34:05.307;18:34:56.470;0:39.675;1:04.552;0:35.537;266.9;Charlie EASTWOOD;;LMGT3;;Racing Team Turkey by TF;Corvette;GF;39.675;64.552;35.537;
34;3;109;2:20.325;0;;39.610;0;1:04.879;0;35.836;0;179.7;4:36:25.632;18:37:16.795;0:39.610;1:04.879;0:35.836;266.9;Charlie EASTWOOD;;LMGT3;;Racing Team Turkey by TF;Corvette;GF;39.610;64.879;35.836;
34;3;110;2:23.199;0;;39.881;0;1:06.785;0;36.533;0;176.1;4:38:48.831;18:39:39.994;0:39.881;1:06.785;0:36.533;270.9;Charlie EASTWOOD;;LMGT3;;Racing Team Turkey by TF;Corvette;GF;39.881;66.785;36.533;
34;3;111;2:21.015;0;;39.754;0;1:05.417;0;35.844;0;178.8;4:41:09.846;18:42:01.009;0:39.754;1:05.417;0:35.844;269.6;Charlie EASTWOOD;;LMGT3;;Racing Team Turkey by TF;Corvette;GF;39.754;65.417;35.844;
34;3;112;2:20.191;0;;39.591;0;1:04.869;0;35.731;0;179.9;4:43:30.037;18:44:21.200;0:39.591;1:04.869;0:35.731;268.9;Charlie EASTWOOD;;LMGT3;;Racing Team Turkey by TF;Corvette;GF;39.591;64.869;35.731;
34;3;113;2:20.197;0;;39.644;0;1:04.737;0;35.816;0;179.8;4:45:50.234;18:46:41.397;0:39.644;1:04.737;0:35.816;267.6;Charlie EASTWOOD;;LMGT3;;Racing Team Turkey by TF;Corvette;GF;39.644;64.737;35.816;
34;3;114;2:20.167;0;;39.637;0;1:04.779;0;35.751;0;179.9;4:48:10.401;18:49:01.564;0:39.637;1:04.779;0:35.751;266.9;Charlie EASTWOOD;;LMGT3;;Racing Team Turkey by TF;Corvette;GF;39.637;64.779;35.751;
34;3;115;2:20.612;0;;39.740;0;1:05.209;0;35.663;0;179.3;4:50:31.013;18:51:22.176;0:39.740;1:05.209;0:35.663;267.6;Charlie EASTWOOD;;LMGT3;;Racing Team Turkey by TF;Corvette;GF;39.740;65.209;35.663;
34;3;116;2:20.423;0;;39.771;0;1:04.913;0;35.739;0;179.6;4:52:51.436;18:53:42.599;0:39.771;1:04.913;0:35.739;267.6;Charlie EASTWOOD;;LMGT3;;Racing Team Turkey by TF;Corvette;GF;39.771;64.913;35.739;
34;3;117;2:20.125;0;;39.644;0;1:04.801;0;35.680;0;179.9;4:55:11.561;18:56:02.724;0:39.644;1:04.801;0:35.680;267.6;Charlie EASTWOOD;;LMGT3;;Racing Team Turkey by TF;Corvette;GF;39.644;64.801;35.680;
34;3;118;2:21.400;0;;39.738;0;1:05.664;0;35.998;0;178.3;4:57:32.961;18:58:24.124;0:39.738;1:05.664;0:35.998;266.9;Charlie EASTWOOD;;LMGT3;;Racing Team Turkey by TF;Corvette;GF;39.738;65.664;35.998;
34;3;119;2:22.387;0;;40.345;0;1:05.900;0;36.142;0;177.1;4:59:55.348;19:00:46.511;0:40.345;1:05.900;0:36.142;265.6;Charlie EASTWOOD;;LMGT3;;Racing Team Turkey by TF;Corvette;GF;40.345;65.900;36.142;
34;3;120;3:44.141;0;B;39.829;0;1:35.585;0;1:28.727;0;112.5;5:03:39.489;19:04:30.652;0:39.829;1:35.585;1:28.727;266.9;Charlie EASTWOOD;;LMGT3;;Racing Team Turkey by TF;Corvette;GF;39.829;95.585;88.727;
34;3;121;6:11.729;0;;2:36.783;0;2:09.176;0;1:25.770;0;67.8;5:09:51.218;19:10:42.381;2:36.783;2:09.176;1:25.770;79.1;Charlie EASTWOOD;0:01:16.025;LMGT3;;Racing Team Turkey by TF;Corvette;GF;156.783;129.176;85.770;
34;3;122;4:12.620;0;;1:42.454;0;1:50.306;0;39.860;0;99.8;5:14:03.838;19:14:55.001;1:42.454;1:50.306;0:39.860;79.4;Charlie EASTWOOD;;LMGT3;;Racing Team Turkey by TF;Corvette;SF;102.454;110.306;39.860;
34;3;123;4:36.150;0;;1:18.359;0;2:00.418;0;1:17.373;0;91.3;5:18:39.988;19:19:31.151;1:18.359;2:00.418;1:17.373;86.8;Charlie EASTWOOD;;LMGT3;;Racing Team Turkey by TF;Corvette;SF;78.359;120.418;77.373;
34;3;124;4:00.789;0;;1:30.955;0;1:32.449;0;57.385;0;104.7;5:22:40.777;19:23:31.940;1:30.955;1:32.449;0:57.385;76.2;Charlie EASTWOOD;;LMGT3;;Racing Team Turkey by TF;Corvette;SF;90.955;92.449;57.385;
34;3;125;3:00.087;0;;51.220;0;1:19.815;0;49.052;0;140.0;5:25:40.864;19:26:32.027;0:51.220;1:19.815;0:49.052;192.8;Charlie EASTWOOD;;LMGT3;;Racing Team Turkey by TF;Corvette;GF;51.220;79.815;49.052;
34;3;126;2:36.335;0;;40.309;0;1:14.677;0;41.349;0;161.3;5:28:17.199;19:29:08.362;0:40.309;1:14.677;0:41.349;233.0;Charlie EASTWOOD;;LMGT3;;Racing Team Turkey by TF;Corvette;SF;40.309;74.677;41.349;
34;3;127;4:14.971;0;;1:16.960;0;1:46.396;0;1:11.615;0;98.9;5:32:32.170;19:33:23.333;1:16.960;1:46.396;1:11.615;62.2;Charlie EASTWOOD;;LMGT3;;Racing Team Turkey by TF;Corvette;SF;76.960;106.396;71.615;
34;3;128;3:42.430;0;;1:31.642;0;1:23.275;0;47.513;0;113.4;5:36:14.600;19:37:05.763;1:31.642;1:23.275;0:47.513;92.9;Charlie EASTWOOD;;LMGT3;;Racing Team Turkey by TF;Corvette;GF;91.642;83.275;47.513;
34;3;129;2:21.016;0;;40.401;0;1:05.193;0;35.422;0;178.8;5:38:35.616;19:39:26.779;0:40.401;1:05.193;0:35.422;261.7;Charlie EASTWOOD;;LMGT3;;Racing Team Turkey by TF;Corvette;GF;40.401;65.193;35.422;
34;3;130;2:18.924;2;;39.569;0;1:03.942;2;35.413;0;181.5;5:40:54.540;19:41:45.703;0:39.569;1:03.942;0:35.413;264.9;Charlie EASTWOOD;;LMGT3;;Racing Team Turkey by TF;Corvette;GF;39.569;63.942;35.413;
34;3;131;2:18.995;0;;39.554;0;1:03.948;0;35.493;0;181.4;5:43:13.535;19:44:04.698;0:39.554;1:03.948;0:35.493;266.2;Charlie EASTWOOD;;LMGT3;;Racing Team Turkey by TF;Corvette;GF;39.554;63.948;35.493;
34;3;132;2:19.020;0;;39.545;0;1:04.035;0;35.440;0;181.4;5:45:32.555;19:46:23.718;0:39.545;1:04.035;0:35.440;266.9;Charlie EASTWOOD;;LMGT3;;Racing Team Turkey by TF;Corvette;GF;39.545;64.035;35.440;
34;3;133;2:19.287;0;;39.696;0;1:04.155;0;35.436;0;181.0;5:47:51.842;19:48:43.005;0:39.696;1:04.155;0:35.436;265.6;Charlie EASTWOOD;;LMGT3;;Racing Team Turkey by TF;Corvette;GF;39.696;64.155;35.436;
34;3;134;2:19.179;0;;39.614;0;1:04.075;0;35.490;0;181.2;5:50:11.021;19:51:02.184;0:39.614;1:04.075;0:35.490;266.2;Charlie EASTWOOD;;LMGT3;;Racing Team Turkey by TF;Corvette;GF;39.614;64.075;35.490;
34;3;135;2:19.043;0;;39.611;0;1:04.027;0;35.405;2;181.3;5:52:30.064;19:53:21.227;0:39.611;1:04.027;0:35.405;266.9;Charlie EASTWOOD;;LMGT3;;Racing Team Turkey by TF;Corvette;GF;39.611;64.027;35.405;
34;3;136;2:19.900;0;;39.617;0;1:04.644;0;35.639;0;180.2;5:54:49.964;19:55:41.127;0:39.617;1:04.644;0:35.639;267.6;Charlie EASTWOOD;;LMGT3;;Racing Team Turkey by TF;Corvette;GF;39.617;64.644;35.639;
34;3;137;2:21.468;0;;39.851;0;1:05.734;0;35.883;0;178.2;5:57:11.432;19:58:02.595;0:39.851;1:05.734;0:35.883;266.2;Charlie EASTWOOD;;LMGT3;;Racing Team Turkey by TF;Corvette;GF;39.851;65.734;35.883;
34;3;138;2:19.759;0;;39.723;0;1:04.489;0;35.547;0;180.4;5:59:31.191;20:00:22.354;0:39.723;1:04.489;0:35.547;268.2;Charlie EASTWOOD;;LMGT3;;Racing Team Turkey by TF;Corvette;GF;39.723;64.489;35.547;
34;3;139;2:20.383;0;;39.668;0;1:04.901;0;35.814;0;179.6;6:01:51.574;20:02:42.737;0:39.668;1:04.901;0:35.814;266.9;Charlie EASTWOOD;;LMGT3;;Racing Team Turkey by TF;Corvette;FF;39.668;64.901;35.814;
35;3;1;2:06.109;0;;34.466;0;59.895;0;31.748;0;196.5;2:06.109;14:02:57.272;0:34.466;0:59.895;0:31.748;292.1;Ferdinand HABSBURG;;HYPERCAR;;Alpine Endurance Team;Alpine;GF;34.466;59.895;31.748;
35;3;2;2:05.667;0;;34.798;0;59.187;0;31.682;0;200.6;4:11.776;14:05:02.939;0:34.798;0:59.187;0:31.682;303.5;Ferdinand HABSBURG;;HYPERCAR;;Alpine Endurance Team;Alpine;GF;34.798;59.187;31.682;
35;3;3;2:05.134;0;;34.620;0;58.931;1;31.583;0;201.5;6:16.910;14:07:08.073;0:34.620;0:58.931;0:31.583;306.1;Ferdinand HABSBURG;;HYPERCAR;;Alpine Endurance Team;Alpine;GF;34.620;58.931;31.583;
35;3;4;2:05.289;0;;34.559;0;59.069;0;31.661;0;201.2;8:22.199;14:09:13.362;0:34.559;0:59.069;0:31.661;297.7;Ferdinand HABSBURG;;HYPERCAR;;Alpine Endurance Team;Alpine;GF;34.559;59.069;31.661;
35;3;5;2:05.587;0;;34.551;0;59.342;0;31.694;0;200.8;10:27.786;14:11:18.949;0:34.551;0:59.342;0:31.694;299.3;Ferdinand HABSBURG;;HYPERCAR;;Alpine Endurance Team;Alpine;GF;34.551;59.342;31.694;
35;3;6;2:05.382;0;;34.482;0;59.195;0;31.705;0;201.1;12:33.168;14:13:24.331;0:34.482;0:59.195;0:31.705;300.2;Ferdinand HABSBURG;;HYPERCAR;;Alpine Endurance Team;Alpine;GF;34.482;59.195;31.705;
35;3;7;2:28.188;0;;34.509;0;59.617;0;54.062;0;170.1;15:01.356;14:15:52.519;0:34.509;0:59.617;0:54.062;296.1;Ferdinand HABSBURG;;HYPERCAR;;Alpine Endurance Team;Alpine;SF;34.509;59.617;54.062;
35;3;8;4:46.932;0;;1:27.512;0;1:57.620;0;1:21.800;0;87.9;19:48.288;14:20:39.451;1:27.512;1:57.620;1:21.800;82.3;Ferdinand HABSBURG;;HYPERCAR;;Alpine Endurance Team;Alpine;SF;87.512;117.620;81.800;
35;3;9;3:07.038;0;;1:05.685;0;1:20.389;0;40.964;0;134.8;22:55.326;14:23:46.489;1:05.685;1:20.389;0:40.964;128.4;Ferdinand HABSBURG;;HYPERCAR;;Alpine Endurance Team;Alpine;SF;65.685;80.389;40.964;
35;3;10;3:00.996;0;;46.156;0;1:22.519;0;52.321;0;139.3;25:56.322;14:26:47.485;0:46.156;1:22.519;0:52.321;221.1;Ferdinand HABSBURG;;HYPERCAR;;Alpine Endurance Team;Alpine;GF;46.156;82.519;52.321;
35;3;11;2:06.063;0;;35.027;0;59.321;0;31.715;0;200.0;28:02.385;14:28:53.548;0:35.027;0:59.321;0:31.715;299.3;Ferdinand HABSBURG;;HYPERCAR;;Alpine Endurance Team;Alpine;GF;35.027;59.321;31.715;
35;3;12;2:05.399;0;;34.541;0;59.181;0;31.677;0;201.1;30:07.784;14:30:58.947;0:34.541;0:59.181;0:31.677;302.7;Ferdinand HABSBURG;;HYPERCAR;;Alpine Endurance Team;Alpine;GF;34.541;59.181;31.677;
35;3;13;2:05.541;0;;34.651;0;59.209;0;31.681;0;200.8;32:13.325;14:33:04.488;0:34.651;0:59.209;0:31.681;293.7;Ferdinand HABSBURG;;HYPERCAR;;Alpine Endurance Team;Alpine;GF;34.651;59.209;31.681;
35;3;14;2:05.879;0;;34.614;0;59.665;0;31.600;0;200.3;34:19.204;14:35:10.367;0:34.614;0:59.665;0:31.600;291.3;Ferdinand HABSBURG;;HYPERCAR;;Alpine Endurance Team;Alpine;GF;34.614;59.665;31.600;
35;3;15;2:05.376;0;;34.666;0;59.011;0;31.699;0;201.1;36:24.580;14:37:15.743;0:34.666;0:59.011;0:31.699;299.3;Ferdinand HABSBURG;;HYPERCAR;;Alpine Endurance Team;Alpine;GF;34.666;59.011;31.699;
35;3;16;2:05.709;0;;34.725;0;59.290;0;31.694;0;200.6;38:30.289;14:39:21.452;0:34.725;0:59.290;0:31.694;288.2;Ferdinand HABSBURG;;HYPERCAR;;Alpine Endurance Team;Alpine;GF;34.725;59.290;31.694;
35;3;17;2:07.339;0;;34.608;0;1:00.191;0;32.540;0;198.0;40:37.628;14:41:28.791;0:34.608;1:00.191;0:32.540;292.9;Ferdinand HABSBURG;;HYPERCAR;;Alpine Endurance Team;Alpine;GF;34.608;60.191;32.540;
35;3;18;2:10.642;0;;36.029;0;1:02.869;0;31.744;0;193.0;42:48.270;14:43:39.433;0:36.029;1:02.869;0:31.744;300.2;Ferdinand HABSBURG;;HYPERCAR;;Alpine Endurance Team;Alpine;GF;36.029;62.869;31.744;
35;3;19;2:06.493;0;;34.676;0;1:00.201;0;31.616;0;199.3;44:54.763;14:45:45.926;0:34.676;1:00.201;0:31.616;297.7;Ferdinand HABSBURG;;HYPERCAR;;Alpine Endurance Team;Alpine;GF;34.676;60.201;31.616;
35;3;20;2:05.122;0;;34.569;0;58.976;0;31.577;0;201.5;46:59.885;14:47:51.048;0:34.569;0:58.976;0:31.577;292.9;Ferdinand HABSBURG;;HYPERCAR;;Alpine Endurance Team;Alpine;GF;34.569;58.976;31.577;
35;3;21;2:05.363;0;;34.533;0;59.219;0;31.611;0;201.1;49:05.248;14:49:56.411;0:34.533;0:59.219;0:31.611;293.7;Ferdinand HABSBURG;;HYPERCAR;;Alpine Endurance Team;Alpine;GF;34.533;59.219;31.611;
35;3;22;2:04.948;0;;34.577;0;59.061;0;31.310;2;201.8;51:10.196;14:52:01.359;0:34.577;0:59.061;0:31.310;295.3;Ferdinand HABSBURG;;HYPERCAR;;Alpine Endurance Team;Alpine;GF;34.577;59.061;31.310;
35;3;23;2:04.986;0;;34.540;0;58.978;0;31.468;0;201.7;53:15.182;14:54:06.345;0:34.540;0:58.978;0:31.468;295.3;Ferdinand HABSBURG;;HYPERCAR;;Alpine Endurance Team;Alpine;GF;34.540;58.978;31.468;
35;3;24;2:06.241;0;;34.430;0;1:00.027;0;31.784;0;199.7;55:21.423;14:56:12.586;0:34.430;1:00.027;0:31.784;298.5;Ferdinand HABSBURG;;HYPERCAR;;Alpine Endurance Team;Alpine;GF;34.430;60.027;31.784;
35;3;25;2:07.523;0;;34.369;1;1:01.195;0;31.959;0;197.7;57:28.946;14:58:20.109;0:34.369;1:01.195;0:31.959;302.7;Ferdinand HABSBURG;;HYPERCAR;;Alpine Endurance Team;Alpine;GF;34.369;61.195;31.959;
35;3;26;2:08.448;0;;34.442;0;1:01.962;0;32.044;0;196.3;59:37.394;15:00:28.557;0:34.442;1:01.962;0:32.044;301.8;Ferdinand HABSBURG;;HYPERCAR;;Alpine Endurance Team;Alpine;GF;34.442;61.962;32.044;
35;3;27;2:11.701;0;B;34.468;0;59.248;0;37.985;0;191.4;1:01:49.095;15:02:40.258;0:34.468;0:59.248;0:37.985;304.4;Ferdinand HABSBURG;;HYPERCAR;;Alpine Endurance Team;Alpine;GF;34.468;59.248;37.985;
35;3;28;3:05.233;0;;1:32.278;0;1:00.877;0;32.078;0;136.1;1:04:54.328;15:05:45.491;1:32.278;1:00.877;0:32.078;296.1;Ferdinand HABSBURG;0:01:08.410;HYPERCAR;;Alpine Endurance Team;Alpine;GF;92.278;60.877;32.078;
35;3;29;2:06.578;0;;34.891;0;59.858;0;31.829;0;199.2;1:07:00.906;15:07:52.069;0:34.891;0:59.858;0:31.829;297.7;Ferdinand HABSBURG;;HYPERCAR;;Alpine Endurance Team;Alpine;GF;34.891;59.858;31.829;
35;3;30;2:06.254;0;;34.648;0;59.836;0;31.770;0;199.7;1:09:07.160;15:09:58.323;0:34.648;0:59.836;0:31.770;298.5;Ferdinand HABSBURG;;HYPERCAR;;Alpine Endurance Team;Alpine;GF;34.648;59.836;31.770;
35;3;31;2:06.492;0;;35.124;0;59.646;0;31.722;0;199.3;1:11:13.652;15:12:04.815;0:35.124;0:59.646;0:31.722;305.2;Ferdinand HABSBURG;;HYPERCAR;;Alpine Endurance Team;Alpine;GF;35.124;59.646;31.722;
35;3;32;2:06.905;0;;34.544;0;1:00.498;0;31.863;0;198.7;1:13:20.557;15:14:11.720;0:34.544;1:00.498;0:31.863;301.8;Ferdinand HABSBURG;;HYPERCAR;;Alpine Endurance Team;Alpine;GF;34.544;60.498;31.863;
35;3;33;2:06.583;0;;34.599;0;1:00.183;0;31.801;0;199.2;1:15:27.140;15:16:18.303;0:34.599;1:00.183;0:31.801;294.5;Ferdinand HABSBURG;;HYPERCAR;;Alpine Endurance Team;Alpine;GF;34.599;60.183;31.801;
35;3;34;2:09.419;0;;35.615;0;1:01.798;0;32.006;0;194.8;1:17:36.559;15:18:27.722;0:35.615;1:01.798;0:32.006;294.5;Ferdinand HABSBURG;;HYPERCAR;;Alpine Endurance Team;Alpine;GF;35.615;61.798;32.006;
35;3;35;2:06.596;0;;34.732;0;59.664;0;32.200;0;199.2;1:19:43.155;15:20:34.318;0:34.732;0:59.664;0:32.200;301.0;Ferdinand HABSBURG;;HYPERCAR;;Alpine Endurance Team;Alpine;GF;34.732;59.664;32.200;
35;3;36;2:06.922;0;;34.620;0;1:00.454;0;31.848;0;198.7;1:21:50.077;15:22:41.240;0:34.620;1:00.454;0:31.848;301.8;Ferdinand HABSBURG;;HYPERCAR;;Alpine Endurance Team;Alpine;GF;34.620;60.454;31.848;
35;3;37;2:05.918;0;;34.626;0;59.434;0;31.858;0;200.2;1:23:55.995;15:24:47.158;0:34.626;0:59.434;0:31.858;301.8;Ferdinand HABSBURG;;HYPERCAR;;Alpine Endurance Team;Alpine;GF;34.626;59.434;31.858;
35;3;38;2:07.088;0;;34.488;0;1:00.433;0;32.167;0;198.4;1:26:03.083;15:26:54.246;0:34.488;1:00.433;0:32.167;304.4;Ferdinand HABSBURG;;HYPERCAR;;Alpine Endurance Team;Alpine;GF;34.488;60.433;32.167;
35;3;39;2:06.355;0;;34.673;0;59.706;0;31.976;0;199.6;1:28:09.438;15:29:00.601;0:34.673;0:59.706;0:31.976;301.8;Ferdinand HABSBURG;;HYPERCAR;;Alpine Endurance Team;Alpine;GF;34.673;59.706;31.976;
35;3;40;2:06.961;0;;34.739;0;1:00.481;0;31.741;0;198.6;1:30:16.399;15:31:07.562;0:34.739;1:00.481;0:31.741;295.3;Ferdinand HABSBURG;;HYPERCAR;;Alpine Endurance Team;Alpine;GF;34.739;60.481;31.741;
35;3;41;2:06.863;0;;34.810;0;1:00.196;0;31.857;0;198.8;1:32:23.262;15:33:14.425;0:34.810;1:00.196;0:31.857;301.0;Ferdinand HABSBURG;;HYPERCAR;;Alpine Endurance Team;Alpine;GF;34.810;60.196;31.857;
35;3;42;2:06.838;0;;34.633;0;1:00.118;0;32.087;0;198.8;1:34:30.100;15:35:21.263;0:34.633;1:00.118;0:32.087;301.8;Ferdinand HABSBURG;;HYPERCAR;;Alpine Endurance Team;Alpine;GF;34.633;60.118;32.087;
35;3;43;2:11.902;0;;36.349;0;1:03.078;0;32.475;0;191.2;1:36:42.002;15:37:33.165;0:36.349;1:03.078;0:32.475;289.7;Ferdinand HABSBURG;;HYPERCAR;;Alpine Endurance Team;Alpine;GF;36.349;63.078;32.475;
35;3;44;2:07.717;0;;35.001;0;1:00.563;0;32.153;0;197.4;1:38:49.719;15:39:40.882;0:35.001;1:00.563;0:32.153;299.3;Ferdinand HABSBURG;;HYPERCAR;;Alpine Endurance Team;Alpine;GF;35.001;60.563;32.153;
35;3;45;2:08.213;0;;34.871;0;1:01.161;0;32.181;0;196.7;1:40:57.932;15:41:49.095;0:34.871;1:01.161;0:32.181;298.5;Ferdinand HABSBURG;;HYPERCAR;;Alpine Endurance Team;Alpine;GF;34.871;61.161;32.181;
35;3;46;2:07.054;0;;34.754;0;1:00.357;0;31.943;0;198.5;1:43:04.986;15:43:56.149;0:34.754;1:00.357;0:31.943;302.7;Ferdinand HABSBURG;;HYPERCAR;;Alpine Endurance Team;Alpine;GF;34.754;60.357;31.943;
35;3;47;2:06.306;0;;34.616;0;59.932;0;31.758;0;199.6;1:45:11.292;15:46:02.455;0:34.616;0:59.932;0:31.758;303.5;Ferdinand HABSBURG;;HYPERCAR;;Alpine Endurance Team;Alpine;GF;34.616;59.932;31.758;
35;3;48;2:06.357;0;;34.573;0;59.971;0;31.813;0;199.5;1:47:17.649;15:48:08.812;0:34.573;0:59.971;0:31.813;300.2;Ferdinand HABSBURG;;HYPERCAR;;Alpine Endurance Team;Alpine;GF;34.573;59.971;31.813;
35;3;49;2:06.564;0;;34.628;0;1:00.041;0;31.895;0;199.2;1:49:24.213;15:50:15.376;0:34.628;1:00.041;0:31.895;302.7;Ferdinand HABSBURG;;HYPERCAR;;Alpine Endurance Team;Alpine;GF;34.628;60.041;31.895;
35;3;50;2:06.807;0;;34.735;0;1:00.129;0;31.943;0;198.8;1:51:31.020;15:52:22.183;0:34.735;1:00.129;0:31.943;302.7;Ferdinand HABSBURG;;HYPERCAR;;Alpine Endurance Team;Alpine;GF;34.735;60.129;31.943;
35;3;51;2:07.734;0;;35.104;0;59.927;0;32.703;0;197.4;1:53:38.754;15:54:29.917;0:35.104;0:59.927;0:32.703;298.5;Ferdinand HABSBURG;;HYPERCAR;;Alpine Endurance Team;Alpine;GF;35.104;59.927;32.703;
35;3;52;2:14.908;0;B;34.701;0;1:00.509;0;39.698;0;186.9;1:55:53.662;15:56:44.825;0:34.701;1:00.509;0:39.698;304.4;Ferdinand HABSBURG;;HYPERCAR;;Alpine Endurance Team;Alpine;GF;34.701;60.509;39.698;
35;1;53;3:25.330;0;;1:50.091;0;1:02.569;0;32.670;0;122.8;1:59:18.992;16:00:10.155;1:50.091;1:02.569;0:32.670;254.4;António FÉLIX DA COSTA;0:01:22.237;HYPERCAR;;Alpine Endurance Team;Alpine;GF;110.091;62.569;32.670;
35;1;54;2:08.175;0;;35.327;0;1:01.071;0;31.777;0;196.7;2:01:27.167;16:02:18.330;0:35.327;1:01.071;0:31.777;266.2;António FÉLIX DA COSTA;;HYPERCAR;;Alpine Endurance Team;Alpine;GF;35.327;61.071;31.777;
35;1;55;2:04.878;2;;34.908;0;58.505;2;31.465;0;201.9;2:03:32.045;16:04:23.208;0:34.908;0:58.505;0:31.465;307.0;António FÉLIX DA COSTA;;HYPERCAR;;Alpine Endurance Team;Alpine;GF;34.908;58.505;31.465;
35;1;56;2:07.135;0;;34.598;0;1:00.128;0;32.409;0;198.3;2:05:39.180;16:06:30.343;0:34.598;1:00.128;0:32.409;306.1;António FÉLIX DA COSTA;;HYPERCAR;;Alpine Endurance Team;Alpine;GF;34.598;60.128;32.409;
35;1;57;2:04.916;0;;34.809;0;58.657;0;31.450;1;201.8;2:07:44.096;16:08:35.259;0:34.809;0:58.657;0:31.450;305.2;António FÉLIX DA COSTA;;HYPERCAR;;Alpine Endurance Team;Alpine;GF;34.809;58.657;31.450;
35;1;58;2:05.344;0;;34.625;0;59.188;0;31.531;0;201.2;2:09:49.440;16:10:40.603;0:34.625;0:59.188;0:31.531;283.7;António FÉLIX DA COSTA;;HYPERCAR;;Alpine Endurance Team;Alpine;GF;34.625;59.188;31.531;
35;1;59;2:05.519;0;;34.600;0;59.256;0;31.663;0;200.9;2:11:54.959;16:12:46.122;0:34.600;0:59.256;0:31.663;303.5;António FÉLIX DA COSTA;;HYPERCAR;;Alpine Endurance Team;Alpine;GF;34.600;59.256;31.663;
35;1;60;2:07.153;0;;34.588;0;1:00.232;0;32.333;0;198.3;2:14:02.112;16:14:53.275;0:34.588;1:00.232;0:32.333;298.5;António FÉLIX DA COSTA;;HYPERCAR;;Alpine Endurance Team;Alpine;GF;34.588;60.232;32.333;
35;1;61;2:06.421;0;;34.616;0;59.742;0;32.063;0;199.4;2:16:08.533;16:16:59.696;0:34.616;0:59.742;0:32.063;305.2;António FÉLIX DA COSTA;;HYPERCAR;;Alpine Endurance Team;Alpine;GF;34.616;59.742;32.063;
35;1;62;2:06.357;0;;35.388;0;59.078;0;31.891;0;199.5;2:18:14.890;16:19:06.053;0:35.388;0:59.078;0:31.891;302.7;António FÉLIX DA COSTA;;HYPERCAR;;Alpine Endurance Team;Alpine;GF;35.388;59.078;31.891;
35;1;63;2:07.629;0;;35.022;0;1:00.551;0;32.056;0;197.6;2:20:22.519;16:21:13.682;0:35.022;1:00.551;0:32.056;303.5;António FÉLIX DA COSTA;;HYPERCAR;;Alpine Endurance Team;Alpine;GF;35.022;60.551;32.056;
35;1;64;2:06.079;0;;34.500;1;59.938;0;31.641;0;200.0;2:22:28.598;16:23:19.761;0:34.500;0:59.938;0:31.641;312.3;António FÉLIX DA COSTA;;HYPERCAR;;Alpine Endurance Team;Alpine;GF;34.500;59.938;31.641;
35;1;65;2:05.528;0;;34.722;0;59.158;0;31.648;0;200.9;2:24:34.126;16:25:25.289;0:34.722;0:59.158;0:31.648;307.8;António FÉLIX DA COSTA;;HYPERCAR;;Alpine Endurance Team;Alpine;GF;34.722;59.158;31.648;
35;1;66;2:07.110;0;;35.716;0;59.821;0;31.573;0;198.4;2:26:41.236;16:27:32.399;0:35.716;0:59.821;0:31.573;284.4;António FÉLIX DA COSTA;;HYPERCAR;;Alpine Endurance Team;Alpine;GF;35.716;59.821;31.573;
35;1;67;2:05.624;0;;34.652;0;59.237;0;31.735;0;200.7;2:28:46.860;16:29:38.023;0:34.652;0:59.237;0:31.735;301.8;António FÉLIX DA COSTA;;HYPERCAR;;Alpine Endurance Team;Alpine;GF;34.652;59.237;31.735;
35;1;68;2:05.773;0;;34.668;0;59.395;0;31.710;0;200.5;2:30:52.633;16:31:43.796;0:34.668;0:59.395;0:31.710;303.5;António FÉLIX DA COSTA;;HYPERCAR;;Alpine Endurance Team;Alpine;GF;34.668;59.395;31.710;
35;1;69;2:06.602;0;;34.634;0;59.726;0;32.242;0;199.2;2:32:59.235;16:33:50.398;0:34.634;0:59.726;0:32.242;301.8;António FÉLIX DA COSTA;;HYPERCAR;;Alpine Endurance Team;Alpine;GF;34.634;59.726;32.242;
35;1;70;2:07.969;0;;34.745;0;1:00.736;0;32.488;0;197.0;2:35:07.204;16:35:58.367;0:34.745;1:00.736;0:32.488;304.4;António FÉLIX DA COSTA;;HYPERCAR;;Alpine Endurance Team;Alpine;GF;34.745;60.736;32.488;
35;1;71;2:05.824;0;;34.588;0;59.538;0;31.698;0;200.4;2:37:13.028;16:38:04.191;0:34.588;0:59.538;0:31.698;307.0;António FÉLIX DA COSTA;;HYPERCAR;;Alpine Endurance Team;Alpine;GF;34.588;59.538;31.698;
35;1;72;2:07.714;0;;34.589;0;1:00.907;0;32.218;0;197.4;2:39:20.742;16:40:11.905;0:34.589;1:00.907;0:32.218;287.4;António FÉLIX DA COSTA;;HYPERCAR;;Alpine Endurance Team;Alpine;GF;34.589;60.907;32.218;
35;1;73;2:07.611;0;;35.911;0;59.960;0;31.740;0;197.6;2:41:28.353;16:42:19.516;0:35.911;0:59.960;0:31.740;294.5;António FÉLIX DA COSTA;;HYPERCAR;;Alpine Endurance Team;Alpine;GF;35.911;59.960;31.740;
35;1;74;2:06.714;0;;35.473;0;59.438;0;31.803;0;199.0;2:43:35.067;16:44:26.230;0:35.473;0:59.438;0:31.803;300.2;António FÉLIX DA COSTA;;HYPERCAR;;Alpine Endurance Team;Alpine;GF;35.473;59.438;31.803;
35;1;75;3:12.190;0;;34.797;0;1:13.000;0;1:24.393;0;131.2;2:46:47.257;16:47:38.420;0:34.797;1:13.000;1:24.393;302.7;António FÉLIX DA COSTA;;HYPERCAR;;Alpine Endurance Team;Alpine;FCY;34.797;73.000;84.393;
35;1;76;2:21.365;0;;48.135;0;1:01.314;0;31.916;0;178.4;2:49:08.622;16:49:59.785;0:48.135;1:01.314;0:31.916;258.0;António FÉLIX DA COSTA;;HYPERCAR;;Alpine Endurance Team;Alpine;GF;48.135;61.314;31.916;
35;1;77;2:10.984;0;B;34.625;0;59.257;0;37.102;0;192.5;2:51:19.606;16:52:10.769;0:34.625;0:59.257;0:37.102;305.2;António FÉLIX DA COSTA;;HYPERCAR;;Alpine Endurance Team;Alpine;GF;34.625;59.257;37.102;
35;1;78;3:01.628;0;;1:29.859;0;59.891;0;31.878;0;138.8;2:54:21.234;16:55:12.397;1:29.859;0:59.891;0:31.878;295.3;António FÉLIX DA COSTA;0:01:05.789;HYPERCAR;;Alpine Endurance Team;Alpine;GF;89.859;59.891;31.878;
35;1;79;2:06.379;0;;34.846;0;59.693;0;31.840;0;199.5;2:56:27.613;16:57:18.776;0:34.846;0:59.693;0:31.840;303.5;António FÉLIX DA COSTA;;HYPERCAR;;Alpine Endurance Team;Alpine;GF;34.846;59.693;31.840;
35;1;80;2:06.333;0;;34.864;0;59.681;0;31.788;0;199.6;2:58:33.946;16:59:25.109;0:34.864;0:59.681;0:31.788;303.5;António FÉLIX DA COSTA;;HYPERCAR;;Alpine Endurance Team;Alpine;GF;34.864;59.681;31.788;
35;1;81;2:09.291;0;;37.076;0;1:00.205;0;32.010;0;195.0;3:00:43.237;17:01:34.400;0:37.076;1:00.205;0:32.010;299.3;António FÉLIX DA COSTA;;HYPERCAR;;Alpine Endurance Team;Alpine;GF;37.076;60.205;32.010;
35;1;82;2:07.685;0;;34.734;0;1:00.493;0;32.458;0;197.5;3:02:50.922;17:03:42.085;0:34.734;1:00.493;0:32.458;304.4;António FÉLIX DA COSTA;;HYPERCAR;;Alpine Endurance Team;Alpine;GF;34.734;60.493;32.458;
35;1;83;2:06.171;0;;34.590;0;59.793;0;31.788;0;199.8;3:04:57.093;17:05:48.256;0:34.590;0:59.793;0:31.788;305.2;António FÉLIX DA COSTA;;HYPERCAR;;Alpine Endurance Team;Alpine;GF;34.590;59.793;31.788;
35;1;84;2:07.039;0;;34.887;0;1:00.352;0;31.800;0;198.5;3:07:04.132;17:07:55.295;0:34.887;1:00.352;0:31.800;259.9;António FÉLIX DA COSTA;;HYPERCAR;;Alpine Endurance Team;Alpine;GF;34.887;60.352;31.800;
35;1;85;2:07.246;0;;34.740;0;1:00.611;0;31.895;0;198.2;3:09:11.378;17:10:02.541;0:34.740;1:00.611;0:31.895;298.5;António FÉLIX DA COSTA;;HYPERCAR;;Alpine Endurance Team;Alpine;GF;34.740;60.611;31.895;
35;1;86;2:06.155;0;;34.810;0;59.689;0;31.656;0;199.9;3:11:17.533;17:12:08.696;0:34.810;0:59.689;0:31.656;302.7;António FÉLIX DA COSTA;;HYPERCAR;;Alpine Endurance Team;Alpine;GF;34.810;59.689;31.656;
35;1;87;2:05.871;0;;34.673;0;59.511;0;31.687;0;200.3;3:13:23.404;17:14:14.567;0:34.673;0:59.511;0:31.687;302.7;António FÉLIX DA COSTA;;HYPERCAR;;Alpine Endurance Team;Alpine;GF;34.673;59.511;31.687;
35;1;88;2:07.180;0;;34.639;0;1:00.118;0;32.423;0;198.3;3:15:30.584;17:16:21.747;0:34.639;1:00.118;0:32.423;305.2;António FÉLIX DA COSTA;;HYPERCAR;;Alpine Endurance Team;Alpine;GF;34.639;60.118;32.423;
35;1;89;2:06.929;0;;35.030;0;59.718;0;32.181;0;198.6;3:17:37.513;17:18:28.676;0:35.030;0:59.718;0:32.181;301.8;António FÉLIX DA COSTA;;HYPERCAR;;Alpine Endurance Team;Alpine;GF;35.030;59.718;32.181;
35;1;90;2:07.138;0;;34.798;0;1:00.052;0;32.288;0;198.3;3:19:44.651;17:20:35.814;0:34.798;1:00.052;0:32.288;304.4;António FÉLIX DA COSTA;;HYPERCAR;;Alpine Endurance Team;Alpine;GF;34.798;60.052;32.288;
35;1;91;2:07.262;0;;35.393;0;1:00.049;0;31.820;0;198.1;3:21:51.913;17:22:43.076;0:35.393;1:00.049;0:31.820;301.0;António FÉLIX DA COSTA;;HYPERCAR;;Alpine Endurance Team;Alpine;GF;35.393;60.049;31.820;
35;1;92;2:06.386;0;;34.609;0;59.534;0;32.243;0;199.5;3:23:58.299;17:24:49.462;0:34.609;0:59.534;0:32.243;304.4;António FÉLIX DA COSTA;;HYPERCAR;;Alpine Endurance Team;Alpine;GF;34.609;59.534;32.243;
35;1;93;2:05.991;0;;34.805;0;59.464;0;31.722;0;200.1;3:26:04.290;17:26:55.453;0:34.805;0:59.464;0:31.722;304.4;António FÉLIX DA COSTA;;HYPERCAR;;Alpine Endurance Team;Alpine;GF;34.805;59.464;31.722;
35;1;94;2:07.548;0;;35.725;0;1:00.026;0;31.797;0;197.7;3:28:11.838;17:29:03.001;0:35.725;1:00.026;0:31.797;303.5;António FÉLIX DA COSTA;;HYPERCAR;;Alpine Endurance Team;Alpine;GF;35.725;60.026;31.797;
35;1;95;2:06.553;0;;34.518;0;1:00.023;0;32.012;0;199.2;3:30:18.391;17:31:09.554;0:34.518;1:00.023;0:32.012;311.4;António FÉLIX DA COSTA;;HYPERCAR;;Alpine Endurance Team;Alpine;GF;34.518;60.023;32.012;
35;1;96;2:06.163;0;;34.736;0;59.851;0;31.576;0;199.9;3:32:24.554;17:33:15.717;0:34.736;0:59.851;0:31.576;299.3;António FÉLIX DA COSTA;;HYPERCAR;;Alpine Endurance Team;Alpine;GF;34.736;59.851;31.576;
35;1;97;2:05.939;0;;34.588;0;59.601;0;31.750;0;200.2;3:34:30.493;17:35:21.656;0:34.588;0:59.601;0:31.750;305.2;António FÉLIX DA COSTA;;HYPERCAR;;Alpine Endurance Team;Alpine;GF;34.588;59.601;31.750;
35;1;98;2:08.016;0;;34.581;0;1:01.127;0;32.308;0;197.0;3:36:38.509;17:37:29.672;0:34.581;1:01.127;0:32.308;304.4;António FÉLIX DA COSTA;;HYPERCAR;;Alpine Endurance Team;Alpine;GF;34.581;61.127;32.308;
35;1;99;2:06.302;0;;34.666;0;59.828;0;31.808;0;199.6;3:38:44.811;17:39:35.974;0:34.666;0:59.828;0:31.808;309.6;António FÉLIX DA COSTA;;HYPERCAR;;Alpine Endurance Team;Alpine;GF;34.666;59.828;31.808;
35;1;100;2:07.761;0;;34.542;0;1:01.157;0;32.062;0;197.4;3:40:52.572;17:41:43.735;0:34.542;1:01.157;0:32.062;304.4;António FÉLIX DA COSTA;;HYPERCAR;;Alpine Endurance Team;Alpine;GF;34.542;61.157;32.062;
35;1;101;2:14.849;0;B;35.439;0;1:01.237;0;38.173;0;187.0;3:43:07.421;17:43:58.584;0:35.439;1:01.237;0:38.173;292.1;António FÉLIX DA COSTA;;HYPERCAR;;Alpine Endurance Team;Alpine;GF;35.439;61.237;38.173;
35;2;102;3:24.507;0;;1:52.337;0;1:00.668;0;31.502;0;123.3;3:46:31.928;17:47:23.091;1:52.337;1:00.668;0:31.502;296.1;Charles MILESI;0:01:25.787;HYPERCAR;;Alpine Endurance Team;Alpine;GF;112.337;60.668;31.502;
35;2;103;2:06.170;0;;34.776;0;59.781;0;31.613;0;199.8;3:48:38.098;17:49:29.261;0:34.776;0:59.781;0:31.613;305.2;Charles MILESI;;HYPERCAR;;Alpine Endurance Team;Alpine;GF;34.776;59.781;31.613;
35;2;104;2:10.639;0;;35.021;0;1:00.127;0;35.491;0;193.0;3:50:48.737;17:51:39.900;0:35.021;1:00.127;0:35.491;303.5;Charles MILESI;;HYPERCAR;;Alpine Endurance Team;Alpine;GF;35.021;60.127;35.491;
35;2;105;5:17.990;0;B;1:41.124;0;2:07.908;0;1:28.958;0;79.3;3:56:06.727;17:56:57.890;1:41.124;2:07.908;1:28.958;80.0;Charles MILESI;;HYPERCAR;;Alpine Endurance Team;Alpine;GF;101.124;127.908;88.958;
35;2;106;5:26.775;0;;1:53.589;0;2:07.952;0;1:25.234;0;77.2;4:01:33.502;18:02:24.665;1:53.589;2:07.952;1:25.234;80.0;Charles MILESI;0:00:34.315;HYPERCAR;;Alpine Endurance Team;Alpine;GF;113.589;127.952;85.234;
35;2;107;3:30.037;0;;1:11.524;0;1:20.255;0;58.258;0;120.0;4:05:03.539;18:05:54.702;1:11.524;1:20.255;0:58.258;161.5;Charles MILESI;;HYPERCAR;;Alpine Endurance Team;Alpine;SF;71.524;80.255;58.258;
35;2;108;4:47.703;0;;1:16.865;0;2:13.612;0;1:17.226;0;87.6;4:09:51.242;18:10:42.405;1:16.865;2:13.612;1:17.226;87.1;Charles MILESI;;HYPERCAR;;Alpine Endurance Team;Alpine;SF;76.865;133.612;77.226;
35;2;109;4:27.756;0;;1:23.386;0;1:49.328;0;1:15.042;0;94.2;4:14:18.998;18:15:10.161;1:23.386;1:49.328;1:15.042;96.0;Charles MILESI;;HYPERCAR;;Alpine Endurance Team;Alpine;SF;83.386;109.328;75.042;
35;2;110;3:12.353;0;;1:02.452;0;1:18.978;0;50.923;0;131.1;4:17:31.351;18:18:22.514;1:02.452;1:18.978;0:50.923;224.8;Charles MILESI;;HYPERCAR;;Alpine Endurance Team;Alpine;GF;62.452;78.978;50.923;
35;2;111;2:08.650;0;;36.134;0;1:00.877;0;31.639;0;196.0;4:19:40.001;18:20:31.164;0:36.134;1:00.877;0:31.639;304.4;Charles MILESI;;HYPERCAR;;Alpine Endurance Team;Alpine;GF;36.134;60.877;31.639;
35;2;112;2:05.077;0;;34.367;0;59.376;0;31.334;1;201.6;4:21:45.078;18:22:36.241;0:34.367;0:59.376;0:31.334;304.4;Charles MILESI;;HYPERCAR;;Alpine Endurance Team;Alpine;GF;34.367;59.376;31.334;
35;2;113;2:04.897;0;;34.303;2;59.053;0;31.541;0;201.9;4:23:49.975;18:24:41.138;0:34.303;0:59.053;0:31.541;305.2;Charles MILESI;;HYPERCAR;;Alpine Endurance Team;Alpine;GF;34.303;59.053;31.541;
35;2;114;2:05.210;0;;34.432;0;59.220;1;31.558;0;201.4;4:25:55.185;18:26:46.348;0:34.432;0:59.220;0:31.558;299.3;Charles MILESI;;HYPERCAR;;Alpine Endurance Team;Alpine;GF;34.432;59.220;31.558;
35;2;115;2:05.959;0;;34.508;0;59.715;0;31.736;0;200.2;4:28:01.144;18:28:52.307;0:34.508;0:59.715;0:31.736;301.0;Charles MILESI;;HYPERCAR;;Alpine Endurance Team;Alpine;GF;34.508;59.715;31.736;
35;2;116;2:06.030;0;;34.649;0;59.597;0;31.784;0;200.1;4:30:07.174;18:30:58.337;0:34.649;0:59.597;0:31.784;298.5;Charles MILESI;;HYPERCAR;;Alpine Endurance Team;Alpine;GF;34.649;59.597;31.784;
35;2;117;2:06.558;0;;34.556;0;1:00.162;0;31.840;0;199.2;4:32:13.732;18:33:04.895;0:34.556;1:00.162;0:31.840;303.5;Charles MILESI;;HYPERCAR;;Alpine Endurance Team;Alpine;GF;34.556;60.162;31.840;
35;2;118;2:06.344;0;;34.561;0;59.876;0;31.907;0;199.6;4:34:20.076;18:35:11.239;0:34.561;0:59.876;0:31.907;303.5;Charles MILESI;;HYPERCAR;;Alpine Endurance Team;Alpine;GF;34.561;59.876;31.907;
35;2;119;2:08.501;0;;35.800;0;1:00.478;0;32.223;0;196.2;4:36:28.577;18:37:19.740;0:35.800;1:00.478;0:32.223;304.4;Charles MILESI;;HYPERCAR;;Alpine Endurance Team;Alpine;GF;35.800;60.478;32.223;
35;2;120;2:09.747;0;;35.667;0;1:01.273;0;32.807;0;194.3;4:38:38.324;18:39:29.487;0:35.667;1:01.273;0:32.807;301.0;Charles MILESI;;HYPERCAR;;Alpine Endurance Team;Alpine;GF;35.667;61.273;32.807;
35;2;121;2:05.862;0;;34.591;0;59.551;0;31.720;0;200.3;4:40:44.186;18:41:35.349;0:34.591;0:59.551;0:31.720;301.0;Charles MILESI;;HYPERCAR;;Alpine Endurance Team;Alpine;GF;34.591;59.551;31.720;
35;2;122;2:06.475;0;;34.720;0;59.868;0;31.887;0;199.4;4:42:50.661;18:43:41.824;0:34.720;0:59.868;0:31.887;289.0;Charles MILESI;;HYPERCAR;;Alpine Endurance Team;Alpine;GF;34.720;59.868;31.887;
35;2;123;2:07.107;0;;34.588;0;1:00.635;0;31.884;0;198.4;4:44:57.768;18:45:48.931;0:34.588;1:00.635;0:31.884;293.7;Charles MILESI;;HYPERCAR;;Alpine Endurance Team;Alpine;GF;34.588;60.635;31.884;
35;2;124;2:06.349;0;;34.649;0;59.948;0;31.752;0;199.6;4:47:04.117;18:47:55.280;0:34.649;0:59.948;0:31.752;292.9;Charles MILESI;;HYPERCAR;;Alpine Endurance Team;Alpine;GF;34.649;59.948;31.752;
35;2;125;2:05.928;0;;34.653;0;59.630;0;31.645;0;200.2;4:49:10.045;18:50:01.208;0:34.653;0:59.630;0:31.645;310.5;Charles MILESI;;HYPERCAR;;Alpine Endurance Team;Alpine;GF;34.653;59.630;31.645;
35;2;126;2:06.026;0;;34.629;0;59.545;0;31.852;0;200.1;4:51:16.071;18:52:07.234;0:34.629;0:59.545;0:31.852;306.1;Charles MILESI;;HYPERCAR;;Alpine Endurance Team;Alpine;GF;34.629;59.545;31.852;
35;2;127;2:05.372;0;;34.577;0;59.233;0;31.562;0;201.1;4:53:21.443;18:54:12.606;0:34.577;0:59.233;0:31.562;308.7;Charles MILESI;;HYPERCAR;;Alpine Endurance Team;Alpine;GF;34.577;59.233;31.562;
35;2;128;2:08.062;0;;34.500;0;1:01.199;0;32.363;0;196.9;4:55:29.505;18:56:20.668;0:34.500;1:01.199;0:32.363;311.4;Charles MILESI;;HYPERCAR;;Alpine Endurance Team;Alpine;GF;34.500;61.199;32.363;
35;2;129;2:09.812;0;;35.091;0;1:02.013;0;32.708;0;194.2;4:57:39.317;18:58:30.480;0:35.091;1:02.013;0:32.708;290.5;Charles MILESI;;HYPERCAR;;Alpine Endurance Team;Alpine;GF;35.091;62.013;32.708;
35;2;130;2:07.949;0;;34.708;0;1:01.413;0;31.828;0;197.1;4:59:47.266;19:00:38.429;0:34.708;1:01.413;0:31.828;301.8;Charles MILESI;;HYPERCAR;;Alpine Endurance Team;Alpine;GF;34.708;61.413;31.828;
35;2;131;3:11.221;0;;35.602;0;1:11.061;0;1:24.558;0;131.9;5:02:58.487;19:03:49.650;0:35.602;1:11.061;1:24.558;309.6;Charles MILESI;;HYPERCAR;;Alpine Endurance Team;Alpine;GF;35.602;71.061;84.558;
35;2;132;5:17.566;0;B;1:41.044;0;2:07.566;0;1:28.956;0;79.4;5:08:16.053;19:09:07.216;1:41.044;2:07.566;1:28.956;80.0;Charles MILESI;;HYPERCAR;;Alpine Endurance Team;Alpine;GF;101.044;127.566;88.956;
35;1;133;5:30.925;0;;2:45.271;0;2:02.624;0;43.030;0;76.2;5:13:46.978;19:14:38.141;2:45.271;2:02.624;0:43.030;79.8;António FÉLIX DA COSTA;0:01:24.560;HYPERCAR;;Alpine Endurance Team;Alpine;SF;165.271;122.624;43.030;
35;1;134;4:42.601;0;;1:24.832;0;2:01.352;0;1:16.417;0;89.2;5:18:29.579;19:19:20.742;1:24.832;2:01.352;1:16.417;86.8;António FÉLIX DA COSTA;;HYPERCAR;;Alpine Endurance Team;Alpine;SF;84.832;121.352;76.417;
35;1;135;4:01.241;0;;1:29.329;0;1:35.172;0;56.740;0;104.5;5:22:30.820;19:23:21.983;1:29.329;1:35.172;0:56.740;145.8;António FÉLIX DA COSTA;;HYPERCAR;;Alpine Endurance Team;Alpine;SF;89.329;95.172;56.740;
35;1;136;2:59.109;0;;50.820;0;1:23.697;0;44.592;0;140.8;5:25:29.929;19:26:21.092;0:50.820;1:23.697;0:44.592;215.0;António FÉLIX DA COSTA;;HYPERCAR;;Alpine Endurance Team;Alpine;GF;50.820;83.697;44.592;
35;1;137;2:25.949;0;;34.862;0;1:03.915;0;47.172;0;172.8;5:27:55.878;19:28:47.041;0:34.862;1:03.915;0:47.172;282.9;António FÉLIX DA COSTA;;HYPERCAR;;Alpine Endurance Team;Alpine;SF;34.862;63.915;47.172;
35;1;138;4:24.399;0;;1:21.909;0;1:53.042;0;1:09.448;0;95.4;5:32:20.277;19:33:11.440;1:21.909;1:53.042;1:09.448;65.5;António FÉLIX DA COSTA;;HYPERCAR;;Alpine Endurance Team;Alpine;SF;81.909;113.042;69.448;
35;1;139;3:44.215;0;;1:30.339;0;1:27.712;0;46.164;0;112.5;5:36:04.492;19:36:55.655;1:30.339;1:27.712;0:46.164;77.5;António FÉLIX DA COSTA;;HYPERCAR;;Alpine Endurance Team;Alpine;GF;90.339;87.712;46.164;
35;1;140;3:57.608;0;B;50.484;0;1:56.858;0;1:10.266;0;106.1;5:40:02.100;19:40:53.263;0:50.484;1:56.858;1:10.266;121.6;António FÉLIX DA COSTA;;HYPERCAR;;Alpine Endurance Team;Alpine;GF;50.484;116.858;70.266;
35;1;141;5:33.105;0;;3:53.765;0;1:05.636;0;33.704;0;75.7;5:45:35.205;19:46:26.368;3:53.765;1:05.636;0:33.704;243.5;António FÉLIX DA COSTA;0:03:23.004;HYPERCAR;;Alpine Endurance Team;Alpine;GF;233.765;65.636;33.704;
35;1;142;2:11.814;0;;36.233;0;1:02.176;0;33.405;0;191.3;5:47:47.019;19:48:38.182;0:36.233;1:02.176;0:33.405;277.1;António FÉLIX DA COSTA;;HYPERCAR;;Alpine Endurance Team;Alpine;GF;36.233;62.176;33.405;
35;1;143;2:08.414;0;;35.731;0;1:00.034;0;32.649;0;196.4;5:49:55.433;19:50:46.596;0:35.731;1:00.034;0:32.649;300.2;António FÉLIX DA COSTA;;HYPERCAR;;Alpine Endurance Team;Alpine;GF;35.731;60.034;32.649;
35;1;144;2:07.650;0;;35.358;0;1:00.017;0;32.275;0;197.5;5:52:03.083;19:52:54.246;0:35.358;1:00.017;0:32.275;306.1;António FÉLIX DA COSTA;;HYPERCAR;;Alpine Endurance Team;Alpine;GF;35.358;60.017;32.275;
35;1;145;2:07.608;0;;35.404;0;59.938;0;32.266;0;197.6;5:54:10.691;19:55:01.854;0:35.404;0:59.938;0:32.266;307.8;António FÉLIX DA COSTA;;HYPERCAR;;Alpine Endurance Team;Alpine;GF;35.404;59.938;32.266;
35;1;146;2:07.683;0;;35.283;0;1:00.180;0;32.220;0;197.5;5:56:18.374;19:57:09.537;0:35.283;1:00.180;0:32.220;307.8;António FÉLIX DA COSTA;;HYPERCAR;;Alpine Endurance Team;Alpine;GF;35.283;60.180;32.220;
35;1;147;2:07.612;0;;35.182;0;1:00.238;0;32.192;0;197.6;5:58:25.986;19:59:17.149;0:35.182;1:00.238;0:32.192;307.0;António FÉLIX DA COSTA;;HYPERCAR;;Alpine Endurance Team;Alpine;GF;35.182;60.238;32.192;
35;1;148;2:07.601;0;;35.198;0;1:00.083;0;32.320;0;197.6;6:00:33.587;20:01:24.750;0:35.198;1:00.083;0:32.320;306.1;António FÉLIX DA COSTA;;HYPERCAR;;Alpine Endurance Team;Alpine;GF;35.198;60.083;32.320;
35;1;149;2:08.052;0;;35.174;0;1:00.207;0;32.671;0;196.9;6:02:41.639;20:03:32.802;0:35.174;1:00.207;0:32.671;307.8;António FÉLIX DA COSTA;;HYPERCAR;;Alpine Endurance Team;Alpine;FF;35.174;60.207;32.671;
36;1;1;2:06.782;0;;35.247;0;59.699;0;31.836;0;195.4;2:06.782;14:02:57.945;0:35.247;0:59.699;0:31.836;282.2;Frédéric MAKOWIECKI;;HYPERCAR;;Alpine Endurance Team;Alpine;GF;35.247;59.699;31.836;
36;1;2;2:05.453;0;;34.676;0;59.040;0;31.737;0;201.0;4:12.235;14:05:03.398;0:34.676;0:59.040;0:31.737;295.3;Frédéric MAKOWIECKI;;HYPERCAR;;Alpine Endurance Team;Alpine;GF;34.676;59.040;31.737;
36;1;3;2:05.361;0;;34.762;0;58.800;0;31.799;0;201.1;6:17.596;14:07:08.759;0:34.762;0:58.800;0:31.799;295.3;Frédéric MAKOWIECKI;;HYPERCAR;;Alpine Endurance Team;Alpine;GF;34.762;58.800;31.799;
36;1;4;2:05.262;0;;34.621;0;58.735;2;31.906;0;201.3;8:22.858;14:09:14.021;0:34.621;0:58.735;0:31.906;295.3;Frédéric MAKOWIECKI;;HYPERCAR;;Alpine Endurance Team;Alpine;GF;34.621;58.735;31.906;
36;1;5;2:05.506;0;;34.701;0;59.038;0;31.767;0;200.9;10:28.364;14:11:19.527;0:34.701;0:59.038;0:31.767;289.7;Frédéric MAKOWIECKI;;HYPERCAR;;Alpine Endurance Team;Alpine;GF;34.701;59.038;31.767;
36;1;6;2:05.569;0;;34.711;0;59.019;0;31.839;0;200.8;12:33.933;14:13:25.096;0:34.711;0:59.019;0:31.839;292.9;Frédéric MAKOWIECKI;;HYPERCAR;;Alpine Endurance Team;Alpine;GF;34.711;59.019;31.839;
36;1;7;2:28.421;0;;34.935;0;59.034;0;54.452;0;169.9;15:02.354;14:15:53.517;0:34.935;0:59.034;0:54.452;287.4;Frédéric MAKOWIECKI;;HYPERCAR;;Alpine Endurance Team;Alpine;SF;34.935;59.034;54.452;
36;1;8;4:46.555;0;;1:27.998;0;1:56.984;0;1:21.573;0;88.0;19:48.909;14:20:40.072;1:27.998;1:56.984;1:21.573;79.2;Frédéric MAKOWIECKI;;HYPERCAR;;Alpine Endurance Team;Alpine;SF;87.998;116.984;81.573;
36;1;9;3:07.059;0;;1:06.894;0;1:19.238;0;40.927;0;134.8;22:55.968;14:23:47.131;1:06.894;1:19.238;0:40.927;132.8;Frédéric MAKOWIECKI;;HYPERCAR;;Alpine Endurance Team;Alpine;SF;66.894;79.238;40.927;
36;1;10;3:01.040;0;;48.023;0;1:20.856;0;52.161;0;139.3;25:57.008;14:26:48.171;0:48.023;1:20.856;0:52.161;202.9;Frédéric MAKOWIECKI;;HYPERCAR;;Alpine Endurance Team;Alpine;GF;48.023;80.856;52.161;
36;1;11;2:06.289;0;;35.198;0;59.136;0;31.955;0;199.7;28:03.297;14:28:54.460;0:35.198;0:59.136;0:31.955;287.4;Frédéric MAKOWIECKI;;HYPERCAR;;Alpine Endurance Team;Alpine;GF;35.198;59.136;31.955;
36;1;12;2:05.540;0;;34.706;0;59.078;0;31.756;0;200.8;30:08.837;14:31:00.000;0:34.706;0:59.078;0:31.756;291.3;Frédéric MAKOWIECKI;;HYPERCAR;;Alpine Endurance Team;Alpine;GF;34.706;59.078;31.756;
36;1;13;2:05.199;0;;34.693;0;58.786;0;31.720;0;201.4;32:14.036;14:33:05.199;0:34.693;0:58.786;0:31.720;302.7;Frédéric MAKOWIECKI;;HYPERCAR;;Alpine Endurance Team;Alpine;GF;34.693;58.786;31.720;
36;1;14;2:05.892;0;;34.729;0;59.383;0;31.780;0;200.3;34:19.928;14:35:11.091;0:34.729;0:59.383;0:31.780;293.7;Frédéric MAKOWIECKI;;HYPERCAR;;Alpine Endurance Team;Alpine;GF;34.729;59.383;31.780;
36;1;15;2:06.195;0;;34.828;0;59.602;0;31.765;0;199.8;36:26.123;14:37:17.286;0:34.828;0:59.602;0:31.765;298.5;Frédéric MAKOWIECKI;;HYPERCAR;;Alpine Endurance Team;Alpine;GF;34.828;59.602;31.765;
36;1;16;2:06.042;0;;34.481;0;59.627;0;31.934;0;200.0;38:32.165;14:39:23.328;0:34.481;0:59.627;0:31.934;297.7;Frédéric MAKOWIECKI;;HYPERCAR;;Alpine Endurance Team;Alpine;GF;34.481;59.627;31.934;
36;1;17;2:06.731;0;;34.393;0;59.820;0;32.518;0;199.0;40:38.896;14:41:30.059;0:34.393;0:59.820;0:32.518;314.1;Frédéric MAKOWIECKI;;HYPERCAR;;Alpine Endurance Team;Alpine;GF;34.393;59.820;32.518;
36;1;18;2:11.596;0;;35.682;0;1:03.429;0;32.485;0;191.6;42:50.492;14:43:41.655;0:35.682;1:03.429;0:32.485;288.2;Frédéric MAKOWIECKI;;HYPERCAR;;Alpine Endurance Team;Alpine;GF;35.682;63.429;32.485;
36;1;19;2:07.958;0;;34.784;0;1:01.476;0;31.698;0;197.1;44:58.450;14:45:49.613;0:34.784;1:01.476;0:31.698;289.7;Frédéric MAKOWIECKI;;HYPERCAR;;Alpine Endurance Team;Alpine;GF;34.784;61.476;31.698;
36;1;20;2:05.269;0;;34.648;0;59.032;0;31.589;1;201.3;47:03.719;14:47:54.882;0:34.648;0:59.032;0:31.589;291.3;Frédéric MAKOWIECKI;;HYPERCAR;;Alpine Endurance Team;Alpine;GF;34.648;59.032;31.589;
36;1;21;2:05.381;0;;34.592;0;59.109;0;31.680;0;201.1;49:09.100;14:50:00.263;0:34.592;0:59.109;0:31.680;291.3;Frédéric MAKOWIECKI;;HYPERCAR;;Alpine Endurance Team;Alpine;GF;34.592;59.109;31.680;
36;1;22;2:05.146;0;;34.509;0;58.944;0;31.693;0;201.5;51:14.246;14:52:05.409;0:34.509;0:58.944;0:31.693;298.5;Frédéric MAKOWIECKI;;HYPERCAR;;Alpine Endurance Team;Alpine;GF;34.509;58.944;31.693;
36;1;23;2:05.259;0;;34.453;0;59.020;0;31.786;0;201.3;53:19.505;14:54:10.668;0:34.453;0:59.020;0:31.786;301.0;Frédéric MAKOWIECKI;;HYPERCAR;;Alpine Endurance Team;Alpine;GF;34.453;59.020;31.786;
36;1;24;2:05.983;0;;34.477;0;59.465;0;32.041;0;200.1;55:25.488;14:56:16.651;0:34.477;0:59.465;0:32.041;301.0;Frédéric MAKOWIECKI;;HYPERCAR;;Alpine Endurance Team;Alpine;GF;34.477;59.465;32.041;
36;1;25;2:08.007;0;;34.359;2;1:00.480;0;33.168;0;197.0;57:33.495;14:58:24.658;0:34.359;1:00.480;0:33.168;302.7;Frédéric MAKOWIECKI;;HYPERCAR;;Alpine Endurance Team;Alpine;GF;34.359;60.480;33.168;
36;1;26;2:08.315;0;;34.579;0;1:01.168;0;32.568;0;196.5;59:41.810;15:00:32.973;0:34.579;1:01.168;0:32.568;308.7;Frédéric MAKOWIECKI;;HYPERCAR;;Alpine Endurance Team;Alpine;GF;34.579;61.168;32.568;
36;1;27;2:12.496;0;B;34.960;0;59.721;0;37.815;0;190.3;1:01:54.306;15:02:45.469;0:34.960;0:59.721;0:37.815;307.0;Frédéric MAKOWIECKI;;HYPERCAR;;Alpine Endurance Team;Alpine;GF;34.960;59.721;37.815;
36;1;28;3:05.223;0;;1:31.710;0;1:00.506;0;33.007;0;136.1;1:04:59.529;15:05:50.692;1:31.710;1:00.506;0:33.007;295.3;Frédéric MAKOWIECKI;0:01:07.863;HYPERCAR;;Alpine Endurance Team;Alpine;GF;91.710;60.506;33.007;
36;1;29;2:08.270;0;;34.733;0;1:01.052;0;32.485;0;196.6;1:07:07.799;15:07:58.962;0:34.733;1:01.052;0:32.485;299.3;Frédéric MAKOWIECKI;;HYPERCAR;;Alpine Endurance Team;Alpine;GF;34.733;61.052;32.485;
36;1;30;2:06.500;0;;34.822;0;59.643;0;32.035;0;199.3;1:09:14.299;15:10:05.462;0:34.822;0:59.643;0:32.035;296.9;Frédéric MAKOWIECKI;;HYPERCAR;;Alpine Endurance Team;Alpine;GF;34.822;59.643;32.035;
36;1;31;2:06.153;0;;34.697;0;59.790;0;31.666;0;199.9;1:11:20.452;15:12:11.615;0:34.697;0:59.790;0:31.666;298.5;Frédéric MAKOWIECKI;;HYPERCAR;;Alpine Endurance Team;Alpine;GF;34.697;59.790;31.666;
36;1;32;2:05.859;0;;34.670;0;59.303;0;31.886;0;200.3;1:13:26.311;15:14:17.474;0:34.670;0:59.303;0:31.886;296.9;Frédéric MAKOWIECKI;;HYPERCAR;;Alpine Endurance Team;Alpine;GF;34.670;59.303;31.886;
36;1;33;2:08.571;0;;34.617;0;1:01.750;0;32.204;0;196.1;1:15:34.882;15:16:26.045;0:34.617;1:01.750;0:32.204;298.5;Frédéric MAKOWIECKI;;HYPERCAR;;Alpine Endurance Team;Alpine;GF;34.617;61.750;32.204;
36;1;34;2:07.760;0;;34.627;0;1:00.664;0;32.469;0;197.4;1:17:42.642;15:18:33.805;0:34.627;1:00.664;0:32.469;298.5;Frédéric MAKOWIECKI;;HYPERCAR;;Alpine Endurance Team;Alpine;GF;34.627;60.664;32.469;
36;1;35;2:08.587;0;;36.109;0;1:00.455;0;32.023;0;196.1;1:19:51.229;15:20:42.392;0:36.109;1:00.455;0:32.023;296.1;Frédéric MAKOWIECKI;;HYPERCAR;;Alpine Endurance Team;Alpine;GF;36.109;60.455;32.023;
36;1;36;2:07.374;0;;34.612;0;1:00.185;0;32.577;0;198.0;1:21:58.603;15:22:49.766;0:34.612;1:00.185;0:32.577;301.0;Frédéric MAKOWIECKI;;HYPERCAR;;Alpine Endurance Team;Alpine;GF;34.612;60.185;32.577;
36;1;37;2:05.936;0;;34.575;0;59.458;0;31.903;0;200.2;1:24:04.539;15:24:55.702;0:34.575;0:59.458;0:31.903;296.9;Frédéric MAKOWIECKI;;HYPERCAR;;Alpine Endurance Team;Alpine;GF;34.575;59.458;31.903;
36;1;38;2:05.927;0;;34.498;0;59.476;0;31.953;0;200.2;1:26:10.466;15:27:01.629;0:34.498;0:59.476;0:31.953;299.3;Frédéric MAKOWIECKI;;HYPERCAR;;Alpine Endurance Team;Alpine;GF;34.498;59.476;31.953;
36;1;39;2:06.203;0;;34.721;0;59.548;0;31.934;0;199.8;1:28:16.669;15:29:07.832;0:34.721;0:59.548;0:31.934;297.7;Frédéric MAKOWIECKI;;HYPERCAR;;Alpine Endurance Team;Alpine;GF;34.721;59.548;31.934;
36;1;40;2:06.669;0;;35.175;0;59.769;0;31.725;0;199.1;1:30:23.338;15:31:14.501;0:35.175;0:59.769;0:31.725;295.3;Frédéric MAKOWIECKI;;HYPERCAR;;Alpine Endurance Team;Alpine;GF;35.175;59.769;31.725;
36;1;41;2:06.362;0;;34.568;0;59.613;0;32.181;0;199.5;1:32:29.700;15:33:20.863;0:34.568;0:59.613;0:32.181;298.5;Frédéric MAKOWIECKI;;HYPERCAR;;Alpine Endurance Team;Alpine;GF;34.568;59.613;32.181;
36;1;42;2:06.529;0;;34.529;0;1:00.010;0;31.990;0;199.3;1:34:36.229;15:35:27.392;0:34.529;1:00.010;0:31.990;303.5;Frédéric MAKOWIECKI;;HYPERCAR;;Alpine Endurance Team;Alpine;GF;34.529;60.010;31.990;
36;1;43;2:09.056;0;;34.620;0;1:01.721;0;32.715;0;195.4;1:36:45.285;15:37:36.448;0:34.620;1:01.721;0:32.715;283.7;Frédéric MAKOWIECKI;;HYPERCAR;;Alpine Endurance Team;Alpine;GF;34.620;61.721;32.715;
36;1;44;2:06.708;0;;34.582;0;59.998;0;32.128;0;199.0;1:38:51.993;15:39:43.156;0:34.582;0:59.998;0:32.128;301.8;Frédéric MAKOWIECKI;;HYPERCAR;;Alpine Endurance Team;Alpine;GF;34.582;59.998;32.128;
36;1;45;2:08.204;0;;34.780;0;1:01.177;0;32.247;0;196.7;1:41:00.197;15:41:51.360;0:34.780;1:01.177;0:32.247;301.0;Frédéric MAKOWIECKI;;HYPERCAR;;Alpine Endurance Team;Alpine;GF;34.780;61.177;32.247;
36;1;46;2:07.630;0;;34.947;0;1:00.448;0;32.235;0;197.6;1:43:07.827;15:43:58.990;0:34.947;1:00.448;0:32.235;311.4;Frédéric MAKOWIECKI;;HYPERCAR;;Alpine Endurance Team;Alpine;GF;34.947;60.448;32.235;
36;1;47;2:06.828;0;;34.623;0;1:00.303;0;31.902;0;198.8;1:45:14.655;15:46:05.818;0:34.623;1:00.303;0:31.902;301.8;Frédéric MAKOWIECKI;;HYPERCAR;;Alpine Endurance Team;Alpine;GF;34.623;60.303;31.902;
36;1;48;2:06.090;0;;34.530;0;59.753;0;31.807;0;200.0;1:47:20.745;15:48:11.908;0:34.530;0:59.753;0:31.807;301.0;Frédéric MAKOWIECKI;;HYPERCAR;;Alpine Endurance Team;Alpine;GF;34.530;59.753;31.807;
36;1;49;2:06.874;0;;34.983;0;59.867;0;32.024;0;198.7;1:49:27.619;15:50:18.782;0:34.983;0:59.867;0:32.024;300.2;Frédéric MAKOWIECKI;;HYPERCAR;;Alpine Endurance Team;Alpine;GF;34.983;59.867;32.024;
36;1;50;2:07.680;0;;34.516;0;1:01.011;0;32.153;0;197.5;1:51:35.299;15:52:26.462;0:34.516;1:01.011;0:32.153;285.2;Frédéric MAKOWIECKI;;HYPERCAR;;Alpine Endurance Team;Alpine;GF;34.516;61.011;32.153;
36;1;51;2:07.912;0;;34.664;0;1:01.246;0;32.002;0;197.1;1:53:43.211;15:54:34.374;0:34.664;1:01.246;0:32.002;297.7;Frédéric MAKOWIECKI;;HYPERCAR;;Alpine Endurance Team;Alpine;GF;34.664;61.246;32.002;
36;1;52;2:14.141;0;B;34.777;0;1:01.133;0;38.231;0;188.0;1:55:57.352;15:56:48.515;0:34.777;1:01.133;0:38.231;307.8;Frédéric MAKOWIECKI;;HYPERCAR;;Alpine Endurance Team;Alpine;GF;34.777;61.133;38.231;
36;3;53;3:23.559;0;;1:48.965;0;1:02.222;0;32.372;0;123.9;1:59:20.911;16:00:12.074;1:48.965;1:02.222;0:32.372;292.9;Victor MARTINS;0:01:21.781;HYPERCAR;;Alpine Endurance Team;Alpine;GF;108.965;62.222;32.372;
36;3;54;2:08.785;0;;34.850;0;1:01.575;0;32.360;0;195.8;2:01:29.696;16:02:20.859;0:34.850;1:01.575;0:32.360;298.5;Victor MARTINS;;HYPERCAR;;Alpine Endurance Team;Alpine;GF;34.850;61.575;32.360;
36;3;55;2:05.980;0;;34.696;0;59.787;0;31.497;2;200.1;2:03:35.676;16:04:26.839;0:34.696;0:59.787;0:31.497;295.3;Victor MARTINS;;HYPERCAR;;Alpine Endurance Team;Alpine;GF;34.696;59.787;31.497;
36;3;56;2:06.334;0;;34.531;0;59.111;0;32.692;0;199.6;2:05:42.010;16:06:33.173;0:34.531;0:59.111;0:32.692;298.5;Victor MARTINS;;HYPERCAR;;Alpine Endurance Team;Alpine;GF;34.531;59.111;32.692;
36;3;57;2:05.794;0;;34.849;0;59.426;0;31.519;0;200.4;2:07:47.804;16:08:38.967;0:34.849;0:59.426;0:31.519;300.2;Victor MARTINS;;HYPERCAR;;Alpine Endurance Team;Alpine;GF;34.849;59.426;31.519;
36;3;58;2:06.160;0;;34.537;0;59.922;0;31.701;0;199.9;2:09:53.964;16:10:45.127;0:34.537;0:59.922;0:31.701;301.8;Victor MARTINS;;HYPERCAR;;Alpine Endurance Team;Alpine;GF;34.537;59.922;31.701;
36;3;59;2:05.729;0;;34.387;1;59.604;0;31.738;0;200.5;2:11:59.693;16:12:50.856;0:34.387;0:59.604;0:31.738;302.7;Victor MARTINS;;HYPERCAR;;Alpine Endurance Team;Alpine;GF;34.387;59.604;31.738;
36;3;60;2:06.498;0;;34.528;0;59.785;0;32.185;0;199.3;2:14:06.191;16:14:57.354;0:34.528;0:59.785;0:32.185;298.5;Victor MARTINS;;HYPERCAR;;Alpine Endurance Team;Alpine;GF;34.528;59.785;32.185;
36;3;61;2:06.613;0;;34.771;0;59.845;0;31.997;0;199.1;2:16:12.804;16:17:03.967;0:34.771;0:59.845;0:31.997;297.7;Victor MARTINS;;HYPERCAR;;Alpine Endurance Team;Alpine;GF;34.771;59.845;31.997;
36;3;62;2:06.256;0;;34.570;0;59.933;0;31.753;0;199.7;2:18:19.060;16:19:10.223;0:34.570;0:59.933;0:31.753;302.7;Victor MARTINS;;HYPERCAR;;Alpine Endurance Team;Alpine;GF;34.570;59.933;31.753;
36;3;63;2:07.668;0;;34.555;0;1:00.567;0;32.546;0;197.5;2:20:26.728;16:21:17.891;0:34.555;1:00.567;0:32.546;299.3;Victor MARTINS;;HYPERCAR;;Alpine Endurance Team;Alpine;GF;34.555;60.567;32.546;
36;3;64;2:06.805;0;;34.901;0;1:00.032;0;31.872;0;198.8;2:22:33.533;16:23:24.696;0:34.901;1:00.032;0:31.872;299.3;Victor MARTINS;;HYPERCAR;;Alpine Endurance Team;Alpine;GF;34.901;60.032;31.872;
36;3;65;2:06.453;0;;34.520;0;1:00.248;0;31.685;0;199.4;2:24:39.986;16:25:31.149;0:34.520;1:00.248;0:31.685;301.8;Victor MARTINS;;HYPERCAR;;Alpine Endurance Team;Alpine;GF;34.520;60.248;31.685;
36;3;66;2:07.169;0;;34.523;0;1:00.322;0;32.324;0;198.3;2:26:47.155;16:27:38.318;0:34.523;1:00.322;0:32.324;301.0;Victor MARTINS;;HYPERCAR;;Alpine Endurance Team;Alpine;GF;34.523;60.322;32.324;
36;3;67;2:06.694;0;;35.621;0;59.500;0;31.573;0;199.0;2:28:53.849;16:29:45.012;0:35.621;0:59.500;0:31.573;301.8;Victor MARTINS;;HYPERCAR;;Alpine Endurance Team;Alpine;GF;35.621;59.500;31.573;
36;3;68;2:05.074;2;;34.531;0;59.030;0;31.513;0;201.6;2:30:58.923;16:31:50.086;0:34.531;0:59.030;0:31.513;301.8;Victor MARTINS;;HYPERCAR;;Alpine Endurance Team;Alpine;GF;34.531;59.030;31.513;
36;3;69;2:05.793;0;;34.522;0;59.599;0;31.672;0;200.4;2:33:04.716;16:33:55.879;0:34.522;0:59.599;0:31.672;301.8;Victor MARTINS;;HYPERCAR;;Alpine Endurance Team;Alpine;GF;34.522;59.599;31.672;
36;3;70;2:06.671;0;;34.720;0;1:00.130;0;31.821;0;199.1;2:35:11.387;16:36:02.550;0:34.720;1:00.130;0:31.821;298.5;Victor MARTINS;;HYPERCAR;;Alpine Endurance Team;Alpine;GF;34.720;60.130;31.821;
36;3;71;2:10.513;0;;35.353;0;1:02.988;0;32.172;0;193.2;2:37:21.900;16:38:13.063;0:35.353;1:02.988;0:32.172;308.7;Victor MARTINS;;HYPERCAR;;Alpine Endurance Team;Alpine;GF;35.353;62.988;32.172;
36;3;72;2:08.212;0;;34.943;0;1:00.730;0;32.539;0;196.7;2:39:30.112;16:40:21.275;0:34.943;1:00.730;0:32.539;301.0;Victor MARTINS;;HYPERCAR;;Alpine Endurance Team;Alpine;GF;34.943;60.730;32.539;
36;3;73;2:07.753;0;;34.637;0;1:01.106;0;32.010;0;197.4;2:41:37.865;16:42:29.028;0:34.637;1:01.106;0:32.010;292.1;Victor MARTINS;;HYPERCAR;;Alpine Endurance Team;Alpine;GF;34.637;61.106;32.010;
36;3;74;2:07.980;0;;34.804;0;1:00.106;0;33.070;0;197.0;2:43:45.845;16:44:37.008;0:34.804;1:00.106;0:33.070;298.5;Victor MARTINS;;HYPERCAR;;Alpine Endurance Team;Alpine;GF;34.804;60.106;33.070;
36;3;75;3:30.789;0;;34.762;0;1:32.122;0;1:23.905;0;119.6;2:47:16.634;16:48:07.797;0:34.762;1:32.122;1:23.905;300.2;Victor MARTINS;;HYPERCAR;;Alpine Endurance Team;Alpine;GF;34.762;92.122;83.905;
36;3;76;2:08.565;0;;35.716;0;1:01.054;0;31.795;0;196.1;2:49:25.199;16:50:16.362;0:35.716;1:01.054;0:31.795;278.6;Victor MARTINS;;HYPERCAR;;Alpine Endurance Team;Alpine;GF;35.716;61.054;31.795;
36;3;77;2:14.532;0;B;34.622;0;1:01.354;0;38.556;0;187.4;2:51:39.731;16:52:30.894;0:34.622;1:01.354;0:38.556;294.5;Victor MARTINS;;HYPERCAR;;Alpine Endurance Team;Alpine;GF;34.622;61.354;38.556;
36;2;78;3:08.553;0;;1:32.991;0;1:02.717;0;32.845;0;133.7;2:54:48.284;16:55:39.447;1:32.991;1:02.717;0:32.845;292.1;Jules GOUNON;0:01:07.792;HYPERCAR;;Alpine Endurance Team;Alpine;GF;92.991;62.717;32.845;
36;2;79;2:08.781;0;;35.068;0;1:01.524;0;32.189;0;195.8;2:56:57.065;16:57:48.228;0:35.068;1:01.524;0:32.189;296.9;Jules GOUNON;;HYPERCAR;;Alpine Endurance Team;Alpine;GF;35.068;61.524;32.189;
36;2;80;2:07.296;0;;35.079;0;1:00.182;0;32.035;0;198.1;2:59:04.361;16:59:55.524;0:35.079;1:00.182;0:32.035;305.2;Jules GOUNON;;HYPERCAR;;Alpine Endurance Team;Alpine;GF;35.079;60.182;32.035;
36;2;81;2:07.475;0;;34.886;0;1:00.544;0;32.045;0;197.8;3:01:11.836;17:02:02.999;0:34.886;1:00.544;0:32.045;299.3;Jules GOUNON;;HYPERCAR;;Alpine Endurance Team;Alpine;GF;34.886;60.544;32.045;
36;2;82;2:08.685;0;;34.930;0;1:01.144;0;32.611;0;195.9;3:03:20.521;17:04:11.684;0:34.930;1:01.144;0:32.611;300.2;Jules GOUNON;;HYPERCAR;;Alpine Endurance Team;Alpine;GF;34.930;61.144;32.611;
36;2;83;2:07.469;0;;35.012;0;1:00.325;0;32.132;0;197.8;3:05:27.990;17:06:19.153;0:35.012;1:00.325;0:32.132;296.9;Jules GOUNON;;HYPERCAR;;Alpine Endurance Team;Alpine;GF;35.012;60.325;32.132;
36;2;84;2:08.828;0;;34.963;0;1:01.827;0;32.038;0;195.7;3:07:36.818;17:08:27.981;0:34.963;1:01.827;0:32.038;298.5;Jules GOUNON;;HYPERCAR;;Alpine Endurance Team;Alpine;GF;34.963;61.827;32.038;
36;2;85;2:06.643;0;;34.854;0;59.879;0;31.910;0;199.1;3:09:43.461;17:10:34.624;0:34.854;0:59.879;0:31.910;296.9;Jules GOUNON;;HYPERCAR;;Alpine Endurance Team;Alpine;GF;34.854;59.879;31.910;
36;2;86;2:07.342;0;;34.817;0;1:00.398;0;32.127;0;198.0;3:11:50.803;17:12:41.966;0:34.817;1:00.398;0:32.127;297.7;Jules GOUNON;;HYPERCAR;;Alpine Endurance Team;Alpine;GF;34.817;60.398;32.127;
36;2;87;2:07.508;0;;34.809;0;1:00.222;0;32.477;0;197.7;3:13:58.311;17:14:49.474;0:34.809;1:00.222;0:32.477;303.5;Jules GOUNON;;HYPERCAR;;Alpine Endurance Team;Alpine;GF;34.809;60.222;32.477;
36;2;88;2:07.317;0;;34.747;0;1:00.646;0;31.924;0;198.0;3:16:05.628;17:16:56.791;0:34.747;1:00.646;0:31.924;303.5;Jules GOUNON;;HYPERCAR;;Alpine Endurance Team;Alpine;GF;34.747;60.646;31.924;
36;2;89;2:06.415;0;;34.752;0;59.789;0;31.874;0;199.5;3:18:12.043;17:19:03.206;0:34.752;0:59.789;0:31.874;303.5;Jules GOUNON;;HYPERCAR;;Alpine Endurance Team;Alpine;GF;34.752;59.789;31.874;
36;2;90;2:06.097;0;;34.716;0;59.570;0;31.811;0;200.0;3:20:18.140;17:21:09.303;0:34.716;0:59.570;0:31.811;302.7;Jules GOUNON;;HYPERCAR;;Alpine Endurance Team;Alpine;GF;34.716;59.570;31.811;
36;2;91;2:07.973;0;;34.840;0;1:00.792;0;32.341;0;197.0;3:22:26.113;17:23:17.276;0:34.840;1:00.792;0:32.341;306.1;Jules GOUNON;;HYPERCAR;;Alpine Endurance Team;Alpine;GF;34.840;60.792;32.341;
36;2;92;2:06.704;0;;34.647;0;1:00.241;0;31.816;0;199.0;3:24:32.817;17:25:23.980;0:34.647;1:00.241;0:31.816;305.2;Jules GOUNON;;HYPERCAR;;Alpine Endurance Team;Alpine;GF;34.647;60.241;31.816;
36;2;93;2:07.859;0;;34.982;0;1:00.529;0;32.348;0;197.2;3:26:40.676;17:27:31.839;0:34.982;1:00.529;0:32.348;303.5;Jules GOUNON;;HYPERCAR;;Alpine Endurance Team;Alpine;GF;34.982;60.529;32.348;
36;2;94;2:09.565;0;;35.767;0;1:01.586;0;32.212;0;194.6;3:28:50.241;17:29:41.404;0:35.767;1:01.586;0:32.212;305.2;Jules GOUNON;;HYPERCAR;;Alpine Endurance Team;Alpine;GF;35.767;61.586;32.212;
36;2;95;2:07.966;0;;34.946;0;1:00.492;0;32.528;0;197.0;3:30:58.207;17:31:49.370;0:34.946;1:00.492;0:32.528;307.0;Jules GOUNON;;HYPERCAR;;Alpine Endurance Team;Alpine;GF;34.946;60.492;32.528;
36;2;96;2:07.621;0;;34.661;0;1:00.541;0;32.419;0;197.6;3:33:05.828;17:33:56.991;0:34.661;1:00.541;0:32.419;292.9;Jules GOUNON;;HYPERCAR;;Alpine Endurance Team;Alpine;GF;34.661;60.541;32.419;
36;2;97;2:08.793;0;;35.007;0;1:01.805;0;31.981;0;195.8;3:35:14.621;17:36:05.784;0:35.007;1:01.805;0:31.981;309.6;Jules GOUNON;;HYPERCAR;;Alpine Endurance Team;Alpine;GF;35.007;61.805;31.981;
36;2;98;2:07.731;0;;34.694;0;1:00.243;0;32.794;0;197.4;3:37:22.352;17:38:13.515;0:34.694;1:00.243;0:32.794;309.6;Jules GOUNON;;HYPERCAR;;Alpine Endurance Team;Alpine;GF;34.694;60.243;32.794;
36;2;99;2:06.419;0;;34.732;0;59.889;0;31.798;0;199.4;3:39:28.771;17:40:19.934;0:34.732;0:59.889;0:31.798;306.1;Jules GOUNON;;HYPERCAR;;Alpine Endurance Team;Alpine;GF;34.732;59.889;31.798;
36;2;100;2:06.598;0;;34.625;0;1:00.224;0;31.749;0;199.2;3:41:35.369;17:42:26.532;0:34.625;1:00.224;0:31.749;307.8;Jules GOUNON;;HYPERCAR;;Alpine Endurance Team;Alpine;GF;34.625;60.224;31.749;
36;2;101;2:06.931;0;;34.501;0;1:00.318;0;32.112;0;198.6;3:43:42.300;17:44:33.463;0:34.501;1:00.318;0:32.112;307.0;Jules GOUNON;;HYPERCAR;;Alpine Endurance Team;Alpine;GF;34.501;60.318;32.112;
36;2;102;2:13.371;0;B;34.484;1;1:00.265;0;38.622;0;189.1;3:45:55.671;17:46:46.834;0:34.484;1:00.265;0:38.622;307.0;Jules GOUNON;;HYPERCAR;;Alpine Endurance Team;Alpine;GF;34.484;60.265;38.622;
36;2;103;3:20.123;0;;1:46.951;0;1:01.166;0;32.006;0;126.0;3:49:15.794;17:50:06.957;1:46.951;1:01.166;0:32.006;280.0;Jules GOUNON;0:01:19.787;HYPERCAR;;Alpine Endurance Team;Alpine;GF;106.951;61.166;32.006;
36;2;104;3:08.848;0;;34.840;0;1:09.365;0;1:24.643;0;133.5;3:52:24.642;17:53:15.805;0:34.840;1:09.365;1:24.643;298.5;Jules GOUNON;;HYPERCAR;;Alpine Endurance Team;Alpine;GF;34.840;69.365;84.643;
36;2;105;5:14.383;0;;1:41.295;0;2:08.202;0;1:24.886;0;80.2;3:57:39.025;17:58:30.188;1:41.295;2:08.202;1:24.886;79.9;Jules GOUNON;;HYPERCAR;;Alpine Endurance Team;Alpine;GF;101.295;128.202;84.886;
36;2;106;5:04.192;0;;1:41.564;0;2:07.989;0;1:14.639;0;82.9;4:02:43.217;18:03:34.380;1:41.564;2:07.989;1:14.639;79.9;Jules GOUNON;;HYPERCAR;;Alpine Endurance Team;Alpine;SF;101.564;127.989;74.639;
36;2;107;2:50.858;0;;49.132;0;1:15.335;0;46.391;0;147.6;4:05:34.075;18:06:25.238;0:49.132;1:15.335;0:46.391;164.7;Jules GOUNON;;HYPERCAR;;Alpine Endurance Team;Alpine;SF;49.132;75.335;46.391;
36;2;108;4:25.902;0;;1:05.896;0;1:59.547;0;1:20.459;0;94.8;4:09:59.977;18:10:51.140;1:05.896;1:59.547;1:20.459;88.6;Jules GOUNON;;HYPERCAR;;Alpine Endurance Team;Alpine;SF;65.896;119.547;80.459;
36;2;109;4:26.910;0;;1:22.413;0;1:48.201;0;1:16.296;0;94.5;4:14:26.887;18:15:18.050;1:22.413;1:48.201;1:16.296;90.5;Jules GOUNON;;HYPERCAR;;Alpine Endurance Team;Alpine;SF;82.413;108.201;76.296;
36;2;110;3:08.276;0;;1:03.524;0;1:15.289;0;49.463;0;133.9;4:17:35.163;18:18:26.326;1:03.524;1:15.289;0:49.463;202.9;Jules GOUNON;;HYPERCAR;;Alpine Endurance Team;Alpine;GF;63.524;75.289;49.463;
36;2;111;2:08.089;0;;35.563;0;1:00.560;0;31.966;0;196.8;4:19:43.252;18:20:34.415;0:35.563;1:00.560;0:31.966;272.3;Jules GOUNON;;HYPERCAR;;Alpine Endurance Team;Alpine;GF;35.563;60.560;31.966;
36;2;112;2:06.172;0;;34.878;0;59.590;0;31.704;0;199.8;4:21:49.424;18:22:40.587;0:34.878;0:59.590;0:31.704;306.1;Jules GOUNON;;HYPERCAR;;Alpine Endurance Team;Alpine;GF;34.878;59.590;31.704;
36;2;113;2:05.745;0;;34.814;0;59.229;0;31.702;0;200.5;4:23:55.169;18:24:46.332;0:34.814;0:59.229;0:31.702;307.0;Jules GOUNON;;HYPERCAR;;Alpine Endurance Team;Alpine;GF;34.814;59.229;31.702;
36;2;114;2:05.958;0;;34.739;0;59.308;0;31.911;0;200.2;4:26:01.127;18:26:52.290;0:34.739;0:59.308;0:31.911;307.0;Jules GOUNON;;HYPERCAR;;Alpine Endurance Team;Alpine;GF;34.739;59.308;31.911;
36;2;115;2:06.343;0;;34.856;0;59.615;0;31.872;0;199.6;4:28:07.470;18:28:58.633;0:34.856;0:59.615;0:31.872;305.2;Jules GOUNON;;HYPERCAR;;Alpine Endurance Team;Alpine;GF;34.856;59.615;31.872;
36;2;116;2:06.647;0;;34.806;0;59.898;0;31.943;0;199.1;4:30:14.117;18:31:05.280;0:34.806;0:59.898;0:31.943;296.9;Jules GOUNON;;HYPERCAR;;Alpine Endurance Team;Alpine;GF;34.806;59.898;31.943;
36;2;117;2:05.994;0;;34.703;0;59.431;0;31.860;0;200.1;4:32:20.111;18:33:11.274;0:34.703;0:59.431;0:31.860;303.5;Jules GOUNON;;HYPERCAR;;Alpine Endurance Team;Alpine;GF;34.703;59.431;31.860;
36;2;118;2:06.717;0;;34.777;0;59.867;0;32.073;0;199.0;4:34:26.828;18:35:17.991;0:34.777;0:59.867;0:32.073;299.3;Jules GOUNON;;HYPERCAR;;Alpine Endurance Team;Alpine;GF;34.777;59.867;32.073;
36;2;119;2:09.310;0;;34.959;0;1:01.051;0;33.300;0;195.0;4:36:36.138;18:37:27.301;0:34.959;1:01.051;0:33.300;298.5;Jules GOUNON;;HYPERCAR;;Alpine Endurance Team;Alpine;GF;34.959;61.051;33.300;
36;2;120;2:11.143;0;;35.340;0;1:02.804;0;32.999;0;192.3;4:38:47.281;18:39:38.444;0:35.340;1:02.804;0:32.999;306.1;Jules GOUNON;;HYPERCAR;;Alpine Endurance Team;Alpine;GF;35.340;62.804;32.999;
36;2;121;2:07.096;0;;34.910;0;1:00.193;0;31.993;0;198.4;4:40:54.377;18:41:45.540;0:34.910;1:00.193;0:31.993;298.5;Jules GOUNON;;HYPERCAR;;Alpine Endurance Team;Alpine;GF;34.910;60.193;31.993;
36;2;122;2:06.528;0;;34.800;0;59.719;0;32.009;0;199.3;4:43:00.905;18:43:52.068;0:34.800;0:59.719;0:32.009;299.3;Jules GOUNON;;HYPERCAR;;Alpine Endurance Team;Alpine;GF;34.800;59.719;32.009;
36;2;123;2:06.510;0;;34.688;0;59.925;0;31.897;0;199.3;4:45:07.415;18:45:58.578;0:34.688;0:59.925;0:31.897;303.5;Jules GOUNON;;HYPERCAR;;Alpine Endurance Team;Alpine;GF;34.688;59.925;31.897;
36;2;124;2:06.741;0;;34.709;0;1:00.012;0;32.020;0;198.9;4:47:14.156;18:48:05.319;0:34.709;1:00.012;0:32.020;299.3;Jules GOUNON;;HYPERCAR;;Alpine Endurance Team;Alpine;GF;34.709;60.012;32.020;
36;2;125;2:06.740;0;;34.575;0;59.978;0;32.187;0;198.9;4:49:20.896;18:50:12.059;0:34.575;0:59.978;0:32.187;308.7;Jules GOUNON;;HYPERCAR;;Alpine Endurance Team;Alpine;GF;34.575;59.978;32.187;
36;2;126;2:07.756;0;;34.784;0;1:00.867;0;32.105;0;197.4;4:51:28.652;18:52:19.815;0:34.784;1:00.867;0:32.105;300.2;Jules GOUNON;;HYPERCAR;;Alpine Endurance Team;Alpine;GF;34.784;60.867;32.105;
36;2;127;2:06.271;0;;34.619;0;59.900;0;31.752;0;199.7;4:53:34.923;18:54:26.086;0:34.619;0:59.900;0:31.752;315.0;Jules GOUNON;;HYPERCAR;;Alpine Endurance Team;Alpine;GF;34.619;59.900;31.752;
36;2;128;2:05.284;0;;34.626;0;59.045;1;31.613;1;201.3;4:55:40.207;18:56:31.370;0:34.626;0:59.045;0:31.613;309.6;Jules GOUNON;;HYPERCAR;;Alpine Endurance Team;Alpine;GF;34.626;59.045;31.613;
36;2;129;2:07.669;0;;34.556;0;1:01.025;0;32.088;0;197.5;4:57:47.876;18:58:39.039;0:34.556;1:01.025;0:32.088;307.0;Jules GOUNON;;HYPERCAR;;Alpine Endurance Team;Alpine;GF;34.556;61.025;32.088;
36;2;130;2:17.208;0;B;37.500;0;1:01.613;0;38.095;0;183.8;5:00:05.084;19:00:56.247;0:37.500;1:01.613;0:38.095;289.0;Jules GOUNON;;HYPERCAR;;Alpine Endurance Team;Alpine;GF;37.500;61.613;38.095;
36;3;131;6:26.103;0;;2:50.744;0;2:09.161;0;1:26.198;0;65.3;5:06:31.187;19:07:22.350;2:50.744;2:09.161;1:26.198;79.4;Victor MARTINS;0:01:30.428;HYPERCAR;;Alpine Endurance Team;Alpine;GF;170.744;129.161;86.198;
36;3;132;5:17.541;0;;1:42.977;0;2:08.438;0;1:26.126;0;79.4;5:11:48.728;19:12:39.891;1:42.977;2:08.438;1:26.126;79.8;Victor MARTINS;;HYPERCAR;;Alpine Endurance Team;Alpine;GF;102.977;128.438;86.126;
36;3;133;3:12.851;0;;1:22.724;0;1:11.187;0;38.940;0;130.7;5:15:01.579;19:15:52.742;1:22.724;1:11.187;0:38.940;224.8;Victor MARTINS;;HYPERCAR;;Alpine Endurance Team;Alpine;SF;82.724;71.187;38.940;
36;3;134;3:51.997;0;;43.360;0;1:49.977;0;1:18.660;0;108.7;5:18:53.576;19:19:44.739;0:43.360;1:49.977;1:18.660;248.0;Victor MARTINS;;HYPERCAR;;Alpine Endurance Team;Alpine;SF;43.360;109.977;78.660;
36;3;135;4:03.042;0;;1:32.249;0;1:30.139;0;1:00.654;0;103.7;5:22:56.618;19:23:47.781;1:32.249;1:30.139;1:00.654;56.9;Victor MARTINS;;HYPERCAR;;Alpine Endurance Team;Alpine;SF;92.249;90.139;60.654;
36;3;136;2:52.093;0;;48.540;0;1:16.617;0;46.936;0;146.5;5:25:48.711;19:26:39.874;0:48.540;1:16.617;0:46.936;231.5;Victor MARTINS;;HYPERCAR;;Alpine Endurance Team;Alpine;GF;48.540;76.617;46.936;
36;3;137;2:36.992;0;;39.052;0;1:16.129;0;41.811;0;160.6;5:28:25.703;19:29:16.866;0:39.052;1:16.129;0:41.811;157.7;Victor MARTINS;;HYPERCAR;;Alpine Endurance Team;Alpine;SF;39.052;76.129;41.811;
36;3;138;4:15.489;0;;1:19.043;0;1:42.742;0;1:13.704;0;98.7;5:32:41.192;19:33:32.355;1:19.043;1:42.742;1:13.704;53.2;Victor MARTINS;;HYPERCAR;;Alpine Endurance Team;Alpine;SF;79.043;102.742;73.704;
36;3;139;3:38.594;0;;1:34.184;0;1:17.150;0;47.260;0;115.3;5:36:19.786;19:37:10.949;1:34.184;1:17.150;0:47.260;79.7;Victor MARTINS;;HYPERCAR;;Alpine Endurance Team;Alpine;GF;94.184;77.150;47.260;
36;3;140;2:12.586;0;;37.147;0;1:02.342;0;33.097;0;190.2;5:38:32.372;19:39:23.535;0:37.147;1:02.342;0:33.097;267.6;Victor MARTINS;;HYPERCAR;;Alpine Endurance Team;Alpine;GF;37.147;62.342;33.097;
36;3;141;2:06.268;0;;35.400;0;59.230;0;31.638;0;199.7;5:40:38.640;19:41:29.803;0:35.400;0:59.230;0:31.638;299.3;Victor MARTINS;;HYPERCAR;;Alpine Endurance Team;Alpine;GF;35.400;59.230;31.638;
36;3;142;2:05.158;0;;34.652;0;58.927;1;31.579;0;201.5;5:42:43.798;19:43:34.961;0:34.652;0:58.927;0:31.579;312.3;Victor MARTINS;;HYPERCAR;;Alpine Endurance Team;Alpine;GF;34.652;58.927;31.579;
36;3;143;2:05.625;0;;34.440;0;59.546;0;31.639;0;200.7;5:44:49.423;19:45:40.586;0:34.440;0:59.546;0:31.639;316.8;Victor MARTINS;;HYPERCAR;;Alpine Endurance Team;Alpine;GF;34.440;59.546;31.639;
36;3;144;2:05.628;0;;34.799;0;59.217;0;31.612;0;200.7;5:46:55.051;19:47:46.214;0:34.799;0:59.217;0:31.612;315.9;Victor MARTINS;;HYPERCAR;;Alpine Endurance Team;Alpine;GF;34.799;59.217;31.612;
36;3;145;2:06.416;0;;34.533;0;59.868;0;32.015;0;199.5;5:49:01.467;19:49:52.630;0:34.533;0:59.868;0:32.015;315.0;Victor MARTINS;;HYPERCAR;;Alpine Endurance Team;Alpine;GF;34.533;59.868;32.015;
36;3;146;2:06.686;0;;34.626;0;1:00.248;0;31.812;0;199.0;5:51:08.153;19:51:59.316;0:34.626;1:00.248;0:31.812;304.4;Victor MARTINS;;HYPERCAR;;Alpine Endurance Team;Alpine;GF;34.626;60.248;31.812;
36;3;147;2:06.857;0;;34.601;0;1:00.284;0;31.972;0;198.8;5:53:15.010;19:54:06.173;0:34.601;1:00.284;0:31.972;313.2;Victor MARTINS;;HYPERCAR;;Alpine Endurance Team;Alpine;GF;34.601;60.284;31.972;
36;3;148;2:06.779;0;;34.728;0;1:00.232;0;31.819;0;198.9;5:55:21.789;19:56:12.952;0:34.728;1:00.232;0:31.819;301.8;Victor MARTINS;;HYPERCAR;;Alpine Endurance Team;Alpine;GF;34.728;60.232;31.819;
36;3;149;2:09.724;0;;34.741;0;1:01.267;0;33.716;0;194.4;5:57:31.513;19:58:22.676;0:34.741;1:01.267;0:33.716;310.5;Victor MARTINS;;HYPERCAR;;Alpine Endurance Team;Alpine;GF;34.741;61.267;33.716;
36;3;150;2:08.554;0;;35.377;0;1:00.038;0;33.139;0;196.1;5:59:40.067;20:00:31.230;0:35.377;1:00.038;0:33.139;301.0;Victor MARTINS;;HYPERCAR;;Alpine Endurance Team;Alpine;GF;35.377;60.038;33.139;
36;3;151;2:09.345;0;;35.706;0;1:01.425;0;32.214;0;194.9;6:01:49.412;20:02:40.575;0:35.706;1:01.425;0:32.214;303.5;Victor MARTINS;;HYPERCAR;;Alpine Endurance Team;Alpine;FF;35.706;61.425;32.214;
38;1;1;2:07.108;0;;35.536;0;59.844;0;31.728;0;194.9;2:07.108;14:02:58.271;0:35.536;0:59.844;0:31.728;292.9;Earl BAMBER;;HYPERCAR;;Cadillac Hertz Team Jota;Cadillac;GF;35.536;59.844;31.728;
38;1;2;2:05.568;0;;34.838;0;58.971;0;31.759;0;200.8;4:12.676;14:05:03.839;0:34.838;0:58.971;0:31.759;292.1;Earl BAMBER;;HYPERCAR;;Cadillac Hertz Team Jota;Cadillac;GF;34.838;58.971;31.759;
38;1;3;2:05.353;0;;34.744;0;58.890;0;31.719;0;201.1;6:18.029;14:07:09.192;0:34.744;0:58.890;0:31.719;281.5;Earl BAMBER;;HYPERCAR;;Cadillac Hertz Team Jota;Cadillac;GF;34.744;58.890;31.719;
38;1;4;2:05.304;0;;34.616;0;58.921;0;31.767;0;201.2;8:23.333;14:09:14.496;0:34.616;0:58.921;0:31.767;289.7;Earl BAMBER;;HYPERCAR;;Cadillac Hertz Team Jota;Cadillac;GF;34.616;58.921;31.767;
38;1;5;2:05.555;0;;34.717;0;58.996;0;31.842;0;200.8;10:28.888;14:11:20.051;0:34.717;0:58.996;0:31.842;286.7;Earl BAMBER;;HYPERCAR;;Cadillac Hertz Team Jota;Cadillac;GF;34.717;58.996;31.842;
38;1;6;2:07.244;0;;34.737;0;59.447;0;33.060;0;198.2;12:36.132;14:13:27.295;0:34.737;0:59.447;0:33.060;293.7;Earl BAMBER;;HYPERCAR;;Cadillac Hertz Team Jota;Cadillac;GF;34.737;59.447;33.060;
38;1;7;2:28.137;0;;34.621;0;59.436;0;54.080;0;170.2;15:04.269;14:15:55.432;0:34.621;0:59.436;0:54.080;314.1;Earl BAMBER;;HYPERCAR;;Cadillac Hertz Team Jota;Cadillac;SF;34.621;59.436;54.080;
38;1;8;4:45.910;0;;1:27.818;0;1:56.188;0;1:21.904;0;88.2;19:50.179;14:20:41.342;1:27.818;1:56.188;1:21.904;87.4;Earl BAMBER;;HYPERCAR;;Cadillac Hertz Team Jota;Cadillac;SF;87.818;116.188;81.904;
38;1;9;3:07.533;0;;1:07.258;0;1:20.950;0;39.325;0;134.5;22:57.712;14:23:48.875;1:07.258;1:20.950;0:39.325;153.1;Earl BAMBER;;HYPERCAR;;Cadillac Hertz Team Jota;Cadillac;SF;67.258;80.950;39.325;
38;1;10;3:00.216;0;;47.890;0;1:20.413;0;51.913;0;139.9;25:57.928;14:26:49.091;0:47.890;1:20.413;0:51.913;183.4;Earl BAMBER;;HYPERCAR;;Cadillac Hertz Team Jota;Cadillac;GF;47.890;80.413;51.913;
38;1;11;2:06.425;0;;34.850;0;59.853;0;31.722;0;199.4;28:04.353;14:28:55.516;0:34.850;0:59.853;0:31.722;292.1;Earl BAMBER;;HYPERCAR;;Cadillac Hertz Team Jota;Cadillac;GF;34.850;59.853;31.722;
38;1;12;2:05.954;0;;34.717;0;59.519;0;31.718;0;200.2;30:10.307;14:31:01.470;0:34.717;0:59.519;0:31.718;282.9;Earl BAMBER;;HYPERCAR;;Cadillac Hertz Team Jota;Cadillac;GF;34.717;59.519;31.718;
38;1;13;2:05.356;0;;34.608;0;59.145;0;31.603;0;201.1;32:15.663;14:33:06.826;0:34.608;0:59.145;0:31.603;291.3;Earl BAMBER;;HYPERCAR;;Cadillac Hertz Team Jota;Cadillac;GF;34.608;59.145;31.603;
38;1;14;2:05.766;0;;34.502;0;59.471;0;31.793;0;200.5;34:21.429;14:35:12.592;0:34.502;0:59.471;0:31.793;293.7;Earl BAMBER;;HYPERCAR;;Cadillac Hertz Team Jota;Cadillac;GF;34.502;59.471;31.793;
38;1;15;2:06.123;0;;34.456;2;59.904;0;31.763;0;199.9;36:27.552;14:37:18.715;0:34.456;0:59.904;0:31.763;294.5;Earl BAMBER;;HYPERCAR;;Cadillac Hertz Team Jota;Cadillac;GF;34.456;59.904;31.763;
38;1;16;2:06.188;0;;34.555;0;59.894;0;31.739;0;199.8;38:33.740;14:39:24.903;0:34.555;0:59.894;0:31.739;292.9;Earl BAMBER;;HYPERCAR;;Cadillac Hertz Team Jota;Cadillac;GF;34.555;59.894;31.739;
38;1;17;2:06.609;0;;34.548;0;1:00.172;0;31.889;0;199.1;40:40.349;14:41:31.512;0:34.548;1:00.172;0:31.889;293.7;Earl BAMBER;;HYPERCAR;;Cadillac Hertz Team Jota;Cadillac;GF;34.548;60.172;31.889;
38;1;18;2:44.966;0;B;36.010;0;1:12.604;0;56.352;0;152.8;43:25.315;14:44:16.478;0:36.010;1:12.604;0:56.352;303.5;Earl BAMBER;;HYPERCAR;;Cadillac Hertz Team Jota;Cadillac;GF;36.010;72.604;56.352;
38;1;19;3:09.820;0;;1:36.530;0;1:01.218;0;32.072;0;132.8;46:35.135;14:47:26.298;1:36.530;1:01.218;0:32.072;277.8;Earl BAMBER;0:01:08.847;HYPERCAR;;Cadillac Hertz Team Jota;Cadillac;GF;96.530;61.218;32.072;
38;1;20;2:05.838;0;;34.878;0;59.231;0;31.729;0;200.4;48:40.973;14:49:32.136;0:34.878;0:59.231;0:31.729;289.0;Earl BAMBER;;HYPERCAR;;Cadillac Hertz Team Jota;Cadillac;GF;34.878;59.231;31.729;
38;1;21;2:04.848;2;;34.769;0;58.502;2;31.577;0;202.0;50:45.821;14:51:36.984;0:34.769;0:58.502;0:31.577;289.7;Earl BAMBER;;HYPERCAR;;Cadillac Hertz Team Jota;Cadillac;GF;34.769;58.502;31.577;
38;1;22;2:05.783;0;;34.921;0;59.247;0;31.615;0;200.5;52:51.604;14:53:42.767;0:34.921;0:59.247;0:31.615;291.3;Earl BAMBER;;HYPERCAR;;Cadillac Hertz Team Jota;Cadillac;GF;34.921;59.247;31.615;
38;1;23;2:19.428;0;B;34.869;0;1:02.930;0;41.629;0;180.8;55:11.032;14:56:02.195;0:34.869;1:02.930;0:41.629;285.9;Earl BAMBER;;HYPERCAR;;Cadillac Hertz Team Jota;Cadillac;GF;34.869;62.930;41.629;
38;1;24;31:47.238;0;;30:12.172;0;1:02.309;0;32.757;0;13.2;1:26:58.270;15:27:49.433;30:12.172;1:02.309;0:32.757;266.2;Earl BAMBER;0:29:45.300;HYPERCAR;;Cadillac Hertz Team Jota;Cadillac;GF;1812.172;62.309;32.757;
38;1;25;2:08.032;0;;35.581;0;1:00.253;0;32.198;0;196.9;1:29:06.302;15:29:57.465;0:35.581;1:00.253;0:32.198;279.3;Earl BAMBER;;HYPERCAR;;Cadillac Hertz Team Jota;Cadillac;GF;35.581;60.253;32.198;
38;1;26;2:05.899;0;;35.330;0;58.938;0;31.631;0;200.3;1:31:12.201;15:32:03.364;0:35.330;0:58.938;0:31.631;288.2;Earl BAMBER;;HYPERCAR;;Cadillac Hertz Team Jota;Cadillac;GF;35.330;58.938;31.631;
38;1;27;2:07.333;0;;35.152;0;1:00.450;0;31.731;0;198.0;1:33:19.534;15:34:10.697;0:35.152;1:00.450;0:31.731;287.4;Earl BAMBER;;HYPERCAR;;Cadillac Hertz Team Jota;Cadillac;GF;35.152;60.450;31.731;
38;1;28;2:05.827;0;;35.355;0;58.747;0;31.725;0;200.4;1:35:25.361;15:36:16.524;0:35.355;0:58.747;0:31.725;286.7;Earl BAMBER;;HYPERCAR;;Cadillac Hertz Team Jota;Cadillac;GF;35.355;58.747;31.725;
38;1;29;2:07.044;0;;36.552;0;58.891;0;31.601;0;198.5;1:37:32.405;15:38:23.568;0:36.552;0:58.891;0:31.601;281.5;Earl BAMBER;;HYPERCAR;;Cadillac Hertz Team Jota;Cadillac;GF;36.552;58.891;31.601;
38;1;30;2:06.639;0;;35.199;0;59.385;0;32.055;0;199.1;1:39:39.044;15:40:30.207;0:35.199;0:59.385;0:32.055;289.0;Earl BAMBER;;HYPERCAR;;Cadillac Hertz Team Jota;Cadillac;GF;35.199;59.385;32.055;
38;1;31;2:07.688;0;;35.424;0;1:00.487;0;31.777;0;197.5;1:41:46.732;15:42:37.895;0:35.424;1:00.487;0:31.777;291.3;Earl BAMBER;;HYPERCAR;;Cadillac Hertz Team Jota;Cadillac;GF;35.424;60.487;31.777;
38;1;32;2:08.292;0;;35.417;0;1:00.628;0;32.247;0;196.5;1:43:55.024;15:44:46.187;0:35.417;1:00.628;0:32.247;297.7;Earl BAMBER;;HYPERCAR;;Cadillac Hertz Team Jota;Cadillac;GF;35.417;60.628;32.247;
38;1;33;2:07.737;0;;35.163;0;1:00.798;0;31.776;0;197.4;1:46:02.761;15:46:53.924;0:35.163;1:00.798;0:31.776;295.3;Earl BAMBER;;HYPERCAR;;Cadillac Hertz Team Jota;Cadillac;GF;35.163;60.798;31.776;
38;1;34;2:09.170;0;;35.831;0;1:01.175;0;32.164;0;195.2;1:48:11.931;15:49:03.094;0:35.831;1:01.175;0:32.164;292.1;Earl BAMBER;;HYPERCAR;;Cadillac Hertz Team Jota;Cadillac;GF;35.831;61.175;32.164;
38;1;35;2:06.093;0;;35.755;0;58.890;0;31.448;0;200.0;1:50:18.024;15:51:09.187;0:35.755;0:58.890;0:31.448;289.7;Earl BAMBER;;HYPERCAR;;Cadillac Hertz Team Jota;Cadillac;GF;35.755;58.890;31.448;
38;1;36;2:05.932;0;;34.996;0;59.113;0;31.823;0;200.2;1:52:23.956;15:53:15.119;0:34.996;0:59.113;0:31.823;298.5;Earl BAMBER;;HYPERCAR;;Cadillac Hertz Team Jota;Cadillac;GF;34.996;59.113;31.823;
38;1;37;2:05.571;0;;35.180;0;58.652;0;31.739;0;200.8;1:54:29.527;15:55:20.690;0:35.180;0:58.652;0:31.739;296.9;Earl BAMBER;;HYPERCAR;;Cadillac Hertz Team Jota;Cadillac;GF;35.180;58.652;31.739;
38;1;38;2:05.900;0;;35.251;0;58.959;0;31.690;0;200.3;1:56:35.427;15:57:26.590;0:35.251;0:58.959;0:31.690;293.7;Earl BAMBER;;HYPERCAR;;Cadillac Hertz Team Jota;Cadillac;GF;35.251;58.959;31.690;
38;1;39;2:05.824;0;;35.059;0;59.013;0;31.752;0;200.4;1:58:41.251;15:59:32.414;0:35.059;0:59.013;0:31.752;297.7;Earl BAMBER;;HYPERCAR;;Cadillac Hertz Team Jota;Cadillac;GF;35.059;59.013;31.752;
38;1;40;2:06.955;0;;35.283;0;1:00.076;0;31.596;0;198.6;2:00:48.206;16:01:39.369;0:35.283;1:00.076;0:31.596;302.7;Earl BAMBER;;HYPERCAR;;Cadillac Hertz Team Jota;Cadillac;GF;35.283;60.076;31.596;
38;1;41;2:05.790;0;;34.920;0;59.452;0;31.418;2;200.4;2:02:53.996;16:03:45.159;0:34.920;0:59.452;0:31.418;288.2;Earl BAMBER;;HYPERCAR;;Cadillac Hertz Team Jota;Cadillac;GF;34.920;59.452;31.418;
38;1;42;2:08.358;0;;34.885;0;1:01.530;0;31.943;0;196.4;2:05:02.354;16:05:53.517;0:34.885;1:01.530;0:31.943;290.5;Earl BAMBER;;HYPERCAR;;Cadillac Hertz Team Jota;Cadillac;GF;34.885;61.530;31.943;
38;1;43;2:06.136;0;;35.439;0;59.242;0;31.455;0;199.9;2:07:08.490;16:07:59.653;0:35.439;0:59.242;0:31.455;289.7;Earl BAMBER;;HYPERCAR;;Cadillac Hertz Team Jota;Cadillac;GF;35.439;59.242;31.455;
38;1;44;2:06.949;0;;34.842;0;1:00.606;0;31.501;0;198.6;2:09:15.439;16:10:06.602;0:34.842;1:00.606;0:31.501;277.8;Earl BAMBER;;HYPERCAR;;Cadillac Hertz Team Jota;Cadillac;GF;34.842;60.606;31.501;
38;1;45;2:06.998;0;;35.102;0;59.888;0;32.008;0;198.5;2:11:22.437;16:12:13.600;0:35.102;0:59.888;0:32.008;296.9;Earl BAMBER;;HYPERCAR;;Cadillac Hertz Team Jota;Cadillac;GF;35.102;59.888;32.008;
38;1;46;2:07.110;0;;35.034;0;1:00.252;0;31.824;0;198.4;2:13:29.547;16:14:20.710;0:35.034;1:00.252;0:31.824;301.0;Earl BAMBER;;HYPERCAR;;Cadillac Hertz Team Jota;Cadillac;GF;35.034;60.252;31.824;
38;1;47;2:07.028;0;;34.937;0;1:00.590;0;31.501;0;198.5;2:15:36.575;16:16:27.738;0:34.937;1:00.590;0:31.501;305.2;Earl BAMBER;;HYPERCAR;;Cadillac Hertz Team Jota;Cadillac;GF;34.937;60.590;31.501;
38;1;48;2:13.526;0;B;34.953;0;1:00.011;0;38.562;0;188.8;2:17:50.101;16:18:41.264;0:34.953;1:00.011;0:38.562;305.2;Earl BAMBER;;HYPERCAR;;Cadillac Hertz Team Jota;Cadillac;GF;34.953;60.011;38.562;
38;2;49;3:27.881;0;;1:49.424;0;1:05.132;0;33.325;0;121.3;2:21:17.982;16:22:09.145;1:49.424;1:05.132;0:33.325;263.6;Sébastien BOURDAIS;0:01:21.357;HYPERCAR;;Cadillac Hertz Team Jota;Cadillac;GF;109.424;65.132;33.325;
38;2;50;2:11.591;0;;36.222;0;1:01.778;0;33.591;0;191.6;2:23:29.573;16:24:20.736;0:36.222;1:01.778;0:33.591;289.7;Sébastien BOURDAIS;;HYPERCAR;;Cadillac Hertz Team Jota;Cadillac;GF;36.222;61.778;33.591;
38;2;51;2:08.549;0;;35.687;0;1:01.107;0;31.755;0;196.1;2:25:38.122;16:26:29.285;0:35.687;1:01.107;0:31.755;306.1;Sébastien BOURDAIS;;HYPERCAR;;Cadillac Hertz Team Jota;Cadillac;GF;35.687;61.107;31.755;
38;2;52;2:06.767;0;;35.249;0;59.605;0;31.913;0;198.9;2:27:44.889;16:28:36.052;0:35.249;0:59.605;0:31.913;302.7;Sébastien BOURDAIS;;HYPERCAR;;Cadillac Hertz Team Jota;Cadillac;GF;35.249;59.605;31.913;
38;2;53;2:08.501;0;;35.247;0;1:00.370;0;32.884;0;196.2;2:29:53.390;16:30:44.553;0:35.247;1:00.370;0:32.884;307.0;Sébastien BOURDAIS;;HYPERCAR;;Cadillac Hertz Team Jota;Cadillac;GF;35.247;60.370;32.884;
38;2;54;2:07.703;0;;35.216;0;1:00.556;0;31.931;0;197.4;2:32:01.093;16:32:52.256;0:35.216;1:00.556;0:31.931;301.8;Sébastien BOURDAIS;;HYPERCAR;;Cadillac Hertz Team Jota;Cadillac;GF;35.216;60.556;31.931;
38;2;55;2:06.880;0;;35.226;0;59.989;0;31.665;0;198.7;2:34:07.973;16:34:59.136;0:35.226;0:59.989;0:31.665;297.7;Sébastien BOURDAIS;;HYPERCAR;;Cadillac Hertz Team Jota;Cadillac;GF;35.226;59.989;31.665;
38;2;56;2:06.263;0;;35.035;0;59.402;0;31.826;0;199.7;2:36:14.236;16:37:05.399;0:35.035;0:59.402;0:31.826;298.5;Sébastien BOURDAIS;;HYPERCAR;;Cadillac Hertz Team Jota;Cadillac;GF;35.035;59.402;31.826;
38;2;57;2:06.743;0;;35.671;0;59.469;0;31.603;0;198.9;2:38:20.979;16:39:12.142;0:35.671;0:59.469;0:31.603;294.5;Sébastien BOURDAIS;;HYPERCAR;;Cadillac Hertz Team Jota;Cadillac;GF;35.671;59.469;31.603;
38;2;58;2:06.130;0;;35.092;0;59.398;0;31.640;0;199.9;2:40:27.109;16:41:18.272;0:35.092;0:59.398;0:31.640;296.9;Sébastien BOURDAIS;;HYPERCAR;;Cadillac Hertz Team Jota;Cadillac;GF;35.092;59.398;31.640;
38;2;59;2:06.264;0;;34.986;0;59.377;1;31.901;0;199.7;2:42:33.373;16:43:24.536;0:34.986;0:59.377;0:31.901;299.3;Sébastien BOURDAIS;;HYPERCAR;;Cadillac Hertz Team Jota;Cadillac;GF;34.986;59.377;31.901;
38;2;60;2:06.185;0;;35.117;0;59.483;0;31.585;0;199.8;2:44:39.558;16:45:30.721;0:35.117;0:59.483;0:31.585;297.7;Sébastien BOURDAIS;;HYPERCAR;;Cadillac Hertz Team Jota;Cadillac;GF;35.117;59.483;31.585;
38;2;61;3:30.971;0;;1:24.049;0;1:34.615;0;32.307;0;119.5;2:48:10.529;16:49:01.692;1:24.049;1:34.615;0:32.307;80.0;Sébastien BOURDAIS;;HYPERCAR;;Cadillac Hertz Team Jota;Cadillac;GF;84.049;94.615;32.307;
38;2;62;2:07.524;0;;35.815;0;59.708;0;32.001;0;197.7;2:50:18.053;16:51:09.216;0:35.815;0:59.708;0:32.001;290.5;Sébastien BOURDAIS;;HYPERCAR;;Cadillac Hertz Team Jota;Cadillac;GF;35.815;59.708;32.001;
38;2;63;2:07.371;0;;34.880;0;1:00.675;0;31.816;0;198.0;2:52:25.424;16:53:16.587;0:34.880;1:00.675;0:31.816;299.3;Sébastien BOURDAIS;;HYPERCAR;;Cadillac Hertz Team Jota;Cadillac;GF;34.880;60.675;31.816;
38;2;64;2:07.347;0;;35.076;0;1:00.672;0;31.599;0;198.0;2:54:32.771;16:55:23.934;0:35.076;1:00.672;0:31.599;299.3;Sébastien BOURDAIS;;HYPERCAR;;Cadillac Hertz Team Jota;Cadillac;GF;35.076;60.672;31.599;
38;2;65;2:06.220;0;;35.023;0;59.542;0;31.655;0;199.8;2:56:38.991;16:57:30.154;0:35.023;0:59.542;0:31.655;298.5;Sébastien BOURDAIS;;HYPERCAR;;Cadillac Hertz Team Jota;Cadillac;GF;35.023;59.542;31.655;
38;2;66;2:06.367;0;;35.122;0;59.556;0;31.689;0;199.5;2:58:45.358;16:59:36.521;0:35.122;0:59.556;0:31.689;300.2;Sébastien BOURDAIS;;HYPERCAR;;Cadillac Hertz Team Jota;Cadillac;GF;35.122;59.556;31.689;
38;2;67;2:08.063;0;;35.004;0;1:00.480;0;32.579;0;196.9;3:00:53.421;17:01:44.584;0:35.004;1:00.480;0:32.579;301.8;Sébastien BOURDAIS;;HYPERCAR;;Cadillac Hertz Team Jota;Cadillac;GF;35.004;60.480;32.579;
38;2;68;2:07.023;0;;34.752;1;1:00.453;0;31.818;0;198.5;3:03:00.444;17:03:51.607;0:34.752;1:00.453;0:31.818;302.7;Sébastien BOURDAIS;;HYPERCAR;;Cadillac Hertz Team Jota;Cadillac;GF;34.752;60.453;31.818;
38;2;69;2:14.437;0;B;35.032;0;1:01.101;0;38.304;0;187.6;3:05:14.881;17:06:06.044;0:35.032;1:01.101;0:38.304;289.0;Sébastien BOURDAIS;;HYPERCAR;;Cadillac Hertz Team Jota;Cadillac;GF;35.032;61.101;38.304;
38;2;70;2:59.104;0;;1:25.669;0;1:01.296;0;32.139;0;140.8;3:08:13.985;17:09:05.148;1:25.669;1:01.296;0:32.139;300.2;Sébastien BOURDAIS;0:01:01.006;HYPERCAR;;Cadillac Hertz Team Jota;Cadillac;GF;85.669;61.296;32.139;
38;2;71;2:11.925;0;;36.935;0;1:01.749;0;33.241;0;191.1;3:10:25.910;17:11:17.073;0:36.935;1:01.749;0:33.241;289.0;Sébastien BOURDAIS;;HYPERCAR;;Cadillac Hertz Team Jota;Cadillac;GF;36.935;61.749;33.241;
38;2;72;2:09.503;0;;35.338;0;1:01.980;0;32.185;0;194.7;3:12:35.413;17:13:26.576;0:35.338;1:01.980;0:32.185;296.1;Sébastien BOURDAIS;;HYPERCAR;;Cadillac Hertz Team Jota;Cadillac;GF;35.338;61.980;32.185;
38;2;73;2:07.206;0;;35.256;0;1:00.093;0;31.857;0;198.2;3:14:42.619;17:15:33.782;0:35.256;1:00.093;0:31.857;296.1;Sébastien BOURDAIS;;HYPERCAR;;Cadillac Hertz Team Jota;Cadillac;GF;35.256;60.093;31.857;
38;2;74;2:07.218;0;;35.554;0;59.921;0;31.743;0;198.2;3:16:49.837;17:17:41.000;0:35.554;0:59.921;0:31.743;292.1;Sébastien BOURDAIS;;HYPERCAR;;Cadillac Hertz Team Jota;Cadillac;GF;35.554;59.921;31.743;
38;2;75;2:07.131;0;;35.091;0;1:00.312;0;31.728;0;198.3;3:18:56.968;17:19:48.131;0:35.091;1:00.312;0:31.728;298.5;Sébastien BOURDAIS;;HYPERCAR;;Cadillac Hertz Team Jota;Cadillac;GF;35.091;60.312;31.728;
38;2;76;2:06.509;0;;35.304;0;59.518;0;31.687;0;199.3;3:21:03.477;17:21:54.640;0:35.304;0:59.518;0:31.687;296.9;Sébastien BOURDAIS;;HYPERCAR;;Cadillac Hertz Team Jota;Cadillac;GF;35.304;59.518;31.687;
38;2;77;2:06.584;0;;34.833;0;1:00.038;0;31.713;0;199.2;3:23:10.061;17:24:01.224;0:34.833;1:00.038;0:31.713;302.7;Sébastien BOURDAIS;;HYPERCAR;;Cadillac Hertz Team Jota;Cadillac;GF;34.833;60.038;31.713;
38;2;78;2:05.936;0;;34.906;0;59.452;0;31.578;1;200.2;3:25:15.997;17:26:07.160;0:34.906;0:59.452;0:31.578;300.2;Sébastien BOURDAIS;;HYPERCAR;;Cadillac Hertz Team Jota;Cadillac;GF;34.906;59.452;31.578;
38;2;79;2:06.334;0;;34.915;0;59.702;0;31.717;0;199.6;3:27:22.331;17:28:13.494;0:34.915;0:59.702;0:31.717;301.0;Sébastien BOURDAIS;;HYPERCAR;;Cadillac Hertz Team Jota;Cadillac;GF;34.915;59.702;31.717;
38;2;80;2:07.927;0;;35.675;0;1:00.406;0;31.846;0;197.1;3:29:30.258;17:30:21.421;0:35.675;1:00.406;0:31.846;292.9;Sébastien BOURDAIS;;HYPERCAR;;Cadillac Hertz Team Jota;Cadillac;GF;35.675;60.406;31.846;
38;2;81;2:08.959;0;;34.933;0;1:01.422;0;32.604;0;195.5;3:31:39.217;17:32:30.380;0:34.933;1:01.422;0:32.604;301.0;Sébastien BOURDAIS;;HYPERCAR;;Cadillac Hertz Team Jota;Cadillac;GF;34.933;61.422;32.604;
38;2;82;2:08.804;0;;35.057;0;1:01.838;0;31.909;0;195.8;3:33:48.021;17:34:39.184;0:35.057;1:01.838;0:31.909;285.9;Sébastien BOURDAIS;;HYPERCAR;;Cadillac Hertz Team Jota;Cadillac;GF;35.057;61.838;31.909;
38;2;83;2:08.169;0;;35.714;0;1:00.728;0;31.727;0;196.7;3:35:56.190;17:36:47.353;0:35.714;1:00.728;0:31.727;293.7;Sébastien BOURDAIS;;HYPERCAR;;Cadillac Hertz Team Jota;Cadillac;GF;35.714;60.728;31.727;
38;2;84;2:06.464;0;;34.888;0;59.851;0;31.725;0;199.4;3:38:02.654;17:38:53.817;0:34.888;0:59.851;0:31.725;300.2;Sébastien BOURDAIS;;HYPERCAR;;Cadillac Hertz Team Jota;Cadillac;GF;34.888;59.851;31.725;
38;2;85;2:54.617;0;B;34.799;0;59.894;0;1:19.924;0;144.4;3:40:57.271;17:41:48.434;0:34.799;0:59.894;1:19.924;300.2;Sébastien BOURDAIS;;HYPERCAR;;Cadillac Hertz Team Jota;Cadillac;GF;34.799;59.894;79.924;
50;2;1;2:08.268;0;;36.209;0;1:00.156;0;31.903;0;193.1;2:08.268;14:02:59.431;0:36.209;1:00.156;0:31.903;304.4;Miguel MOLINA;;HYPERCAR;;Ferrari AF Corse;Ferrari;GF;36.209;60.156;31.903;
50;2;2;2:05.797;0;;34.588;0;59.295;0;31.914;0;200.4;4:14.065;14:05:05.228;0:34.588;0:59.295;0:31.914;309.6;Miguel MOLINA;;HYPERCAR;;Ferrari AF Corse;Ferrari;GF;34.588;59.295;31.914;
50;2;3;2:05.267;0;;34.657;0;58.898;1;31.712;0;201.3;6:19.332;14:07:10.495;0:34.657;0:58.898;0:31.712;307.0;Miguel MOLINA;;HYPERCAR;;Ferrari AF Corse;Ferrari;GF;34.657;58.898;31.712;
50;2;4;2:05.474;0;;34.592;0;58.967;0;31.915;0;201.0;8:24.806;14:09:15.969;0:34.592;0:58.967;0:31.915;308.7;Miguel MOLINA;;HYPERCAR;;Ferrari AF Corse;Ferrari;GF;34.592;58.967;31.915;
50;2;5;2:05.364;0;;34.598;0;59.146;0;31.620;0;201.1;10:30.170;14:11:21.333;0:34.598;0:59.146;0:31.620;306.1;Miguel MOLINA;;HYPERCAR;;Ferrari AF Corse;Ferrari;GF;34.598;59.146;31.620;
50;2;6;2:05.994;0;;34.511;0;59.401;0;32.082;0;200.1;12:36.164;14:13:27.327;0:34.511;0:59.401;0:32.082;302.7;Miguel MOLINA;;HYPERCAR;;Ferrari AF Corse;Ferrari;GF;34.511;59.401;32.082;
50;2;7;2:30.033;0;;34.771;0;1:00.522;0;54.740;0;168.1;15:06.197;14:15:57.360;0:34.771;1:00.522;0:54.740;305.2;Miguel MOLINA;;HYPERCAR;;Ferrari AF Corse;Ferrari;SF;34.771;60.522;54.740;
50;2;8;4:45.805;0;;1:27.384;0;1:55.760;0;1:22.661;0;88.2;19:52.002;14:20:43.165;1:27.384;1:55.760;1:22.661;85.9;Miguel MOLINA;;HYPERCAR;;Ferrari AF Corse;Ferrari;SF;87.384;115.760;82.661;
50;2;9;3:06.590;0;;1:07.113;0;1:19.935;0;39.542;0;135.1;22:58.592;14:23:49.755;1:07.113;1:19.935;0:39.542;177.1;Miguel MOLINA;;HYPERCAR;;Ferrari AF Corse;Ferrari;SF;67.113;79.935;39.542;
50;2;10;2:59.766;0;;48.959;0;1:19.348;0;51.459;0;140.3;25:58.358;14:26:49.521;0:48.959;1:19.348;0:51.459;148.2;Miguel MOLINA;;HYPERCAR;;Ferrari AF Corse;Ferrari;GF;48.959;79.348;51.459;
50;2;11;2:06.778;0;;34.809;0;1:00.065;0;31.904;0;198.9;28:05.136;14:28:56.299;0:34.809;1:00.065;0:31.904;305.2;Miguel MOLINA;;HYPERCAR;;Ferrari AF Corse;Ferrari;GF;34.809;60.065;31.904;
50;2;12;2:05.831;0;;34.537;0;59.618;0;31.676;0;200.4;30:10.967;14:31:02.130;0:34.537;0:59.618;0:31.676;307.8;Miguel MOLINA;;HYPERCAR;;Ferrari AF Corse;Ferrari;GF;34.537;59.618;31.676;
50;2;13;2:05.791;0;;34.483;0;59.524;0;31.784;0;200.4;32:16.758;14:33:07.921;0:34.483;0:59.524;0:31.784;307.8;Miguel MOLINA;;HYPERCAR;;Ferrari AF Corse;Ferrari;GF;34.483;59.524;31.784;
50;2;14;2:05.945;0;;34.687;0;59.332;0;31.926;0;200.2;34:22.703;14:35:13.866;0:34.687;0:59.332;0:31.926;308.7;Miguel MOLINA;;HYPERCAR;;Ferrari AF Corse;Ferrari;GF;34.687;59.332;31.926;
50;2;15;2:05.846;0;;34.662;0;59.200;0;31.984;0;200.4;36:28.549;14:37:19.712;0:34.662;0:59.200;0:31.984;307.8;Miguel MOLINA;;HYPERCAR;;Ferrari AF Corse;Ferrari;GF;34.662;59.200;31.984;
50;2;16;2:06.218;0;;34.547;0;59.667;0;32.004;0;199.8;38:34.767;14:39:25.930;0:34.547;0:59.667;0:32.004;309.6;Miguel MOLINA;;HYPERCAR;;Ferrari AF Corse;Ferrari;GF;34.547;59.667;32.004;
50;2;17;2:07.678;0;;34.489;0;1:01.304;0;31.885;0;197.5;40:42.445;14:41:33.608;0:34.489;1:01.304;0:31.885;309.6;Miguel MOLINA;;HYPERCAR;;Ferrari AF Corse;Ferrari;GF;34.489;61.304;31.885;
50;2;18;2:10.398;0;;34.672;0;1:02.099;0;33.627;0;193.4;42:52.843;14:43:44.006;0:34.672;1:02.099;0:33.627;297.7;Miguel MOLINA;;HYPERCAR;;Ferrari AF Corse;Ferrari;GF;34.672;62.099;33.627;
50;2;19;2:07.836;0;;34.619;0;1:00.743;0;32.474;0;197.2;45:00.679;14:45:51.842;0:34.619;1:00.743;0:32.474;306.1;Miguel MOLINA;;HYPERCAR;;Ferrari AF Corse;Ferrari;GF;34.619;60.743;32.474;
50;2;20;2:06.014;0;;34.526;0;59.600;0;31.888;0;200.1;47:06.693;14:47:57.856;0:34.526;0:59.600;0:31.888;307.0;Miguel MOLINA;;HYPERCAR;;Ferrari AF Corse;Ferrari;GF;34.526;59.600;31.888;
50;2;21;2:05.398;0;;34.443;0;59.330;0;31.625;0;201.1;49:12.091;14:50:03.254;0:34.443;0:59.330;0:31.625;305.2;Miguel MOLINA;;HYPERCAR;;Ferrari AF Corse;Ferrari;GF;34.443;59.330;31.625;
50;2;22;2:05.419;0;;34.479;0;59.194;0;31.746;0;201.0;51:17.510;14:52:08.673;0:34.479;0:59.194;0:31.746;305.2;Miguel MOLINA;;HYPERCAR;;Ferrari AF Corse;Ferrari;GF;34.479;59.194;31.746;
50;2;23;2:05.706;0;;34.429;0;59.544;0;31.733;0;200.6;53:23.216;14:54:14.379;0:34.429;0:59.544;0:31.733;303.5;Miguel MOLINA;;HYPERCAR;;Ferrari AF Corse;Ferrari;GF;34.429;59.544;31.733;
50;2;24;2:05.416;0;;34.369;0;59.290;0;31.757;0;201.0;55:28.632;14:56:19.795;0:34.369;0:59.290;0:31.757;304.4;Miguel MOLINA;;HYPERCAR;;Ferrari AF Corse;Ferrari;GF;34.369;59.290;31.757;
50;2;25;2:06.661;0;;34.385;0;59.650;0;32.626;0;199.1;57:35.293;14:58:26.456;0:34.385;0:59.650;0:32.626;313.2;Miguel MOLINA;;HYPERCAR;;Ferrari AF Corse;Ferrari;GF;34.385;59.650;32.626;
50;2;26;2:14.290;0;B;34.706;0;1:00.891;0;38.693;0;187.8;59:49.583;15:00:40.746;0:34.706;1:00.891;0:38.693;315.9;Miguel MOLINA;;HYPERCAR;;Ferrari AF Corse;Ferrari;GF;34.706;60.891;38.693;
50;2;27;2:59.297;0;;1:28.485;0;59.128;0;31.684;0;140.6;1:02:48.880;15:03:40.043;1:28.485;0:59.128;0:31.684;315.0;Miguel MOLINA;0:01:04.538;HYPERCAR;;Ferrari AF Corse;Ferrari;GF;88.485;59.128;31.684;
50;2;28;2:06.535;0;;34.511;0;59.877;0;32.147;0;199.3;1:04:55.415;15:05:46.578;0:34.511;0:59.877;0:32.147;312.3;Miguel MOLINA;;HYPERCAR;;Ferrari AF Corse;Ferrari;GF;34.511;59.877;32.147;
50;2;29;2:06.970;0;;35.331;0;59.745;0;31.894;0;198.6;1:07:02.385;15:07:53.548;0:35.331;0:59.745;0:31.894;306.1;Miguel MOLINA;;HYPERCAR;;Ferrari AF Corse;Ferrari;GF;35.331;59.745;31.894;
50;2;30;2:05.738;0;;34.556;0;59.606;0;31.576;1;200.5;1:09:08.123;15:09:59.286;0:34.556;0:59.606;0:31.576;307.8;Miguel MOLINA;;HYPERCAR;;Ferrari AF Corse;Ferrari;GF;34.556;59.606;31.576;
50;2;31;2:06.409;0;;34.511;0;1:00.132;0;31.766;0;199.5;1:11:14.532;15:12:05.695;0:34.511;1:00.132;0:31.766;305.2;Miguel MOLINA;;HYPERCAR;;Ferrari AF Corse;Ferrari;GF;34.511;60.132;31.766;
50;2;32;2:06.649;0;;34.482;0;1:00.184;0;31.983;0;199.1;1:13:21.181;15:14:12.344;0:34.482;1:00.184;0:31.983;307.0;Miguel MOLINA;;HYPERCAR;;Ferrari AF Corse;Ferrari;GF;34.482;60.184;31.983;
50;2;33;2:06.916;0;;34.451;0;1:00.611;0;31.854;0;198.7;1:15:28.097;15:16:19.260;0:34.451;1:00.611;0:31.854;302.7;Miguel MOLINA;;HYPERCAR;;Ferrari AF Corse;Ferrari;GF;34.451;60.611;31.854;
50;2;34;2:09.212;0;;35.975;0;1:01.010;0;32.227;0;195.1;1:17:37.309;15:18:28.472;0:35.975;1:01.010;0:32.227;305.2;Miguel MOLINA;;HYPERCAR;;Ferrari AF Corse;Ferrari;GF;35.975;61.010;32.227;
50;2;35;2:06.598;0;;34.736;0;59.912;0;31.950;0;199.2;1:19:43.907;15:20:35.070;0:34.736;0:59.912;0:31.950;307.0;Miguel MOLINA;;HYPERCAR;;Ferrari AF Corse;Ferrari;GF;34.736;59.912;31.950;
50;2;36;2:06.868;0;;34.361;1;1:00.682;0;31.825;0;198.7;1:21:50.775;15:22:41.938;0:34.361;1:00.682;0:31.825;306.1;Miguel MOLINA;;HYPERCAR;;Ferrari AF Corse;Ferrari;GF;34.361;60.682;31.825;
50;2;37;2:06.194;0;;34.455;0;59.955;0;31.784;0;199.8;1:23:56.969;15:24:48.132;0:34.455;0:59.955;0:31.784;306.1;Miguel MOLINA;;HYPERCAR;;Ferrari AF Corse;Ferrari;GF;34.455;59.955;31.784;
50;2;38;2:07.362;0;;34.482;0;1:00.179;0;32.701;0;198.0;1:26:04.331;15:26:55.494;0:34.482;1:00.179;0:32.701;305.2;Miguel MOLINA;;HYPERCAR;;Ferrari AF Corse;Ferrari;GF;34.482;60.179;32.701;
50;2;39;2:06.374;0;;34.363;0;1:00.103;0;31.908;0;199.5;1:28:10.705;15:29:01.868;0:34.363;1:00.103;0:31.908;305.2;Miguel MOLINA;;HYPERCAR;;Ferrari AF Corse;Ferrari;GF;34.363;60.103;31.908;
50;2;40;2:06.767;0;;34.497;0;1:00.368;0;31.902;0;198.9;1:30:17.472;15:31:08.635;0:34.497;1:00.368;0:31.902;305.2;Miguel MOLINA;;HYPERCAR;;Ferrari AF Corse;Ferrari;GF;34.497;60.368;31.902;
50;2;41;2:07.117;0;;34.602;0;1:00.448;0;32.067;0;198.4;1:32:24.589;15:33:15.752;0:34.602;1:00.448;0:32.067;304.4;Miguel MOLINA;;HYPERCAR;;Ferrari AF Corse;Ferrari;GF;34.602;60.448;32.067;
50;2;42;2:06.935;0;;34.568;0;1:00.488;0;31.879;0;198.6;1:34:31.524;15:35:22.687;0:34.568;1:00.488;0:31.879;299.3;Miguel MOLINA;;HYPERCAR;;Ferrari AF Corse;Ferrari;GF;34.568;60.488;31.879;
50;2;43;2:09.312;0;;34.602;0;1:02.698;0;32.012;0;195.0;1:36:40.836;15:37:31.999;0:34.602;1:02.698;0:32.012;308.7;Miguel MOLINA;;HYPERCAR;;Ferrari AF Corse;Ferrari;GF;34.602;62.698;32.012;
50;2;44;2:06.556;0;;34.612;0;59.941;0;32.003;0;199.2;1:38:47.392;15:39:38.555;0:34.612;0:59.941;0:32.003;303.5;Miguel MOLINA;;HYPERCAR;;Ferrari AF Corse;Ferrari;GF;34.612;59.941;32.003;
50;2;45;2:08.594;0;;34.586;0;1:01.950;0;32.058;0;196.1;1:40:55.986;15:41:47.149;0:34.586;1:01.950;0:32.058;287.4;Miguel MOLINA;;HYPERCAR;;Ferrari AF Corse;Ferrari;GF;34.586;61.950;32.058;
50;2;46;2:07.681;0;;34.794;0;1:00.809;0;32.078;0;197.5;1:43:03.667;15:43:54.830;0:34.794;1:00.809;0:32.078;287.4;Miguel MOLINA;;HYPERCAR;;Ferrari AF Corse;Ferrari;GF;34.794;60.809;32.078;
50;2;47;2:06.029;0;;34.669;0;59.733;0;31.627;0;200.1;1:45:09.696;15:46:00.859;0:34.669;0:59.733;0:31.627;300.2;Miguel MOLINA;;HYPERCAR;;Ferrari AF Corse;Ferrari;GF;34.669;59.733;31.627;
50;2;48;2:06.740;0;;34.534;0;59.786;0;32.420;0;198.9;1:47:16.436;15:48:07.599;0:34.534;0:59.786;0:32.420;301.0;Miguel MOLINA;;HYPERCAR;;Ferrari AF Corse;Ferrari;GF;34.534;59.786;32.420;
50;2;49;2:12.574;0;B;34.719;0;59.945;0;37.910;0;190.2;1:49:29.010;15:50:20.173;0:34.719;0:59.945;0:37.910;287.4;Miguel MOLINA;;HYPERCAR;;Ferrari AF Corse;Ferrari;GF;34.719;59.945;37.910;
50;3;50;3:41.739;0;;2:07.527;0;1:01.688;0;32.524;0;113.7;1:53:10.749;15:54:01.912;2:07.527;1:01.688;0:32.524;269.6;Nicklas NIELSEN;0:01:40.186;HYPERCAR;;Ferrari AF Corse;Ferrari;GF;127.527;61.688;32.524;
50;3;51;2:06.332;0;;34.987;0;59.399;0;31.946;0;199.6;1:55:17.081;15:56:08.244;0:34.987;0:59.399;0:31.946;305.2;Nicklas NIELSEN;;HYPERCAR;;Ferrari AF Corse;Ferrari;GF;34.987;59.399;31.946;
50;3;52;2:07.315;0;;34.607;0;59.988;0;32.720;0;198.0;1:57:24.396;15:58:15.559;0:34.607;0:59.988;0:32.720;314.1;Nicklas NIELSEN;;HYPERCAR;;Ferrari AF Corse;Ferrari;GF;34.607;59.988;32.720;
50;3;53;2:08.814;0;;34.733;0;1:00.328;0;33.753;0;195.7;1:59:33.210;16:00:24.373;0:34.733;1:00.328;0:33.753;307.0;Nicklas NIELSEN;;HYPERCAR;;Ferrari AF Corse;Ferrari;GF;34.733;60.328;33.753;
50;3;54;2:06.799;0;;34.706;0;59.774;0;32.319;0;198.9;2:01:40.009;16:02:31.172;0:34.706;0:59.774;0:32.319;312.3;Nicklas NIELSEN;;HYPERCAR;;Ferrari AF Corse;Ferrari;GF;34.706;59.774;32.319;
50;3;55;2:07.843;0;;35.740;0;59.873;0;32.230;0;197.2;2:03:47.852;16:04:39.015;0:35.740;0:59.873;0:32.230;312.3;Nicklas NIELSEN;;HYPERCAR;;Ferrari AF Corse;Ferrari;GF;35.740;59.873;32.230;
50;3;56;2:07.748;0;;36.687;0;59.510;0;31.551;0;197.4;2:05:55.600;16:06:46.763;0:36.687;0:59.510;0:31.551;301.8;Nicklas NIELSEN;;HYPERCAR;;Ferrari AF Corse;Ferrari;GF;36.687;59.510;31.551;
50;3;57;2:06.157;0;;34.540;0;59.248;0;32.369;0;199.9;2:08:01.757;16:08:52.920;0:34.540;0:59.248;0:32.369;309.6;Nicklas NIELSEN;;HYPERCAR;;Ferrari AF Corse;Ferrari;GF;34.540;59.248;32.369;
50;3;58;2:04.728;0;;34.505;0;58.725;1;31.498;1;202.2;2:10:06.485;16:10:57.648;0:34.505;0:58.725;0:31.498;308.7;Nicklas NIELSEN;;HYPERCAR;;Ferrari AF Corse;Ferrari;GF;34.505;58.725;31.498;
50;3;59;2:05.201;0;;34.426;0;59.117;0;31.658;0;201.4;2:12:11.686;16:13:02.849;0:34.426;0:59.117;0:31.658;309.6;Nicklas NIELSEN;;HYPERCAR;;Ferrari AF Corse;Ferrari;GF;34.426;59.117;31.658;
50;3;60;2:05.555;0;;34.536;0;59.324;0;31.695;0;200.8;2:14:17.241;16:15:08.404;0:34.536;0:59.324;0:31.695;311.4;Nicklas NIELSEN;;HYPERCAR;;Ferrari AF Corse;Ferrari;GF;34.536;59.324;31.695;
50;3;61;2:06.595;0;;34.473;0;59.941;0;32.181;0;199.2;2:16:23.836;16:17:14.999;0:34.473;0:59.941;0:32.181;302.7;Nicklas NIELSEN;;HYPERCAR;;Ferrari AF Corse;Ferrari;GF;34.473;59.941;32.181;
50;3;62;2:06.936;0;;34.585;0;1:00.536;0;31.815;0;198.6;2:18:30.772;16:19:21.935;0:34.585;1:00.536;0:31.815;301.0;Nicklas NIELSEN;;HYPERCAR;;Ferrari AF Corse;Ferrari;GF;34.585;60.536;31.815;
50;3;63;2:05.959;0;;34.535;0;59.691;0;31.733;0;200.2;2:20:36.731;16:21:27.894;0:34.535;0:59.691;0:31.733;316.8;Nicklas NIELSEN;;HYPERCAR;;Ferrari AF Corse;Ferrari;GF;34.535;59.691;31.733;
50;3;64;2:08.129;0;;34.662;0;1:00.788;0;32.679;0;196.8;2:22:44.860;16:23:36.023;0:34.662;1:00.788;0:32.679;301.0;Nicklas NIELSEN;;HYPERCAR;;Ferrari AF Corse;Ferrari;GF;34.662;60.788;32.679;
50;3;65;2:05.725;0;;34.569;0;59.419;0;31.737;0;200.5;2:24:50.585;16:25:41.748;0:34.569;0:59.419;0:31.737;300.2;Nicklas NIELSEN;;HYPERCAR;;Ferrari AF Corse;Ferrari;GF;34.569;59.419;31.737;
50;3;66;2:13.345;0;B;35.734;0;59.416;0;38.195;0;189.1;2:27:03.930;16:27:55.093;0:35.734;0:59.416;0:38.195;298.5;Nicklas NIELSEN;;HYPERCAR;;Ferrari AF Corse;Ferrari;GF;35.734;59.416;38.195;
50;3;67;2:52.984;0;;1:20.186;0;1:00.540;0;32.258;0;145.8;2:29:56.914;16:30:48.077;1:20.186;1:00.540;0:32.258;296.9;Nicklas NIELSEN;0:00:56.173;HYPERCAR;;Ferrari AF Corse;Ferrari;GF;80.186;60.540;32.258;
50;3;68;2:08.140;0;;35.539;0;1:00.141;0;32.460;0;196.8;2:32:05.054;16:32:56.217;0:35.539;1:00.141;0:32.460;294.5;Nicklas NIELSEN;;HYPERCAR;;Ferrari AF Corse;Ferrari;GF;35.539;60.141;32.460;
50;3;69;2:07.416;0;;34.704;0;1:00.643;0;32.069;0;197.9;2:34:12.470;16:35:03.633;0:34.704;1:00.643;0:32.069;303.5;Nicklas NIELSEN;;HYPERCAR;;Ferrari AF Corse;Ferrari;GF;34.704;60.643;32.069;
50;3;70;2:06.225;0;;34.719;0;59.684;0;31.822;0;199.8;2:36:18.695;16:37:09.858;0:34.719;0:59.684;0:31.822;300.2;Nicklas NIELSEN;;HYPERCAR;;Ferrari AF Corse;Ferrari;GF;34.719;59.684;31.822;
50;3;71;2:06.393;0;;34.776;0;59.868;0;31.749;0;199.5;2:38:25.088;16:39:16.251;0:34.776;0:59.868;0:31.749;301.8;Nicklas NIELSEN;;HYPERCAR;;Ferrari AF Corse;Ferrari;GF;34.776;59.868;31.749;
50;3;72;2:06.146;0;;34.634;0;59.733;0;31.779;0;199.9;2:40:31.234;16:41:22.397;0:34.634;0:59.733;0:31.779;297.7;Nicklas NIELSEN;;HYPERCAR;;Ferrari AF Corse;Ferrari;GF;34.634;59.733;31.779;
50;3;73;2:06.076;0;;34.701;0;59.609;0;31.766;0;200.0;2:42:37.310;16:43:28.473;0:34.701;0:59.609;0:31.766;296.9;Nicklas NIELSEN;;HYPERCAR;;Ferrari AF Corse;Ferrari;GF;34.701;59.609;31.766;
50;3;74;2:06.210;0;;34.692;0;59.588;0;31.930;0;199.8;2:44:43.520;16:45:34.683;0:34.692;0:59.588;0:31.930;301.8;Nicklas NIELSEN;;HYPERCAR;;Ferrari AF Corse;Ferrari;GF;34.692;59.588;31.930;
50;3;75;3:31.849;0;;1:30.260;0;1:29.476;0;32.113;0;119.0;2:48:15.369;16:49:06.532;1:30.260;1:29.476;0:32.113;80.1;Nicklas NIELSEN;;HYPERCAR;;Ferrari AF Corse;Ferrari;GF;90.260;89.476;32.113;
50;3;76;2:06.614;0;;34.792;0;1:00.045;0;31.777;0;199.1;2:50:21.983;16:51:13.146;0:34.792;1:00.045;0:31.777;304.4;Nicklas NIELSEN;;HYPERCAR;;Ferrari AF Corse;Ferrari;GF;34.792;60.045;31.777;
50;3;77;2:07.992;0;;34.552;0;1:00.998;0;32.442;0;197.0;2:52:29.975;16:53:21.138;0:34.552;1:00.998;0:32.442;307.8;Nicklas NIELSEN;;HYPERCAR;;Ferrari AF Corse;Ferrari;GF;34.552;60.998;32.442;
50;3;78;2:06.607;0;;34.549;0;59.934;0;32.124;0;199.2;2:54:36.582;16:55:27.745;0:34.549;0:59.934;0:32.124;306.1;Nicklas NIELSEN;;HYPERCAR;;Ferrari AF Corse;Ferrari;GF;34.549;59.934;32.124;
50;3;79;2:06.331;0;;34.602;0;59.826;0;31.903;0;199.6;2:56:42.913;16:57:34.076;0:34.602;0:59.826;0:31.903;315.0;Nicklas NIELSEN;;HYPERCAR;;Ferrari AF Corse;Ferrari;GF;34.602;59.826;31.903;
50;3;80;2:06.241;0;;34.538;0;59.758;0;31.945;0;199.7;2:58:49.154;16:59:40.317;0:34.538;0:59.758;0:31.945;315.9;Nicklas NIELSEN;;HYPERCAR;;Ferrari AF Corse;Ferrari;GF;34.538;59.758;31.945;
50;3;81;2:06.823;0;;34.445;0;1:00.042;0;32.336;0;198.8;3:00:55.977;17:01:47.140;0:34.445;1:00.042;0:32.336;313.2;Nicklas NIELSEN;;HYPERCAR;;Ferrari AF Corse;Ferrari;GF;34.445;60.042;32.336;
50;3;82;2:07.692;0;;35.783;0;59.944;0;31.965;0;197.5;3:03:03.669;17:03:54.832;0:35.783;0:59.944;0:31.965;301.0;Nicklas NIELSEN;;HYPERCAR;;Ferrari AF Corse;Ferrari;GF;35.783;59.944;31.965;
50;3;83;2:06.453;0;;34.477;0;1:00.007;0;31.969;0;199.4;3:05:10.122;17:06:01.285;0:34.477;1:00.007;0:31.969;312.3;Nicklas NIELSEN;;HYPERCAR;;Ferrari AF Corse;Ferrari;GF;34.477;60.007;31.969;
50;3;84;2:07.434;0;;34.777;0;1:00.794;0;31.863;0;197.9;3:07:17.556;17:08:08.719;0:34.777;1:00.794;0:31.863;256.8;Nicklas NIELSEN;;HYPERCAR;;Ferrari AF Corse;Ferrari;GF;34.777;60.794;31.863;
50;3;85;2:08.169;0;;34.505;0;1:01.634;0;32.030;0;196.7;3:09:25.725;17:10:16.888;0:34.505;1:01.634;0:32.030;301.0;Nicklas NIELSEN;;HYPERCAR;;Ferrari AF Corse;Ferrari;GF;34.505;61.634;32.030;
50;3;86;2:08.373;0;;34.411;1;1:01.872;0;32.090;0;196.4;3:11:34.098;17:12:25.261;0:34.411;1:01.872;0:32.090;314.1;Nicklas NIELSEN;;HYPERCAR;;Ferrari AF Corse;Ferrari;GF;34.411;61.872;32.090;
50;3;87;2:05.915;0;;34.454;0;59.685;0;31.776;0;200.2;3:13:40.013;17:14:31.176;0:34.454;0:59.685;0:31.776;317.8;Nicklas NIELSEN;;HYPERCAR;;Ferrari AF Corse;Ferrari;GF;34.454;59.685;31.776;
50;3;88;2:06.220;0;;34.467;0;59.850;0;31.903;0;199.8;3:15:46.233;17:16:37.396;0:34.467;0:59.850;0:31.903;317.8;Nicklas NIELSEN;;HYPERCAR;;Ferrari AF Corse;Ferrari;GF;34.467;59.850;31.903;
50;3;89;2:07.630;0;;34.494;0;1:00.443;0;32.693;0;197.6;3:17:53.863;17:18:45.026;0:34.494;1:00.443;0:32.693;301.8;Nicklas NIELSEN;;HYPERCAR;;Ferrari AF Corse;Ferrari;GF;34.494;60.443;32.693;
50;3;90;2:06.758;0;;34.820;0;1:00.154;0;31.784;0;198.9;3:20:00.621;17:20:51.784;0:34.820;1:00.154;0:31.784;307.0;Nicklas NIELSEN;;HYPERCAR;;Ferrari AF Corse;Ferrari;GF;34.820;60.154;31.784;
50;3;91;2:13.372;0;B;35.392;0;59.466;0;38.514;0;189.1;3:22:13.993;17:23:05.156;0:35.392;0:59.466;0:38.514;309.6;Nicklas NIELSEN;;HYPERCAR;;Ferrari AF Corse;Ferrari;GF;35.392;59.466;38.514;
50;1;92;3:19.684;0;;1:47.171;0;1:00.669;0;31.844;0;126.3;3:25:33.677;17:26:24.840;1:47.171;1:00.669;0:31.844;281.5;Antonio FUOCO;0:01:20.628;HYPERCAR;;Ferrari AF Corse;Ferrari;GF;107.171;60.669;31.844;
50;1;93;2:05.541;0;;34.719;0;59.313;0;31.509;0;200.8;3:27:39.218;17:28:30.381;0:34.719;0:59.313;0:31.509;307.0;Antonio FUOCO;;HYPERCAR;;Ferrari AF Corse;Ferrari;GF;34.719;59.313;31.509;
50;1;94;2:06.762;0;;34.484;0;1:00.729;0;31.549;0;198.9;3:29:45.980;17:30:37.143;0:34.484;1:00.729;0:31.549;306.1;Antonio FUOCO;;HYPERCAR;;Ferrari AF Corse;Ferrari;GF;34.484;60.729;31.549;
50;1;95;2:06.014;0;;34.711;0;59.424;0;31.879;0;200.1;3:31:51.994;17:32:43.157;0:34.711;0:59.424;0:31.879;302.7;Antonio FUOCO;;HYPERCAR;;Ferrari AF Corse;Ferrari;GF;34.711;59.424;31.879;
50;1;96;2:06.500;0;;34.744;0;59.838;0;31.918;0;199.3;3:33:58.494;17:34:49.657;0:34.744;0:59.838;0:31.918;296.9;Antonio FUOCO;;HYPERCAR;;Ferrari AF Corse;Ferrari;GF;34.744;59.838;31.918;
50;1;97;2:07.182;0;;35.679;0;59.657;0;31.846;0;198.3;3:36:05.676;17:36:56.839;0:35.679;0:59.657;0:31.846;296.1;Antonio FUOCO;;HYPERCAR;;Ferrari AF Corse;Ferrari;GF;35.679;59.657;31.846;
50;1;98;2:06.226;0;;34.586;0;59.385;0;32.255;0;199.8;3:38:11.902;17:39:03.065;0:34.586;0:59.385;0:32.255;302.7;Antonio FUOCO;;HYPERCAR;;Ferrari AF Corse;Ferrari;GF;34.586;59.385;32.255;
50;1;99;2:06.372;0;;34.700;0;59.913;0;31.759;0;199.5;3:40:18.274;17:41:09.437;0:34.700;0:59.913;0:31.759;301.8;Antonio FUOCO;;HYPERCAR;;Ferrari AF Corse;Ferrari;GF;34.700;59.913;31.759;
50;1;100;2:06.490;0;;34.553;0;1:00.017;0;31.920;0;199.3;3:42:24.764;17:43:15.927;0:34.553;1:00.017;0:31.920;302.7;Antonio FUOCO;;HYPERCAR;;Ferrari AF Corse;Ferrari;GF;34.553;60.017;31.920;
50;1;101;2:06.316;0;;34.717;0;59.829;0;31.770;0;199.6;3:44:31.080;17:45:22.243;0:34.717;0:59.829;0:31.770;301.0;Antonio FUOCO;;HYPERCAR;;Ferrari AF Corse;Ferrari;GF;34.717;59.829;31.770;
50;1;102;2:06.292;0;;34.752;0;59.743;0;31.797;0;199.6;3:46:37.372;17:47:28.535;0:34.752;0:59.743;0:31.797;304.4;Antonio FUOCO;;HYPERCAR;;Ferrari AF Corse;Ferrari;GF;34.752;59.743;31.797;
50;1;103;2:06.607;0;;34.679;0;1:00.059;0;31.869;0;199.2;3:48:43.979;17:49:35.142;0:34.679;1:00.059;0:31.869;301.0;Antonio FUOCO;;HYPERCAR;;Ferrari AF Corse;Ferrari;GF;34.679;60.059;31.869;
50;1;104;2:10.011;0;;34.676;0;59.976;0;35.359;0;193.9;3:50:53.990;17:51:45.153;0:34.676;0:59.976;0:35.359;301.8;Antonio FUOCO;;HYPERCAR;;Ferrari AF Corse;Ferrari;GF;34.676;59.976;35.359;
50;1;105;5:17.081;0;B;1:41.021;0;2:07.337;0;1:28.723;0;79.5;3:56:11.071;17:57:02.234;1:41.021;2:07.337;1:28.723;80.0;Antonio FUOCO;;HYPERCAR;;Ferrari AF Corse;Ferrari;GF;101.021;127.337;88.723;
50;1;106;5:47.117;0;;2:13.913;0;2:07.869;0;1:25.335;0;72.6;4:01:58.188;18:02:49.351;2:13.913;2:07.869;1:25.335;80.0;Antonio FUOCO;0:00:54.469;HYPERCAR;;Ferrari AF Corse;Ferrari;GF;133.913;127.869;85.335;
50;1;107;3:19.066;0;;59.033;0;1:22.379;0;57.654;0;126.7;4:05:17.254;18:06:08.417;0:59.033;1:22.379;0:57.654;148.6;Antonio FUOCO;;HYPERCAR;;Ferrari AF Corse;Ferrari;SF;59.033;82.379;57.654;
50;1;108;4:37.574;0;;1:10.708;0;2:08.015;0;1:18.851;0;90.8;4:09:54.828;18:10:45.991;1:10.708;2:08.015;1:18.851;86.1;Antonio FUOCO;;HYPERCAR;;Ferrari AF Corse;Ferrari;SF;70.708;128.015;78.851;
50;1;109;4:27.714;0;;1:22.245;0;1:48.929;0;1:16.540;0;94.2;4:14:22.542;18:15:13.705;1:22.245;1:48.929;1:16.540;94.1;Antonio FUOCO;;HYPERCAR;;Ferrari AF Corse;Ferrari;SF;82.245;108.929;76.540;
50;1;110;3:09.813;0;;1:02.672;0;1:16.863;0;50.278;0;132.8;4:17:32.355;18:18:23.518;1:02.672;1:16.863;0:50.278;207.2;Antonio FUOCO;;HYPERCAR;;Ferrari AF Corse;Ferrari;GF;62.672;76.863;50.278;
50;1;111;2:07.186;0;;35.147;0;1:00.311;0;31.728;0;198.2;4:19:39.541;18:20:30.704;0:35.147;1:00.311;0:31.728;309.6;Antonio FUOCO;;HYPERCAR;;Ferrari AF Corse;Ferrari;GF;35.147;60.311;31.728;
50;1;112;2:04.931;0;;34.487;0;58.968;0;31.476;0;201.8;4:21:44.472;18:22:35.635;0:34.487;0:58.968;0:31.476;303.5;Antonio FUOCO;;HYPERCAR;;Ferrari AF Corse;Ferrari;GF;34.487;58.968;31.476;
50;1;113;2:04.569;2;;34.443;0;58.698;2;31.428;2;202.4;4:23:49.041;18:24:40.204;0:34.443;0:58.698;0:31.428;306.1;Antonio FUOCO;;HYPERCAR;;Ferrari AF Corse;Ferrari;GF;34.443;58.698;31.428;
50;1;114;2:05.345;0;;34.421;0;59.215;0;31.709;0;201.2;4:25:54.386;18:26:45.549;0:34.421;0:59.215;0:31.709;305.2;Antonio FUOCO;;HYPERCAR;;Ferrari AF Corse;Ferrari;GF;34.421;59.215;31.709;
50;1;115;2:05.801;0;;34.589;0;59.414;0;31.798;0;200.4;4:28:00.187;18:28:51.350;0:34.589;0:59.414;0:31.798;303.5;Antonio FUOCO;;HYPERCAR;;Ferrari AF Corse;Ferrari;GF;34.589;59.414;31.798;
50;1;116;2:05.614;0;;34.560;0;59.381;0;31.673;0;200.7;4:30:05.801;18:30:56.964;0:34.560;0:59.381;0:31.673;301.0;Antonio FUOCO;;HYPERCAR;;Ferrari AF Corse;Ferrari;GF;34.560;59.381;31.673;
50;1;117;2:07.128;0;;34.507;0;1:00.771;0;31.850;0;198.3;4:32:12.929;18:33:04.092;0:34.507;1:00.771;0:31.850;297.7;Antonio FUOCO;;HYPERCAR;;Ferrari AF Corse;Ferrari;GF;34.507;60.771;31.850;
50;1;118;2:06.418;0;;34.444;0;59.850;0;32.124;0;199.5;4:34:19.347;18:35:10.510;0:34.444;0:59.850;0:32.124;302.7;Antonio FUOCO;;HYPERCAR;;Ferrari AF Corse;Ferrari;GF;34.444;59.850;32.124;
50;1;119;2:08.833;0;;35.258;0;1:00.636;0;32.939;0;195.7;4:36:28.180;18:37:19.343;0:35.258;1:00.636;0:32.939;296.1;Antonio FUOCO;;HYPERCAR;;Ferrari AF Corse;Ferrari;GF;35.258;60.636;32.939;
50;1;120;2:08.897;0;;35.772;0;1:00.850;0;32.275;0;195.6;4:38:37.077;18:39:28.240;0:35.772;1:00.850;0:32.275;293.7;Antonio FUOCO;;HYPERCAR;;Ferrari AF Corse;Ferrari;GF;35.772;60.850;32.275;
50;1;121;2:05.930;0;;34.557;0;59.553;0;31.820;0;200.2;4:40:43.007;18:41:34.170;0:34.557;0:59.553;0:31.820;303.5;Antonio FUOCO;;HYPERCAR;;Ferrari AF Corse;Ferrari;GF;34.557;59.553;31.820;
50;1;122;2:05.934;0;;34.601;0;59.586;0;31.747;0;200.2;4:42:48.941;18:43:40.104;0:34.601;0:59.586;0:31.747;299.3;Antonio FUOCO;;HYPERCAR;;Ferrari AF Corse;Ferrari;GF;34.601;59.586;31.747;
50;1;123;2:06.661;0;;34.566;0;1:00.376;0;31.719;0;199.1;4:44:55.602;18:45:46.765;0:34.566;1:00.376;0:31.719;296.9;Antonio FUOCO;;HYPERCAR;;Ferrari AF Corse;Ferrari;GF;34.566;60.376;31.719;
50;1;124;2:06.264;0;;34.640;0;59.956;0;31.668;0;199.7;4:47:01.866;18:47:53.029;0:34.640;0:59.956;0:31.668;294.5;Antonio FUOCO;;HYPERCAR;;Ferrari AF Corse;Ferrari;GF;34.640;59.956;31.668;
50;1;125;2:05.868;0;;34.618;0;59.634;0;31.616;0;200.3;4:49:07.734;18:49:58.897;0:34.618;0:59.634;0:31.616;298.5;Antonio FUOCO;;HYPERCAR;;Ferrari AF Corse;Ferrari;GF;34.618;59.634;31.616;
50;1;126;2:05.585;0;;34.558;0;59.532;0;31.495;0;200.8;4:51:13.319;18:52:04.482;0:34.558;0:59.532;0:31.495;296.9;Antonio FUOCO;;HYPERCAR;;Ferrari AF Corse;Ferrari;GF;34.558;59.532;31.495;
50;1;127;2:05.716;0;;34.468;0;59.611;0;31.637;0;200.6;4:53:19.035;18:54:10.198;0:34.468;0:59.611;0:31.637;296.9;Antonio FUOCO;;HYPERCAR;;Ferrari AF Corse;Ferrari;GF;34.468;59.611;31.637;
50;1;128;2:07.167;0;;34.513;0;1:00.673;0;31.981;0;198.3;4:55:26.202;18:56:17.365;0:34.513;1:00.673;0:31.981;296.9;Antonio FUOCO;;HYPERCAR;;Ferrari AF Corse;Ferrari;GF;34.513;60.673;31.981;
50;1;129;2:08.536;0;;34.588;0;1:02.237;0;31.711;0;196.2;4:57:34.738;18:58:25.901;0:34.588;1:02.237;0:31.711;311.4;Antonio FUOCO;;HYPERCAR;;Ferrari AF Corse;Ferrari;GF;34.588;62.237;31.711;
50;1;130;2:08.693;0;;35.714;0;1:00.622;0;32.357;0;195.9;4:59:43.431;19:00:34.594;0:35.714;1:00.622;0:32.357;305.2;Antonio FUOCO;;HYPERCAR;;Ferrari AF Corse;Ferrari;GF;35.714;60.622;32.357;
50;1;131;3:07.846;0;;35.988;0;1:07.139;0;1:24.719;0;134.2;5:02:51.277;19:03:42.440;0:35.988;1:07.139;1:24.719;295.3;Antonio FUOCO;;HYPERCAR;;Ferrari AF Corse;Ferrari;GF;35.988;67.139;84.719;
50;1;132;5:16.869;0;B;1:41.072;0;2:07.138;0;1:28.659;0;79.6;5:08:08.146;19:08:59.309;1:41.072;2:07.138;1:28.659;80.0;Antonio FUOCO;;HYPERCAR;;Ferrari AF Corse;Ferrari;GF;101.072;127.138;88.659;
50;1;133;5:37.087;0;;2:39.024;0;2:07.886;0;50.177;0;74.8;5:13:45.233;19:14:36.396;2:39.024;2:07.886;0:50.177;79.7;Antonio FUOCO;0:01:18.078;HYPERCAR;;Ferrari AF Corse;Ferrari;SF;159.024;127.886;50.177;
50;1;134;4:41.962;0;;1:23.622;0;2:02.298;0;1:16.042;0;89.4;5:18:27.195;19:19:18.358;1:23.622;2:02.298;1:16.042;85.9;Antonio FUOCO;;HYPERCAR;;Ferrari AF Corse;Ferrari;SF;83.622;122.298;76.042;
50;1;135;4:02.194;0;;1:30.196;0;1:35.588;0;56.410;0;104.1;5:22:29.389;19:23:20.552;1:30.196;1:35.588;0:56.410;130.4;Antonio FUOCO;;HYPERCAR;;Ferrari AF Corse;Ferrari;SF;90.196;95.588;56.410;
50;1;136;2:59.038;0;;49.991;0;1:24.776;0;44.271;0;140.8;5:25:28.427;19:26:19.590;0:49.991;1:24.776;0:44.271;197.7;Antonio FUOCO;;HYPERCAR;;Ferrari AF Corse;Ferrari;GF;49.991;84.776;44.271;
50;1;137;2:25.806;0;;34.904;0;1:03.481;0;47.421;0;172.9;5:27:54.233;19:28:45.396;0:34.904;1:03.481;0:47.421;299.3;Antonio FUOCO;;HYPERCAR;;Ferrari AF Corse;Ferrari;SF;34.904;63.481;47.421;
50;1;138;4:24.133;0;;1:21.382;0;1:54.016;0;1:08.735;0;95.5;5:32:18.366;19:33:09.529;1:21.382;1:54.016;1:08.735;66.8;Antonio FUOCO;;HYPERCAR;;Ferrari AF Corse;Ferrari;SF;81.382;114.016;68.735;
50;1;139;3:45.130;0;;1:29.279;0;1:28.600;0;47.251;0;112.0;5:36:03.496;19:36:54.659;1:29.279;1:28.600;0:47.251;73.2;Antonio FUOCO;;HYPERCAR;;Ferrari AF Corse;Ferrari;GF;89.279;88.600;47.251;
50;1;140;2:06.214;0;;34.576;0;1:00.007;0;31.631;0;199.8;5:38:09.710;19:39:00.873;0:34.576;1:00.007;0:31.631;308.7;Antonio FUOCO;;HYPERCAR;;Ferrari AF Corse;Ferrari;GF;34.576;60.007;31.631;
50;1;141;2:05.362;0;;34.463;0;59.225;0;31.674;0;201.1;5:40:15.072;19:41:06.235;0:34.463;0:59.225;0:31.674;315.9;Antonio FUOCO;;HYPERCAR;;Ferrari AF Corse;Ferrari;GF;34.463;59.225;31.674;
50;1;142;2:05.119;0;;34.389;0;59.193;0;31.537;0;201.5;5:42:20.191;19:43:11.354;0:34.389;0:59.193;0:31.537;313.2;Antonio FUOCO;;HYPERCAR;;Ferrari AF Corse;Ferrari;GF;34.389;59.193;31.537;
50;1;143;2:06.455;0;;34.283;2;1:00.171;0;32.001;0;199.4;5:44:26.646;19:45:17.809;0:34.283;1:00.171;0:32.001;312.3;Antonio FUOCO;;HYPERCAR;;Ferrari AF Corse;Ferrari;GF;34.283;60.171;32.001;
50;1;144;2:05.967;0;;34.500;0;59.819;0;31.648;0;200.2;5:46:32.613;19:47:23.776;0:34.500;0:59.819;0:31.648;317.8;Antonio FUOCO;;HYPERCAR;;Ferrari AF Corse;Ferrari;GF;34.500;59.819;31.648;
50;1;145;2:05.660;0;;34.371;0;59.571;0;31.718;0;200.7;5:48:38.273;19:49:29.436;0:34.371;0:59.571;0:31.718;315.0;Antonio FUOCO;;HYPERCAR;;Ferrari AF Corse;Ferrari;GF;34.371;59.571;31.718;
50;1;146;2:05.222;0;;34.408;0;59.209;0;31.605;0;201.4;5:50:43.495;19:51:34.658;0:34.408;0:59.209;0:31.605;317.8;Antonio FUOCO;;HYPERCAR;;Ferrari AF Corse;Ferrari;GF;34.408;59.209;31.605;
50;1;147;2:05.768;0;;34.560;0;59.337;0;31.871;0;200.5;5:52:49.263;19:53:40.426;0:34.560;0:59.337;0:31.871;317.8;Antonio FUOCO;;HYPERCAR;;Ferrari AF Corse;Ferrari;GF;34.560;59.337;31.871;
50;1;148;2:10.312;0;;36.363;0;1:00.698;0;33.251;0;193.5;5:54:59.575;19:55:50.738;0:36.363;1:00.698;0:33.251;312.3;Antonio FUOCO;;HYPERCAR;;Ferrari AF Corse;Ferrari;GF;36.363;60.698;33.251;
50;1;149;2:07.293;0;;34.492;0;1:00.631;0;32.170;0;198.1;5:57:06.868;19:57:58.031;0:34.492;1:00.631;0:32.170;309.6;Antonio FUOCO;;HYPERCAR;;Ferrari AF Corse;Ferrari;GF;34.492;60.631;32.170;
50;1;150;2:06.234;0;;34.911;0;59.647;0;31.676;0;199.7;5:59:13.102;20:00:04.265;0:34.911;0:59.647;0:31.676;314.1;Antonio FUOCO;;HYPERCAR;;Ferrari AF Corse;Ferrari;GF;34.911;59.647;31.676;
50;1;151;2:06.556;0;;34.578;0;59.706;0;32.272;0;199.2;6:01:19.658;20:02:10.821;0:34.578;0:59.706;0:32.272;315.0;Antonio FUOCO;;HYPERCAR;;Ferrari AF Corse;Ferrari;FF;34.578;59.706;32.272;
51;3;1;2:12.208;0;;37.584;0;1:02.374;0;32.250;0;187.4;2:12.208;14:03:03.371;0:37.584;1:02.374;0:32.250;267.6;Antonio GIOVINAZZI;;HYPERCAR;;Ferrari AF Corse;Ferrari;GF;37.584;62.374;32.250;
51;3;2;2:05.729;0;;34.686;0;59.397;0;31.646;0;200.5;4:17.937;14:05:09.100;0:34.686;0:59.397;0:31.646;315.0;Antonio GIOVINAZZI;;HYPERCAR;;Ferrari AF Corse;Ferrari;GF;34.686;59.397;31.646;
51;3;3;2:05.862;0;;34.711;0;59.613;0;31.538;1;200.3;6:23.799;14:07:14.962;0:34.711;0:59.613;0:31.538;296.9;Antonio GIOVINAZZI;;HYPERCAR;;Ferrari AF Corse;Ferrari;GF;34.711;59.613;31.538;
51;3;4;2:05.958;0;;34.762;0;59.264;1;31.932;0;200.2;8:29.757;14:09:20.920;0:34.762;0:59.264;0:31.932;296.9;Antonio GIOVINAZZI;;HYPERCAR;;Ferrari AF Corse;Ferrari;GF;34.762;59.264;31.932;
51;3;5;2:05.932;0;;34.584;0;59.543;0;31.805;0;200.2;10:35.689;14:11:26.852;0:34.584;0:59.543;0:31.805;299.3;Antonio GIOVINAZZI;;HYPERCAR;;Ferrari AF Corse;Ferrari;GF;34.584;59.543;31.805;
51;3;6;2:05.940;0;;34.710;0;59.468;0;31.762;0;200.2;12:41.629;14:13:32.792;0:34.710;0:59.468;0:31.762;299.3;Antonio GIOVINAZZI;;HYPERCAR;;Ferrari AF Corse;Ferrari;GF;34.710;59.468;31.762;
51;3;7;2:30.956;0;;34.589;0;1:02.106;0;54.261;0;167.0;15:12.585;14:16:03.748;0:34.589;1:02.106;0:54.261;301.0;Antonio GIOVINAZZI;;HYPERCAR;;Ferrari AF Corse;Ferrari;SF;34.589;62.106;54.261;
51;3;8;4:45.276;0;;1:29.464;0;1:53.859;0;1:21.953;0;88.4;19:57.861;14:20:49.024;1:29.464;1:53.859;1:21.953;88.9;Antonio GIOVINAZZI;;HYPERCAR;;Ferrari AF Corse;Ferrari;SF;89.464;113.859;81.953;
51;3;9;3:07.607;0;;1:07.841;0;1:19.248;0;40.518;0;134.4;23:05.468;14:23:56.631;1:07.841;1:19.248;0:40.518;107.2;Antonio GIOVINAZZI;;HYPERCAR;;Ferrari AF Corse;Ferrari;SF;67.841;79.248;40.518;
51;3;10;2:56.477;0;;48.281;0;1:19.661;0;48.535;0;142.9;26:01.945;14:26:53.108;0:48.281;1:19.661;0:48.535;184.9;Antonio GIOVINAZZI;;HYPERCAR;;Ferrari AF Corse;Ferrari;GF;48.281;79.661;48.535;
51;3;11;2:07.164;0;;35.197;0;1:00.152;0;31.815;0;198.3;28:09.109;14:29:00.272;0:35.197;1:00.152;0:31.815;294.5;Antonio GIOVINAZZI;;HYPERCAR;;Ferrari AF Corse;Ferrari;GF;35.197;60.152;31.815;
51;3;12;2:06.160;0;;34.625;0;59.834;0;31.701;0;199.9;30:15.269;14:31:06.432;0:34.625;0:59.834;0:31.701;297.7;Antonio GIOVINAZZI;;HYPERCAR;;Ferrari AF Corse;Ferrari;GF;34.625;59.834;31.701;
51;3;13;2:06.081;0;;34.514;0;59.870;0;31.697;0;200.0;32:21.350;14:33:12.513;0:34.514;0:59.870;0:31.697;320.6;Antonio GIOVINAZZI;;HYPERCAR;;Ferrari AF Corse;Ferrari;GF;34.514;59.870;31.697;
51;3;14;2:06.161;0;;34.568;0;59.850;0;31.743;0;199.9;34:27.511;14:35:18.674;0:34.568;0:59.850;0:31.743;300.2;Antonio GIOVINAZZI;;HYPERCAR;;Ferrari AF Corse;Ferrari;GF;34.568;59.850;31.743;
51;3;15;2:05.677;0;;34.615;0;59.310;0;31.752;0;200.6;36:33.188;14:37:24.351;0:34.615;0:59.310;0:31.752;297.7;Antonio GIOVINAZZI;;HYPERCAR;;Ferrari AF Corse;Ferrari;GF;34.615;59.310;31.752;
51;3;16;2:06.248;0;;34.641;0;59.776;0;31.831;0;199.7;38:39.436;14:39:30.599;0:34.641;0:59.776;0:31.831;299.3;Antonio GIOVINAZZI;;HYPERCAR;;Ferrari AF Corse;Ferrari;GF;34.641;59.776;31.831;
51;3;17;2:07.378;0;;34.523;0;1:00.502;0;32.353;0;197.9;40:46.814;14:41:37.977;0:34.523;1:00.502;0:32.353;299.3;Antonio GIOVINAZZI;;HYPERCAR;;Ferrari AF Corse;Ferrari;GF;34.523;60.502;32.353;
51;3;18;2:10.272;0;;35.410;0;1:01.121;0;33.741;0;193.6;42:57.086;14:43:48.249;0:35.410;1:01.121;0:33.741;293.7;Antonio GIOVINAZZI;;HYPERCAR;;Ferrari AF Corse;Ferrari;GF;35.410;61.121;33.741;
51;3;19;2:08.539;0;;35.742;0;1:00.097;0;32.700;0;196.2;45:05.625;14:45:56.788;0:35.742;1:00.097;0:32.700;292.9;Antonio GIOVINAZZI;;HYPERCAR;;Ferrari AF Corse;Ferrari;GF;35.742;60.097;32.700;
51;3;20;2:05.980;0;;34.821;0;59.508;0;31.651;0;200.1;47:11.605;14:48:02.768;0:34.821;0:59.508;0:31.651;302.7;Antonio GIOVINAZZI;;HYPERCAR;;Ferrari AF Corse;Ferrari;GF;34.821;59.508;31.651;
51;3;21;2:05.712;0;;34.541;0;59.463;0;31.708;0;200.6;49:17.317;14:50:08.480;0:34.541;0:59.463;0:31.708;300.2;Antonio GIOVINAZZI;;HYPERCAR;;Ferrari AF Corse;Ferrari;GF;34.541;59.463;31.708;
51;3;22;2:05.470;0;;34.593;0;59.291;0;31.586;0;201.0;51:22.787;14:52:13.950;0:34.593;0:59.291;0:31.586;298.5;Antonio GIOVINAZZI;;HYPERCAR;;Ferrari AF Corse;Ferrari;GF;34.593;59.291;31.586;
51;3;23;2:05.632;0;;34.526;0;59.414;0;31.692;0;200.7;53:28.419;14:54:19.582;0:34.526;0:59.414;0:31.692;296.1;Antonio GIOVINAZZI;;HYPERCAR;;Ferrari AF Corse;Ferrari;GF;34.526;59.414;31.692;
51;3;24;2:05.587;0;;34.498;1;59.507;0;31.582;0;200.8;55:34.006;14:56:25.169;0:34.498;0:59.507;0:31.582;297.7;Antonio GIOVINAZZI;;HYPERCAR;;Ferrari AF Corse;Ferrari;GF;34.498;59.507;31.582;
51;3;25;2:07.101;0;;35.618;0;59.851;0;31.632;0;198.4;57:41.107;14:58:32.270;0:35.618;0:59.851;0:31.632;287.4;Antonio GIOVINAZZI;;HYPERCAR;;Ferrari AF Corse;Ferrari;GF;35.618;59.851;31.632;
51;3;26;2:07.881;0;;35.973;0;1:00.236;0;31.672;0;197.2;59:48.988;15:00:40.151;0:35.973;1:00.236;0:31.672;291.3;Antonio GIOVINAZZI;;HYPERCAR;;Ferrari AF Corse;Ferrari;GF;35.973;60.236;31.672;
51;3;27;2:14.020;0;B;35.005;0;1:00.034;0;38.981;0;188.1;1:02:03.008;15:02:54.171;0:35.005;1:00.034;0:38.981;298.5;Antonio GIOVINAZZI;;HYPERCAR;;Ferrari AF Corse;Ferrari;GF;35.005;60.034;38.981;
51;3;28;3:04.292;0;;1:32.423;0;59.905;0;31.964;0;136.8;1:05:07.300;15:05:58.463;1:32.423;0:59.905;0:31.964;305.2;Antonio GIOVINAZZI;0:01:08.156;HYPERCAR;;Ferrari AF Corse;Ferrari;GF;92.423;59.905;31.964;
51;3;29;2:06.409;0;;34.753;0;59.641;0;32.015;0;199.5;1:07:13.709;15:08:04.872;0:34.753;0:59.641;0:32.015;298.5;Antonio GIOVINAZZI;;HYPERCAR;;Ferrari AF Corse;Ferrari;GF;34.753;59.641;32.015;
51;3;30;2:06.634;0;;34.633;0;1:00.061;0;31.940;0;199.1;1:09:20.343;15:10:11.506;0:34.633;1:00.061;0:31.940;304.4;Antonio GIOVINAZZI;;HYPERCAR;;Ferrari AF Corse;Ferrari;GF;34.633;60.061;31.940;
51;3;31;2:06.695;0;;34.747;0;1:00.010;0;31.938;0;199.0;1:11:27.038;15:12:18.201;0:34.747;1:00.010;0:31.938;303.5;Antonio GIOVINAZZI;;HYPERCAR;;Ferrari AF Corse;Ferrari;GF;34.747;60.010;31.938;
51;3;32;2:06.818;0;;34.709;0;59.971;0;32.138;0;198.8;1:13:33.856;15:14:25.019;0:34.709;0:59.971;0:32.138;301.8;Antonio GIOVINAZZI;;HYPERCAR;;Ferrari AF Corse;Ferrari;GF;34.709;59.971;32.138;
51;3;33;2:07.214;0;;34.566;0;1:00.091;0;32.557;0;198.2;1:15:41.070;15:16:32.233;0:34.566;1:00.091;0:32.557;321.5;Antonio GIOVINAZZI;;HYPERCAR;;Ferrari AF Corse;Ferrari;GF;34.566;60.091;32.557;
51;3;34;2:06.695;0;;34.662;0;59.844;0;32.189;0;199.0;1:17:47.765;15:18:38.928;0:34.662;0:59.844;0:32.189;301.0;Antonio GIOVINAZZI;;HYPERCAR;;Ferrari AF Corse;Ferrari;GF;34.662;59.844;32.189;
51;3;35;2:08.444;0;;34.720;0;1:01.512;0;32.212;0;196.3;1:19:56.209;15:20:47.372;0:34.720;1:01.512;0:32.212;302.7;Antonio GIOVINAZZI;;HYPERCAR;;Ferrari AF Corse;Ferrari;GF;34.720;61.512;32.212;
51;3;36;2:07.675;0;;34.699;0;1:00.732;0;32.244;0;197.5;1:22:03.884;15:22:55.047;0:34.699;1:00.732;0:32.244;297.7;Antonio GIOVINAZZI;;HYPERCAR;;Ferrari AF Corse;Ferrari;GF;34.699;60.732;32.244;
51;3;37;2:06.117;0;;34.684;0;59.667;0;31.766;0;199.9;1:24:10.001;15:25:01.164;0:34.684;0:59.667;0:31.766;300.2;Antonio GIOVINAZZI;;HYPERCAR;;Ferrari AF Corse;Ferrari;GF;34.684;59.667;31.766;
51;3;38;2:05.926;0;;34.561;0;59.665;0;31.700;0;200.2;1:26:15.927;15:27:07.090;0:34.561;0:59.665;0:31.700;301.0;Antonio GIOVINAZZI;;HYPERCAR;;Ferrari AF Corse;Ferrari;GF;34.561;59.665;31.700;
51;3;39;2:06.586;0;;34.718;0;1:00.152;0;31.716;0;199.2;1:28:22.513;15:29:13.676;0:34.718;1:00.152;0:31.716;299.3;Antonio GIOVINAZZI;;HYPERCAR;;Ferrari AF Corse;Ferrari;GF;34.718;60.152;31.716;
51;3;40;2:06.725;0;;34.692;0;1:00.268;0;31.765;0;199.0;1:30:29.238;15:31:20.401;0:34.692;1:00.268;0:31.765;298.5;Antonio GIOVINAZZI;;HYPERCAR;;Ferrari AF Corse;Ferrari;GF;34.692;60.268;31.765;
51;3;41;2:06.359;0;;34.694;0;59.737;0;31.928;0;199.5;1:32:35.597;15:33:26.760;0:34.694;0:59.737;0:31.928;299.3;Antonio GIOVINAZZI;;HYPERCAR;;Ferrari AF Corse;Ferrari;GF;34.694;59.737;31.928;
51;3;42;2:06.535;0;;34.557;0;59.994;0;31.984;0;199.3;1:34:42.132;15:35:33.295;0:34.557;0:59.994;0:31.984;301.0;Antonio GIOVINAZZI;;HYPERCAR;;Ferrari AF Corse;Ferrari;GF;34.557;59.994;31.984;
51;3;43;2:08.078;0;;34.505;0;1:00.605;0;32.968;0;196.9;1:36:50.210;15:37:41.373;0:34.505;1:00.605;0:32.968;303.5;Antonio GIOVINAZZI;;HYPERCAR;;Ferrari AF Corse;Ferrari;GF;34.505;60.605;32.968;
51;3;44;2:13.630;0;;36.519;0;1:05.127;0;31.984;0;188.7;1:39:03.840;15:39:55.003;0:36.519;1:05.127;0:31.984;311.4;Antonio GIOVINAZZI;;HYPERCAR;;Ferrari AF Corse;Ferrari;GF;36.519;65.127;31.984;
51;3;45;2:07.143;0;;34.630;0;1:00.404;0;32.109;0;198.3;1:41:10.983;15:42:02.146;0:34.630;1:00.404;0:32.109;306.1;Antonio GIOVINAZZI;;HYPERCAR;;Ferrari AF Corse;Ferrari;GF;34.630;60.404;32.109;
51;3;46;2:07.697;0;;34.655;0;1:00.548;0;32.494;0;197.5;1:43:18.680;15:44:09.843;0:34.655;1:00.548;0:32.494;304.4;Antonio GIOVINAZZI;;HYPERCAR;;Ferrari AF Corse;Ferrari;GF;34.655;60.548;32.494;
51;3;47;2:07.141;0;;34.721;0;1:00.452;0;31.968;0;198.3;1:45:25.821;15:46:16.984;0:34.721;1:00.452;0:31.968;310.5;Antonio GIOVINAZZI;;HYPERCAR;;Ferrari AF Corse;Ferrari;GF;34.721;60.452;31.968;
51;3;48;2:06.606;0;;34.636;0;1:00.050;0;31.920;0;199.2;1:47:32.427;15:48:23.590;0:34.636;1:00.050;0:31.920;307.8;Antonio GIOVINAZZI;;HYPERCAR;;Ferrari AF Corse;Ferrari;GF;34.636;60.050;31.920;
51;3;49;2:06.651;0;;34.614;0;59.919;0;32.118;0;199.1;1:49:39.078;15:50:30.241;0:34.614;0:59.919;0:32.118;307.8;Antonio GIOVINAZZI;;HYPERCAR;;Ferrari AF Corse;Ferrari;GF;34.614;59.919;32.118;
51;3;50;2:13.170;0;B;34.664;0;1:00.183;0;38.323;0;189.3;1:51:52.248;15:52:43.411;0:34.664;1:00.183;0:38.323;307.0;Antonio GIOVINAZZI;;HYPERCAR;;Ferrari AF Corse;Ferrari;GF;34.664;60.183;38.323;
51;2;51;3:17.866;0;;1:43.852;0;1:02.083;0;31.931;0;127.4;1:55:10.114;15:56:01.277;1:43.852;1:02.083;0:31.931;263.6;James CALADO;0:01:16.726;HYPERCAR;;Ferrari AF Corse;Ferrari;GF;103.852;62.083;31.931;
51;2;52;2:07.827;0;;35.703;0;1:00.411;0;31.713;0;197.3;1:57:17.941;15:58:09.104;0:35.703;1:00.411;0:31.713;295.3;James CALADO;;HYPERCAR;;Ferrari AF Corse;Ferrari;GF;35.703;60.411;31.713;
51;2;53;2:05.964;0;;34.733;0;59.719;0;31.512;0;200.2;1:59:23.905;16:00:15.068;0:34.733;0:59.719;0:31.512;283.7;James CALADO;;HYPERCAR;;Ferrari AF Corse;Ferrari;GF;34.733;59.719;31.512;
51;2;54;2:07.334;0;;34.604;0;1:00.613;0;32.117;0;198.0;2:01:31.239;16:02:22.402;0:34.604;1:00.613;0:32.117;299.3;James CALADO;;HYPERCAR;;Ferrari AF Corse;Ferrari;GF;34.604;60.613;32.117;
51;2;55;2:06.667;0;;34.866;0;1:00.014;0;31.787;0;199.1;2:03:37.906;16:04:29.069;0:34.866;1:00.014;0:31.787;301.8;James CALADO;;HYPERCAR;;Ferrari AF Corse;Ferrari;GF;34.866;60.014;31.787;
51;2;56;2:07.084;0;;34.551;0;59.333;0;33.200;0;198.4;2:05:44.990;16:06:36.153;0:34.551;0:59.333;0:33.200;302.7;James CALADO;;HYPERCAR;;Ferrari AF Corse;Ferrari;GF;34.551;59.333;33.200;
51;2;57;2:05.397;0;;34.706;0;59.052;0;31.639;0;201.1;2:07:50.387;16:08:41.550;0:34.706;0:59.052;0:31.639;313.2;James CALADO;;HYPERCAR;;Ferrari AF Corse;Ferrari;GF;34.706;59.052;31.639;
51;2;58;2:04.866;2;;34.598;0;58.829;2;31.439;2;201.9;2:09:55.253;16:10:46.416;0:34.598;0:58.829;0:31.439;296.9;James CALADO;;HYPERCAR;;Ferrari AF Corse;Ferrari;GF;34.598;58.829;31.439;
51;2;59;2:05.666;0;;34.632;0;59.224;0;31.810;0;200.6;2:12:00.919;16:12:52.082;0:34.632;0:59.224;0:31.810;297.7;James CALADO;;HYPERCAR;;Ferrari AF Corse;Ferrari;GF;34.632;59.224;31.810;
51;2;60;2:06.365;0;;34.792;0;59.313;0;32.260;0;199.5;2:14:07.284;16:14:58.447;0:34.792;0:59.313;0:32.260;292.1;James CALADO;;HYPERCAR;;Ferrari AF Corse;Ferrari;GF;34.792;59.313;32.260;
51;2;61;2:06.507;0;;34.779;0;59.671;0;32.057;0;199.3;2:16:13.791;16:17:04.954;0:34.779;0:59.671;0:32.057;294.5;James CALADO;;HYPERCAR;;Ferrari AF Corse;Ferrari;GF;34.779;59.671;32.057;
51;2;62;2:07.093;0;;34.821;0;1:00.442;0;31.830;0;198.4;2:18:20.884;16:19:12.047;0:34.821;1:00.442;0:31.830;296.1;James CALADO;;HYPERCAR;;Ferrari AF Corse;Ferrari;GF;34.821;60.442;31.830;
51;2;63;2:06.834;0;;34.674;0;1:00.183;0;31.977;0;198.8;2:20:27.718;16:21:18.881;0:34.674;1:00.183;0:31.977;296.9;James CALADO;;HYPERCAR;;Ferrari AF Corse;Ferrari;GF;34.674;60.183;31.977;
51;2;64;2:06.907;0;;34.905;0;1:00.135;0;31.867;0;198.7;2:22:34.625;16:23:25.788;0:34.905;1:00.135;0:31.867;297.7;James CALADO;;HYPERCAR;;Ferrari AF Corse;Ferrari;GF;34.905;60.135;31.867;
51;2;65;2:07.015;0;;34.661;0;1:00.480;0;31.874;0;198.5;2:24:41.640;16:25:32.803;0:34.661;1:00.480;0:31.874;295.3;James CALADO;;HYPERCAR;;Ferrari AF Corse;Ferrari;GF;34.661;60.480;31.874;
51;2;66;2:06.604;0;;34.762;0;59.723;0;32.119;0;199.2;2:26:48.244;16:27:39.407;0:34.762;0:59.723;0:32.119;296.1;James CALADO;;HYPERCAR;;Ferrari AF Corse;Ferrari;GF;34.762;59.723;32.119;
51;2;67;2:06.806;0;;34.705;0;1:00.276;0;31.825;0;198.8;2:28:55.050;16:29:46.213;0:34.705;1:00.276;0:31.825;300.2;James CALADO;;HYPERCAR;;Ferrari AF Corse;Ferrari;GF;34.705;60.276;31.825;
51;2;68;2:05.460;0;;34.650;0;59.283;0;31.527;0;201.0;2:31:00.510;16:31:51.673;0:34.650;0:59.283;0:31.527;300.2;James CALADO;;HYPERCAR;;Ferrari AF Corse;Ferrari;GF;34.650;59.283;31.527;
51;2;69;2:05.364;0;;34.604;0;59.258;0;31.502;0;201.1;2:33:05.874;16:33:57.037;0:34.604;0:59.258;0:31.502;299.3;James CALADO;;HYPERCAR;;Ferrari AF Corse;Ferrari;GF;34.604;59.258;31.502;
51;2;70;2:07.100;0;;35.038;0;59.770;0;32.292;0;198.4;2:35:12.974;16:36:04.137;0:35.038;0:59.770;0:32.292;293.7;James CALADO;;HYPERCAR;;Ferrari AF Corse;Ferrari;GF;35.038;59.770;32.292;
51;2;71;2:08.400;0;;34.550;1;1:01.823;0;32.027;0;196.4;2:37:21.374;16:38:12.537;0:34.550;1:01.823;0:32.027;301.0;James CALADO;;HYPERCAR;;Ferrari AF Corse;Ferrari;GF;34.550;61.823;32.027;
51;2;72;2:07.844;0;;34.585;0;1:00.824;0;32.435;0;197.2;2:39:29.218;16:40:20.381;0:34.585;1:00.824;0:32.435;304.4;James CALADO;;HYPERCAR;;Ferrari AF Corse;Ferrari;GF;34.585;60.824;32.435;
51;2;73;2:07.879;0;;34.798;0;1:00.706;0;32.375;0;197.2;2:41:37.097;16:42:28.260;0:34.798;1:00.706;0:32.375;282.2;James CALADO;;HYPERCAR;;Ferrari AF Corse;Ferrari;GF;34.798;60.706;32.375;
51;2;74;2:08.086;0;;34.734;0;1:00.324;0;33.028;0;196.9;2:43:45.183;16:44:36.346;0:34.734;1:00.324;0:33.028;307.0;James CALADO;;HYPERCAR;;Ferrari AF Corse;Ferrari;GF;34.734;60.324;33.028;
51;2;75;3:37.093;0;B;34.687;0;1:27.757;0;1:34.649;0;116.1;2:47:22.276;16:48:13.439;0:34.687;1:27.757;1:34.649;306.1;James CALADO;;HYPERCAR;;Ferrari AF Corse;Ferrari;GF;34.687;87.757;94.649;
51;2;76;3:05.937;0;;1:32.668;0;1:00.815;0;32.454;0;135.6;2:50:28.213;16:51:19.376;1:32.668;1:00.815;0:32.454;307.8;James CALADO;0:01:08.484;HYPERCAR;;Ferrari AF Corse;Ferrari;GF;92.668;60.815;32.454;
51;2;77;2:07.478;0;;34.984;0;59.914;0;32.580;0;197.8;2:52:35.691;16:53:26.854;0:34.984;0:59.914;0:32.580;314.1;James CALADO;;HYPERCAR;;Ferrari AF Corse;Ferrari;GF;34.984;59.914;32.580;
51;2;78;2:09.808;0;;35.989;0;1:01.677;0;32.142;0;194.2;2:54:45.499;16:55:36.662;0:35.989;1:01.677;0:32.142;281.5;James CALADO;;HYPERCAR;;Ferrari AF Corse;Ferrari;GF;35.989;61.677;32.142;
51;2;79;2:07.221;0;;35.063;0;1:00.375;0;31.783;0;198.2;2:56:52.720;16:57:43.883;0:35.063;1:00.375;0:31.783;297.7;James CALADO;;HYPERCAR;;Ferrari AF Corse;Ferrari;GF;35.063;60.375;31.783;
51;2;80;2:06.217;0;;34.716;0;59.576;0;31.925;0;199.8;2:58:58.937;16:59:50.100;0:34.716;0:59.576;0:31.925;296.9;James CALADO;;HYPERCAR;;Ferrari AF Corse;Ferrari;GF;34.716;59.576;31.925;
51;2;81;2:08.520;0;;36.458;0;59.886;0;32.176;0;196.2;3:01:07.457;17:01:58.620;0:36.458;0:59.886;0:32.176;282.9;James CALADO;;HYPERCAR;;Ferrari AF Corse;Ferrari;GF;36.458;59.886;32.176;
51;2;82;2:08.579;0;;34.812;0;1:01.680;0;32.087;0;196.1;3:03:16.036;17:04:07.199;0:34.812;1:01.680;0:32.087;298.5;James CALADO;;HYPERCAR;;Ferrari AF Corse;Ferrari;GF;34.812;61.680;32.087;
51;2;83;2:06.588;0;;35.037;0;59.737;0;31.814;0;199.2;3:05:22.624;17:06:13.787;0:35.037;0:59.737;0:31.814;295.3;James CALADO;;HYPERCAR;;Ferrari AF Corse;Ferrari;GF;35.037;59.737;31.814;
51;2;84;2:07.591;0;;35.878;0;59.918;0;31.795;0;197.6;3:07:30.215;17:08:21.378;0:35.878;0:59.918;0:31.795;283.7;James CALADO;;HYPERCAR;;Ferrari AF Corse;Ferrari;GF;35.878;59.918;31.795;
51;2;85;2:06.039;0;;34.714;0;59.664;0;31.661;0;200.1;3:09:36.254;17:10:27.417;0:34.714;0:59.664;0:31.661;296.1;James CALADO;;HYPERCAR;;Ferrari AF Corse;Ferrari;GF;34.714;59.664;31.661;
51;2;86;2:07.374;0;;35.672;0;59.956;0;31.746;0;198.0;3:11:43.628;17:12:34.791;0:35.672;0:59.956;0:31.746;291.3;James CALADO;;HYPERCAR;;Ferrari AF Corse;Ferrari;GF;35.672;59.956;31.746;
51;2;87;2:06.190;0;;34.743;0;59.702;0;31.745;0;199.8;3:13:49.818;17:14:40.981;0:34.743;0:59.702;0:31.745;300.2;James CALADO;;HYPERCAR;;Ferrari AF Corse;Ferrari;GF;34.743;59.702;31.745;
51;2;88;2:07.342;0;;36.099;0;59.540;0;31.703;0;198.0;3:15:57.160;17:16:48.323;0:36.099;0:59.540;0:31.703;289.7;James CALADO;;HYPERCAR;;Ferrari AF Corse;Ferrari;GF;36.099;59.540;31.703;
51;2;89;2:05.807;0;;34.632;0;59.498;0;31.677;0;200.4;3:18:02.967;17:18:54.130;0:34.632;0:59.498;0:31.677;299.3;James CALADO;;HYPERCAR;;Ferrari AF Corse;Ferrari;GF;34.632;59.498;31.677;
51;2;90;2:08.327;0;;34.745;0;1:00.901;0;32.681;0;196.5;3:20:11.294;17:21:02.457;0:34.745;1:00.901;0:32.681;300.2;James CALADO;;HYPERCAR;;Ferrari AF Corse;Ferrari;GF;34.745;60.901;32.681;
51;2;91;2:09.478;0;;35.586;0;1:01.952;0;31.940;0;194.7;3:22:20.772;17:23:11.935;0:35.586;1:01.952;0:31.940;301.0;James CALADO;;HYPERCAR;;Ferrari AF Corse;Ferrari;GF;35.586;61.952;31.940;
51;2;92;2:07.423;0;;35.577;0;59.803;0;32.043;0;197.9;3:24:28.195;17:25:19.358;0:35.577;0:59.803;0:32.043;299.3;James CALADO;;HYPERCAR;;Ferrari AF Corse;Ferrari;GF;35.577;59.803;32.043;
51;2;93;2:07.565;0;;34.635;0;1:00.853;0;32.077;0;197.7;3:26:35.760;17:27:26.923;0:34.635;1:00.853;0:32.077;301.8;James CALADO;;HYPERCAR;;Ferrari AF Corse;Ferrari;GF;34.635;60.853;32.077;
51;2;94;2:06.489;0;;34.601;0;59.789;0;32.099;0;199.3;3:28:42.249;17:29:33.412;0:34.601;0:59.789;0:32.099;307.0;James CALADO;;HYPERCAR;;Ferrari AF Corse;Ferrari;GF;34.601;59.789;32.099;
51;2;95;2:07.680;0;;35.842;0;59.966;0;31.872;0;197.5;3:30:49.929;17:31:41.092;0:35.842;0:59.966;0:31.872;299.3;James CALADO;;HYPERCAR;;Ferrari AF Corse;Ferrari;GF;35.842;59.966;31.872;
51;2;96;2:07.999;0;;34.754;0;1:00.623;0;32.622;0;197.0;3:32:57.928;17:33:49.091;0:34.754;1:00.623;0:32.622;303.5;James CALADO;;HYPERCAR;;Ferrari AF Corse;Ferrari;GF;34.754;60.623;32.622;
51;2;97;2:07.167;0;;34.797;0;1:00.347;0;32.023;0;198.3;3:35:05.095;17:35:56.258;0:34.797;1:00.347;0:32.023;305.2;James CALADO;;HYPERCAR;;Ferrari AF Corse;Ferrari;GF;34.797;60.347;32.023;
51;2;98;2:07.023;0;;34.749;0;1:00.209;0;32.065;0;198.5;3:37:12.118;17:38:03.281;0:34.749;1:00.209;0:32.065;301.8;James CALADO;;HYPERCAR;;Ferrari AF Corse;Ferrari;GF;34.749;60.209;32.065;
51;2;99;2:07.063;0;;34.712;0;1:00.342;0;32.009;0;198.4;3:39:19.181;17:40:10.344;0:34.712;1:00.342;0:32.009;305.2;James CALADO;;HYPERCAR;;Ferrari AF Corse;Ferrari;GF;34.712;60.342;32.009;
51;2;100;2:14.076;0;B;34.749;0;1:00.498;0;38.829;0;188.1;3:41:33.257;17:42:24.420;0:34.749;1:00.498;0:38.829;303.5;James CALADO;;HYPERCAR;;Ferrari AF Corse;Ferrari;GF;34.749;60.498;38.829;
51;1;101;3:18.870;0;;1:46.382;0;1:00.679;0;31.809;0;126.8;3:44:52.127;17:45:43.290;1:46.382;1:00.679;0:31.809;285.2;Alessandro PIER GUIDI;0:01:20.423;HYPERCAR;;Ferrari AF Corse;Ferrari;GF;106.382;60.679;31.809;
51;1;102;2:06.620;0;;34.608;0;1:00.175;0;31.837;0;199.1;3:46:58.747;17:47:49.910;0:34.608;1:00.175;0:31.837;314.1;Alessandro PIER GUIDI;;HYPERCAR;;Ferrari AF Corse;Ferrari;GF;34.608;60.175;31.837;
51;1;103;2:06.167;0;;34.663;0;59.467;0;32.037;0;199.8;3:49:04.914;17:49:56.077;0:34.663;0:59.467;0:32.037;314.1;Alessandro PIER GUIDI;;HYPERCAR;;Ferrari AF Corse;Ferrari;GF;34.663;59.467;32.037;
51;1;104;3:00.053;0;B;34.631;0;59.683;0;1:25.739;0;140.0;3:52:04.967;17:52:56.130;0:34.631;0:59.683;1:25.739;315.0;Alessandro PIER GUIDI;;HYPERCAR;;Ferrari AF Corse;Ferrari;GF;34.631;59.683;85.739;
51;1;105;5:28.484;0;;1:55.657;0;2:07.992;0;1:24.835;0;76.8;3:57:33.451;17:58:24.614;1:55.657;2:07.992;1:24.835;79.9;Alessandro PIER GUIDI;0:00:36.449;HYPERCAR;;Ferrari AF Corse;Ferrari;GF;115.657;127.992;84.835;
51;1;106;5:06.876;0;;1:41.307;0;2:08.011;0;1:17.558;0;82.2;4:02:40.327;18:03:31.490;1:41.307;2:08.011;1:17.558;79.9;Alessandro PIER GUIDI;;HYPERCAR;;Ferrari AF Corse;Ferrari;SF;101.307;128.011;77.558;
51;1;107;2:53.013;0;;50.234;0;1:16.621;0;46.158;0;145.7;4:05:33.340;18:06:24.503;0:50.234;1:16.621;0:46.158;168.0;Alessandro PIER GUIDI;;HYPERCAR;;Ferrari AF Corse;Ferrari;SF;50.234;76.621;46.158;
51;1;108;4:25.661;0;;1:04.926;0;2:00.467;0;1:20.268;0;94.9;4:09:59.001;18:10:50.164;1:04.926;2:00.467;1:20.268;92.1;Alessandro PIER GUIDI;;HYPERCAR;;Ferrari AF Corse;Ferrari;SF;64.926;120.467;80.268;
51;1;109;4:26.491;0;;1:22.110;0;1:48.733;0;1:15.648;0;94.6;4:14:25.492;18:15:16.655;1:22.110;1:48.733;1:15.648;89.5;Alessandro PIER GUIDI;;HYPERCAR;;Ferrari AF Corse;Ferrari;SF;82.110;108.733;75.648;
51;1;110;3:09.075;0;;1:03.561;0;1:15.621;0;49.893;0;133.4;4:17:34.567;18:18:25.730;1:03.561;1:15.621;0:49.893;212.9;Alessandro PIER GUIDI;;HYPERCAR;;Ferrari AF Corse;Ferrari;GF;63.561;75.621;49.893;
51;1;111;2:07.433;0;;34.986;0;1:00.438;0;32.009;0;197.9;4:19:42.000;18:20:33.163;0:34.986;1:00.438;0:32.009;296.1;Alessandro PIER GUIDI;;HYPERCAR;;Ferrari AF Corse;Ferrari;GF;34.986;60.438;32.009;
51;1;112;2:05.641;0;;34.521;0;59.492;0;31.628;1;200.7;4:21:47.641;18:22:38.804;0:34.521;0:59.492;0:31.628;306.1;Alessandro PIER GUIDI;;HYPERCAR;;Ferrari AF Corse;Ferrari;GF;34.521;59.492;31.628;
51;1;113;2:05.810;0;;34.589;0;59.423;0;31.798;0;200.4;4:23:53.451;18:24:44.614;0:34.589;0:59.423;0:31.798;312.3;Alessandro PIER GUIDI;;HYPERCAR;;Ferrari AF Corse;Ferrari;GF;34.589;59.423;31.798;
51;1;114;2:05.962;0;;34.620;0;59.697;0;31.645;0;200.2;4:25:59.413;18:26:50.576;0:34.620;0:59.697;0:31.645;299.3;Alessandro PIER GUIDI;;HYPERCAR;;Ferrari AF Corse;Ferrari;GF;34.620;59.697;31.645;
51;1;115;2:06.155;0;;34.648;0;59.755;0;31.752;0;199.9;4:28:05.568;18:28:56.731;0:34.648;0:59.755;0:31.752;298.5;Alessandro PIER GUIDI;;HYPERCAR;;Ferrari AF Corse;Ferrari;GF;34.648;59.755;31.752;
51;1;116;2:06.043;0;;34.728;0;59.463;0;31.852;0;200.0;4:30:11.611;18:31:02.774;0:34.728;0:59.463;0:31.852;299.3;Alessandro PIER GUIDI;;HYPERCAR;;Ferrari AF Corse;Ferrari;GF;34.728;59.463;31.852;
51;1;117;2:06.073;0;;34.593;0;59.679;0;31.801;0;200.0;4:32:17.684;18:33:08.847;0:34.593;0:59.679;0:31.801;301.0;Alessandro PIER GUIDI;;HYPERCAR;;Ferrari AF Corse;Ferrari;GF;34.593;59.679;31.801;
51;1;118;2:06.476;0;;34.551;0;59.563;0;32.362;0;199.4;4:34:24.160;18:35:15.323;0:34.551;0:59.563;0:32.362;300.2;Alessandro PIER GUIDI;;HYPERCAR;;Ferrari AF Corse;Ferrari;GF;34.551;59.563;32.362;
51;1;119;2:08.922;0;;34.584;0;1:01.763;0;32.575;0;195.6;4:36:33.082;18:37:24.245;0:34.584;1:01.763;0:32.575;309.6;Alessandro PIER GUIDI;;HYPERCAR;;Ferrari AF Corse;Ferrari;GF;34.584;61.763;32.575;
51;1;120;2:11.069;0;;35.509;0;1:02.953;0;32.607;0;192.4;4:38:44.151;18:39:35.314;0:35.509;1:02.953;0:32.607;299.3;Alessandro PIER GUIDI;;HYPERCAR;;Ferrari AF Corse;Ferrari;GF;35.509;62.953;32.607;
51;1;121;2:07.219;0;;35.536;0;59.905;0;31.778;0;198.2;4:40:51.370;18:41:42.533;0:35.536;0:59.905;0:31.778;308.7;Alessandro PIER GUIDI;;HYPERCAR;;Ferrari AF Corse;Ferrari;GF;35.536;59.905;31.778;
51;1;122;2:05.969;0;;34.528;0;59.645;0;31.796;0;200.2;4:42:57.339;18:43:48.502;0:34.528;0:59.645;0:31.796;315.9;Alessandro PIER GUIDI;;HYPERCAR;;Ferrari AF Corse;Ferrari;GF;34.528;59.645;31.796;
51;1;123;2:05.451;0;;34.536;0;59.003;1;31.912;0;201.0;4:45:02.790;18:45:53.953;0:34.536;0:59.003;0:31.912;316.8;Alessandro PIER GUIDI;;HYPERCAR;;Ferrari AF Corse;Ferrari;GF;34.536;59.003;31.912;
51;1;124;2:05.744;0;;34.465;0;59.498;0;31.781;0;200.5;4:47:08.534;18:47:59.697;0:34.465;0:59.498;0:31.781;316.8;Alessandro PIER GUIDI;;HYPERCAR;;Ferrari AF Corse;Ferrari;GF;34.465;59.498;31.781;
51;1;125;2:05.410;0;;34.489;0;59.177;0;31.744;0;201.1;4:49:13.944;18:50:05.107;0:34.489;0:59.177;0:31.744;319.6;Alessandro PIER GUIDI;;HYPERCAR;;Ferrari AF Corse;Ferrari;GF;34.489;59.177;31.744;
51;1;126;2:05.426;0;;34.398;0;59.279;0;31.749;0;201.0;4:51:19.370;18:52:10.533;0:34.398;0:59.279;0:31.749;317.8;Alessandro PIER GUIDI;;HYPERCAR;;Ferrari AF Corse;Ferrari;GF;34.398;59.279;31.749;
51;1;127;2:05.331;0;;34.420;0;59.181;0;31.730;0;201.2;4:53:24.701;18:54:15.864;0:34.420;0:59.181;0:31.730;320.6;Alessandro PIER GUIDI;;HYPERCAR;;Ferrari AF Corse;Ferrari;GF;34.420;59.181;31.730;
51;1;128;2:07.770;0;;34.394;2;59.944;0;33.432;0;197.3;4:55:32.471;18:56:23.634;0:34.394;0:59.944;0:33.432;320.6;Alessandro PIER GUIDI;;HYPERCAR;;Ferrari AF Corse;Ferrari;GF;34.394;59.944;33.432;
51;1;129;2:08.546;0;;34.439;0;1:01.310;0;32.797;0;196.1;4:57:41.017;18:58:32.180;0:34.439;1:01.310;0:32.797;314.1;Alessandro PIER GUIDI;;HYPERCAR;;Ferrari AF Corse;Ferrari;GF;34.439;61.310;32.797;
54;1;1;2:36.567;0;;51.067;0;1:08.272;0;37.228;0;158.2;2:36.567;14:03:27.730;0:51.067;1:08.272;0:37.228;252.0;Thomas FLOHR;;LMGT3;;Vista AF Corse;Ferrari;GF;51.067;68.272;37.228;
54;1;2;2:23.068;0;;40.787;0;1:05.532;0;36.749;0;176.2;4:59.635;14:05:50.798;0:40.787;1:05.532;0:36.749;258.6;Thomas FLOHR;;LMGT3;;Vista AF Corse;Ferrari;GF;40.787;65.532;36.749;
54;1;3;2:22.482;0;;40.604;0;1:05.507;1;36.371;0;177.0;7:22.117;14:08:13.280;0:40.604;1:05.507;0:36.371;259.2;Thomas FLOHR;;LMGT3;;Vista AF Corse;Ferrari;GF;40.604;65.507;36.371;
54;1;4;2:23.229;0;;40.654;0;1:05.756;0;36.819;0;176.0;9:45.346;14:10:36.509;0:40.654;1:05.756;0:36.819;258.0;Thomas FLOHR;;LMGT3;;Vista AF Corse;Ferrari;GF;40.654;65.756;36.819;
54;1;5;2:23.443;0;;40.674;0;1:05.944;0;36.825;0;175.8;12:08.789;14:12:59.952;0:40.674;1:05.944;0:36.825;257.4;Thomas FLOHR;;LMGT3;;Vista AF Corse;Ferrari;GF;40.674;65.944;36.825;
54;1;6;2:40.056;0;;41.029;0;1:08.015;0;51.012;0;157.5;14:48.845;14:15:40.008;0:41.029;1:08.015;0:51.012;256.2;Thomas FLOHR;;LMGT3;;Vista AF Corse;Ferrari;SF;41.029;68.015;51.012;
54;1;7;2:47.355;0;;46.845;0;1:14.063;0;46.447;0;150.7;17:36.200;14:18:27.363;0:46.845;1:14.063;0:46.447;221.1;Thomas FLOHR;;LMGT3;;Vista AF Corse;Ferrari;SF;46.845;74.063;46.447;
54;1;8;2:45.456;0;;46.482;0;1:13.536;0;45.438;0;152.4;20:21.656;14:21:12.819;0:46.482;1:13.536;0:45.438;174.8;Thomas FLOHR;;LMGT3;;Vista AF Corse;Ferrari;SF;46.482;73.536;45.438;
54;1;9;3:09.600;0;;1:04.050;0;1:20.086;0;45.464;0;133.0;23:31.256;14:24:22.419;1:04.050;1:20.086;0:45.464;188.1;Thomas FLOHR;;LMGT3;;Vista AF Corse;Ferrari;SF;64.050;80.086;45.464;
54;1;10;2:43.031;0;;47.789;0;1:12.187;0;43.055;0;154.7;26:14.287;14:27:05.450;0:47.789;1:12.187;0:43.055;201.4;Thomas FLOHR;;LMGT3;;Vista AF Corse;Ferrari;GF;47.789;72.187;43.055;
54;1;11;2:27.126;0;;41.599;0;1:07.670;0;37.857;0;171.4;28:41.413;14:29:32.576;0:41.599;1:07.670;0:37.857;255.0;Thomas FLOHR;;LMGT3;;Vista AF Corse;Ferrari;GF;41.599;67.670;37.857;
54;1;12;2:24.970;0;;41.017;0;1:06.675;0;37.278;0;173.9;31:06.383;14:31:57.546;0:41.017;1:06.675;0:37.278;256.8;Thomas FLOHR;;LMGT3;;Vista AF Corse;Ferrari;GF;41.017;66.675;37.278;
54;1;13;2:25.107;0;;40.947;0;1:07.016;0;37.144;0;173.8;33:31.490;14:34:22.653;0:40.947;1:07.016;0:37.144;256.8;Thomas FLOHR;;LMGT3;;Vista AF Corse;Ferrari;GF;40.947;67.016;37.144;
54;1;14;2:25.326;0;;41.075;0;1:06.933;0;37.318;0;173.5;35:56.816;14:36:47.979;0:41.075;1:06.933;0:37.318;256.8;Thomas FLOHR;;LMGT3;;Vista AF Corse;Ferrari;GF;41.075;66.933;37.318;
54;1;15;2:25.448;0;;40.906;0;1:07.070;0;37.472;0;173.4;38:22.264;14:39:13.427;0:40.906;1:07.070;0:37.472;256.2;Thomas FLOHR;;LMGT3;;Vista AF Corse;Ferrari;GF;40.906;67.070;37.472;
54;1;16;2:28.641;0;;40.798;0;1:08.777;0;39.066;0;169.6;40:50.905;14:41:42.068;0:40.798;1:08.777;0:39.066;257.4;Thomas FLOHR;;LMGT3;;Vista AF Corse;Ferrari;GF;40.798;68.777;39.066;
54;1;17;2:28.621;0;;41.686;0;1:09.523;0;37.412;0;169.7;43:19.526;14:44:10.689;0:41.686;1:09.523;0:37.412;254.4;Thomas FLOHR;;LMGT3;;Vista AF Corse;Ferrari;GF;41.686;69.523;37.412;
54;1;18;2:25.098;0;;40.674;0;1:07.225;0;37.199;0;173.8;45:44.624;14:46:35.787;0:40.674;1:07.225;0:37.199;257.4;Thomas FLOHR;;LMGT3;;Vista AF Corse;Ferrari;GF;40.674;67.225;37.199;
54;1;19;2:27.260;0;;41.038;0;1:07.995;0;38.227;0;171.2;48:11.884;14:49:03.047;0:41.038;1:07.995;0:38.227;255.0;Thomas FLOHR;;LMGT3;;Vista AF Corse;Ferrari;GF;41.038;67.995;38.227;
54;1;20;2:26.332;0;;40.909;0;1:07.989;0;37.434;0;172.3;50:38.216;14:51:29.379;0:40.909;1:07.989;0:37.434;256.2;Thomas FLOHR;;LMGT3;;Vista AF Corse;Ferrari;GF;40.909;67.989;37.434;
54;1;21;2:25.476;0;;40.943;0;1:07.498;0;37.035;0;173.3;53:03.692;14:53:54.855;0:40.943;1:07.498;0:37.035;256.2;Thomas FLOHR;;LMGT3;;Vista AF Corse;Ferrari;GF;40.943;67.498;37.035;
54;1;22;2:26.281;0;;40.677;0;1:07.678;0;37.926;0;172.4;55:29.973;14:56:21.136;0:40.677;1:07.678;0:37.926;256.8;Thomas FLOHR;;LMGT3;;Vista AF Corse;Ferrari;GF;40.677;67.678;37.926;
54;1;23;2:29.374;0;;42.304;0;1:09.355;0;37.715;0;168.8;57:59.347;14:58:50.510;0:42.304;1:09.355;0:37.715;255.0;Thomas FLOHR;;LMGT3;;Vista AF Corse;Ferrari;GF;42.304;69.355;37.715;
54;1;24;2:25.706;0;;40.935;0;1:07.470;0;37.301;0;173.0;1:00:25.053;15:01:16.216;0:40.935;1:07.470;0:37.301;255.6;Thomas FLOHR;;LMGT3;;Vista AF Corse;Ferrari;GF;40.935;67.470;37.301;
54;1;25;2:26.991;0;;40.889;0;1:08.609;0;37.493;0;171.5;1:02:52.044;15:03:43.207;0:40.889;1:08.609;0:37.493;255.6;Thomas FLOHR;;LMGT3;;Vista AF Corse;Ferrari;GF;40.889;68.609;37.493;
54;1;26;2:28.143;0;;41.732;0;1:08.873;0;37.538;0;170.2;1:05:20.187;15:06:11.350;0:41.732;1:08.873;0:37.538;255.0;Thomas FLOHR;;LMGT3;;Vista AF Corse;Ferrari;GF;41.732;68.873;37.538;
54;1;27;2:24.781;0;;40.712;0;1:07.057;0;37.012;0;174.2;1:07:44.968;15:08:36.131;0:40.712;1:07.057;0:37.012;256.8;Thomas FLOHR;;LMGT3;;Vista AF Corse;Ferrari;GF;40.712;67.057;37.012;
54;1;28;2:33.294;0;B;41.551;0;1:07.784;0;43.959;0;164.5;1:10:18.262;15:11:09.425;0:41.551;1:07.784;0:43.959;253.2;Thomas FLOHR;;LMGT3;;Vista AF Corse;Ferrari;GF;41.551;67.784;43.959;
54;1;29;3:39.092;0;;1:53.869;0;1:08.478;0;36.745;0;115.1;1:13:57.354;15:14:48.517;1:53.869;1:08.478;0:36.745;243.0;Thomas FLOHR;0:01:20.691;LMGT3;;Vista AF Corse;Ferrari;GF;113.869;68.478;36.745;
54;1;30;2:25.814;0;;40.807;0;1:07.371;0;37.636;0;172.9;1:16:23.168;15:17:14.331;0:40.807;1:07.371;0:37.636;256.2;Thomas FLOHR;;LMGT3;;Vista AF Corse;Ferrari;GF;40.807;67.371;37.636;
54;1;31;2:26.399;0;;40.929;0;1:07.959;0;37.511;0;172.2;1:18:49.567;15:19:40.730;0:40.929;1:07.959;0:37.511;255.0;Thomas FLOHR;;LMGT3;;Vista AF Corse;Ferrari;GF;40.929;67.959;37.511;
54;1;32;2:27.192;0;;41.041;0;1:08.433;0;37.718;0;171.3;1:21:16.759;15:22:07.922;0:41.041;1:08.433;0:37.718;255.0;Thomas FLOHR;;LMGT3;;Vista AF Corse;Ferrari;GF;41.041;68.433;37.718;
54;1;33;2:25.938;0;;40.949;0;1:07.626;0;37.363;0;172.8;1:23:42.697;15:24:33.860;0:40.949;1:07.626;0:37.363;255.6;Thomas FLOHR;;LMGT3;;Vista AF Corse;Ferrari;GF;40.949;67.626;37.363;
54;1;34;2:26.276;0;;40.882;0;1:07.453;0;37.941;0;172.4;1:26:08.973;15:27:00.136;0:40.882;1:07.453;0:37.941;257.4;Thomas FLOHR;;LMGT3;;Vista AF Corse;Ferrari;GF;40.882;67.453;37.941;
54;1;35;2:27.375;0;;41.700;0;1:08.558;0;37.117;0;171.1;1:28:36.348;15:29:27.511;0:41.700;1:08.558;0:37.117;249.1;Thomas FLOHR;;LMGT3;;Vista AF Corse;Ferrari;GF;41.700;68.558;37.117;
54;1;36;2:33.549;0;B;40.870;0;1:08.564;0;44.115;0;164.2;1:31:09.897;15:32:01.060;0:40.870;1:08.564;0:44.115;256.8;Thomas FLOHR;;LMGT3;;Vista AF Corse;Ferrari;GF;40.870;68.564;44.115;
54;1;37;2:39.021;0;;53.611;0;1:08.159;0;37.251;0;158.6;1:33:48.918;15:34:40.081;0:53.611;1:08.159;0:37.251;253.2;Thomas FLOHR;0:00:23.420;LMGT3;;Vista AF Corse;Ferrari;GF;53.611;68.159;37.251;
54;1;38;2:27.076;0;;40.987;0;1:08.602;0;37.487;0;171.4;1:36:15.994;15:37:07.157;0:40.987;1:08.602;0:37.487;254.4;Thomas FLOHR;;LMGT3;;Vista AF Corse;Ferrari;GF;40.987;68.602;37.487;
54;1;39;2:24.135;0;;40.687;0;1:06.710;0;36.738;0;174.9;1:38:40.129;15:39:31.292;0:40.687;1:06.710;0:36.738;256.8;Thomas FLOHR;;LMGT3;;Vista AF Corse;Ferrari;GF;40.687;66.710;36.738;
54;1;40;2:25.743;0;;40.500;1;1:07.515;0;37.728;0;173.0;1:41:05.872;15:41:57.035;0:40.500;1:07.515;0:37.728;258.0;Thomas FLOHR;;LMGT3;;Vista AF Corse;Ferrari;GF;40.500;67.515;37.728;
54;1;41;2:25.860;0;;42.113;0;1:07.000;0;36.747;0;172.9;1:43:31.732;15:44:22.895;0:42.113;1:07.000;0:36.747;256.8;Thomas FLOHR;;LMGT3;;Vista AF Corse;Ferrari;GF;42.113;67.000;36.747;
54;1;42;2:24.683;0;;40.811;0;1:07.186;0;36.686;0;174.3;1:45:56.415;15:46:47.578;0:40.811;1:07.186;0:36.686;257.4;Thomas FLOHR;;LMGT3;;Vista AF Corse;Ferrari;GF;40.811;67.186;36.686;
54;1;43;2:24.349;0;;40.592;0;1:07.096;0;36.661;0;174.7;1:48:20.764;15:49:11.927;0:40.592;1:07.096;0:36.661;258.0;Thomas FLOHR;;LMGT3;;Vista AF Corse;Ferrari;GF;40.592;67.096;36.661;
54;1;44;2:24.031;0;;40.761;0;1:06.461;0;36.809;0;175.1;1:50:44.795;15:51:35.958;0:40.761;1:06.461;0:36.809;255.6;Thomas FLOHR;;LMGT3;;Vista AF Corse;Ferrari;GF;40.761;66.461;36.809;
54;1;45;2:27.131;0;;40.713;0;1:07.653;0;38.765;0;171.4;1:53:11.926;15:54:03.089;0:40.713;1:07.653;0:38.765;256.2;Thomas FLOHR;;LMGT3;;Vista AF Corse;Ferrari;GF;40.713;67.653;38.765;
54;1;46;2:25.271;0;;40.938;0;1:07.525;0;36.808;0;173.6;1:55:37.197;15:56:28.360;0:40.938;1:07.525;0:36.808;255.6;Thomas FLOHR;;LMGT3;;Vista AF Corse;Ferrari;GF;40.938;67.525;36.808;
54;1;47;2:23.095;0;;40.616;0;1:06.151;0;36.328;1;176.2;1:58:00.292;15:58:51.455;0:40.616;1:06.151;0:36.328;256.8;Thomas FLOHR;;LMGT3;;Vista AF Corse;Ferrari;GF;40.616;66.151;36.328;
54;1;48;2:23.407;0;;40.744;0;1:06.167;0;36.496;0;175.8;2:00:23.699;16:01:14.862;0:40.744;1:06.167;0:36.496;256.8;Thomas FLOHR;;LMGT3;;Vista AF Corse;Ferrari;GF;40.744;66.167;36.496;
54;1;49;2:24.146;0;;40.760;0;1:06.670;0;36.716;0;174.9;2:02:47.845;16:03:39.008;0:40.760;1:06.670;0:36.716;256.2;Thomas FLOHR;;LMGT3;;Vista AF Corse;Ferrari;GF;40.760;66.670;36.716;
54;1;50;2:33.512;0;B;40.539;0;1:08.776;0;44.197;0;164.2;2:05:21.357;16:06:12.520;0:40.539;1:08.776;0:44.197;256.2;Thomas FLOHR;;LMGT3;;Vista AF Corse;Ferrari;GF;40.539;68.776;44.197;
54;2;51;3:26.385;0;;1:43.633;0;1:06.409;0;36.343;0;122.2;2:08:47.742;16:09:38.905;1:43.633;1:06.409;0:36.343;246.3;Francesco CASTELLACCI;0:01:12.108;LMGT3;;Vista AF Corse;Ferrari;GF;103.633;66.409;36.343;
54;2;52;2:21.317;0;;40.378;0;1:05.033;0;35.906;0;178.4;2:11:09.059;16:12:00.222;0:40.378;1:05.033;0:35.906;258.0;Francesco CASTELLACCI;;LMGT3;;Vista AF Corse;Ferrari;GF;40.378;65.033;35.906;
54;2;53;2:20.144;0;;39.987;0;1:04.259;0;35.898;0;179.9;2:13:29.203;16:14:20.366;0:39.987;1:04.259;0:35.898;258.6;Francesco CASTELLACCI;;LMGT3;;Vista AF Corse;Ferrari;GF;39.987;64.259;35.898;
54;2;54;2:19.670;0;;39.711;1;1:04.163;0;35.796;0;180.5;2:15:48.873;16:16:40.036;0:39.711;1:04.163;0:35.796;260.5;Francesco CASTELLACCI;;LMGT3;;Vista AF Corse;Ferrari;GF;39.711;64.163;35.796;
54;2;55;2:20.080;0;;39.754;0;1:04.356;0;35.970;0;180.0;2:18:08.953;16:19:00.116;0:39.754;1:04.356;0:35.970;261.1;Francesco CASTELLACCI;;LMGT3;;Vista AF Corse;Ferrari;GF;39.754;64.356;35.970;
54;2;56;2:21.420;0;;39.823;0;1:05.499;0;36.098;0;178.3;2:20:30.373;16:21:21.536;0:39.823;1:05.499;0:36.098;257.4;Francesco CASTELLACCI;;LMGT3;;Vista AF Corse;Ferrari;GF;39.823;65.499;36.098;
54;2;57;2:20.928;0;;39.720;0;1:05.102;0;36.106;0;178.9;2:22:51.301;16:23:42.464;0:39.720;1:05.102;0:36.106;264.3;Francesco CASTELLACCI;;LMGT3;;Vista AF Corse;Ferrari;GF;39.720;65.102;36.106;
54;2;58;2:19.820;0;;39.896;0;1:04.186;0;35.738;0;180.3;2:25:11.121;16:26:02.284;0:39.896;1:04.186;0:35.738;261.7;Francesco CASTELLACCI;;LMGT3;;Vista AF Corse;Ferrari;GF;39.896;64.186;35.738;
54;2;59;2:21.036;0;;39.931;0;1:04.791;0;36.314;0;178.8;2:27:32.157;16:28:23.320;0:39.931;1:04.791;0:36.314;262.4;Francesco CASTELLACCI;;LMGT3;;Vista AF Corse;Ferrari;GF;39.931;64.791;36.314;
54;2;60;2:22.057;0;;39.856;0;1:05.880;0;36.321;0;177.5;2:29:54.214;16:30:45.377;0:39.856;1:05.880;0:36.321;263.0;Francesco CASTELLACCI;;LMGT3;;Vista AF Corse;Ferrari;GF;39.856;65.880;36.321;
54;2;61;2:21.539;0;;39.766;0;1:05.721;0;36.052;0;178.1;2:32:15.753;16:33:06.916;0:39.766;1:05.721;0:36.052;264.3;Francesco CASTELLACCI;;LMGT3;;Vista AF Corse;Ferrari;GF;39.766;65.721;36.052;
54;2;62;2:21.641;0;;39.903;0;1:05.526;0;36.212;0;178.0;2:34:37.394;16:35:28.557;0:39.903;1:05.526;0:36.212;260.5;Francesco CASTELLACCI;;LMGT3;;Vista AF Corse;Ferrari;GF;39.903;65.526;36.212;
54;2;63;2:21.761;0;;39.894;0;1:05.611;0;36.256;0;177.9;2:36:59.155;16:37:50.318;0:39.894;1:05.611;0:36.256;256.8;Francesco CASTELLACCI;;LMGT3;;Vista AF Corse;Ferrari;GF;39.894;65.611;36.256;
54;2;64;2:22.747;0;;39.929;0;1:05.992;0;36.826;0;176.6;2:39:21.902;16:40:13.065;0:39.929;1:05.992;0:36.826;261.7;Francesco CASTELLACCI;;LMGT3;;Vista AF Corse;Ferrari;GF;39.929;65.992;36.826;
54;2;65;2:22.605;0;;39.926;0;1:05.736;0;36.943;0;176.8;2:41:44.507;16:42:35.670;0:39.926;1:05.736;0:36.943;258.0;Francesco CASTELLACCI;;LMGT3;;Vista AF Corse;Ferrari;GF;39.926;65.736;36.943;
54;2;66;2:21.806;0;;39.894;0;1:05.870;0;36.042;0;177.8;2:44:06.313;16:44:57.476;0:39.894;1:05.870;0:36.042;260.5;Francesco CASTELLACCI;;LMGT3;;Vista AF Corse;Ferrari;GF;39.894;65.870;36.042;
54;2;67;3:34.749;0;;40.238;0;2:01.733;0;52.778;0;117.4;2:47:41.062;16:48:32.225;0:40.238;2:01.733;0:52.778;253.8;Francesco CASTELLACCI;;LMGT3;;Vista AF Corse;Ferrari;GF;40.238;121.733;52.778;
54;2;68;2:21.931;0;;40.038;0;1:05.539;0;36.354;0;177.7;2:50:02.993;16:50:54.156;0:40.038;1:05.539;0:36.354;258.0;Francesco CASTELLACCI;;LMGT3;;Vista AF Corse;Ferrari;GF;40.038;65.539;36.354;
54;2;69;2:22.291;0;;40.087;0;1:05.863;0;36.341;0;177.2;2:52:25.284;16:53:16.447;0:40.087;1:05.863;0:36.341;258.0;Francesco CASTELLACCI;;LMGT3;;Vista AF Corse;Ferrari;GF;40.087;65.863;36.341;
54;2;70;2:23.131;0;;40.837;0;1:05.802;0;36.492;0;176.2;2:54:48.415;16:55:39.578;0:40.837;1:05.802;0:36.492;253.2;Francesco CASTELLACCI;;LMGT3;;Vista AF Corse;Ferrari;GF;40.837;65.802;36.492;
54;2;71;2:22.285;0;;40.224;0;1:05.902;0;36.159;0;177.2;2:57:10.700;16:58:01.863;0:40.224;1:05.902;0:36.159;256.2;Francesco CASTELLACCI;;LMGT3;;Vista AF Corse;Ferrari;GF;40.224;65.902;36.159;
54;2;72;2:21.097;0;;40.104;0;1:05.090;0;35.903;0;178.7;2:59:31.797;17:00:22.960;0:40.104;1:05.090;0:35.903;256.2;Francesco CASTELLACCI;;LMGT3;;Vista AF Corse;Ferrari;GF;40.104;65.090;35.903;
54;2;73;2:21.758;0;;39.999;0;1:05.746;0;36.013;0;177.9;3:01:53.555;17:02:44.718;0:39.999;1:05.746;0:36.013;246.3;Francesco CASTELLACCI;;LMGT3;;Vista AF Corse;Ferrari;GF;39.999;65.746;36.013;
54;2;74;2:21.607;0;;40.118;0;1:05.164;0;36.325;0;178.1;3:04:15.162;17:05:06.325;0:40.118;1:05.164;0:36.325;258.6;Francesco CASTELLACCI;;LMGT3;;Vista AF Corse;Ferrari;GF;40.118;65.164;36.325;
54;2;75;2:22.146;0;;40.139;0;1:05.852;0;36.155;0;177.4;3:06:37.308;17:07:28.471;0:40.139;1:05.852;0:36.155;243.0;Francesco CASTELLACCI;;LMGT3;;Vista AF Corse;Ferrari;GF;40.139;65.852;36.155;
54;2;76;2:27.611;0;B;39.949;0;1:05.483;0;42.179;0;170.8;3:09:04.919;17:09:56.082;0:39.949;1:05.483;0:42.179;253.8;Francesco CASTELLACCI;;LMGT3;;Vista AF Corse;Ferrari;GF;39.949;65.483;42.179;
54;2;77;3:36.396;0;;1:52.347;0;1:07.900;0;36.149;0;116.5;3:12:41.315;17:13:32.478;1:52.347;1:07.900;0:36.149;250.3;Francesco CASTELLACCI;0:01:20.819;LMGT3;;Vista AF Corse;Ferrari;GF;112.347;67.900;36.149;
54;2;78;2:20.662;0;;40.395;0;1:04.593;0;35.674;1;179.3;3:15:01.977;17:15:53.140;0:40.395;1:04.593;0:35.674;256.2;Francesco CASTELLACCI;;LMGT3;;Vista AF Corse;Ferrari;GF;40.395;64.593;35.674;
54;2;79;2:19.884;0;;39.896;0;1:04.072;1;35.916;0;180.3;3:17:21.861;17:18:13.024;0:39.896;1:04.072;0:35.916;257.4;Francesco CASTELLACCI;;LMGT3;;Vista AF Corse;Ferrari;GF;39.896;64.072;35.916;
54;2;80;2:19.971;0;;39.925;0;1:04.200;0;35.846;0;180.1;3:19:41.832;17:20:32.995;0:39.925;1:04.200;0:35.846;257.4;Francesco CASTELLACCI;;LMGT3;;Vista AF Corse;Ferrari;GF;39.925;64.200;35.846;
54;2;81;2:20.174;0;;39.911;0;1:04.388;0;35.875;0;179.9;3:22:02.006;17:22:53.169;0:39.911;1:04.388;0:35.875;255.6;Francesco CASTELLACCI;;LMGT3;;Vista AF Corse;Ferrari;GF;39.911;64.388;35.875;
54;2;82;2:20.960;0;;40.085;0;1:04.871;0;36.004;0;178.9;3:24:22.966;17:25:14.129;0:40.085;1:04.871;0:36.004;261.1;Francesco CASTELLACCI;;LMGT3;;Vista AF Corse;Ferrari;GF;40.085;64.871;36.004;
54;2;83;2:21.306;0;;39.949;0;1:05.237;0;36.120;0;178.4;3:26:44.272;17:27:35.435;0:39.949;1:05.237;0:36.120;251.4;Francesco CASTELLACCI;;LMGT3;;Vista AF Corse;Ferrari;GF;39.949;65.237;36.120;
54;2;84;2:21.168;0;;39.937;0;1:05.037;0;36.194;0;178.6;3:29:05.440;17:29:56.603;0:39.937;1:05.037;0:36.194;255.6;Francesco CASTELLACCI;;LMGT3;;Vista AF Corse;Ferrari;GF;39.937;65.037;36.194;
54;2;85;2:20.898;0;;40.431;0;1:04.500;0;35.967;0;179.0;3:31:26.338;17:32:17.501;0:40.431;1:04.500;0:35.967;260.5;Francesco CASTELLACCI;;LMGT3;;Vista AF Corse;Ferrari;GF;40.431;64.500;35.967;
54;2;86;2:20.581;0;;39.965;0;1:04.725;0;35.891;0;179.4;3:33:46.919;17:34:38.082;0:39.965;1:04.725;0:35.891;257.4;Francesco CASTELLACCI;;LMGT3;;Vista AF Corse;Ferrari;GF;39.965;64.725;35.891;
54;2;87;2:20.891;0;;40.068;0;1:04.608;0;36.215;0;179.0;3:36:07.810;17:36:58.973;0:40.068;1:04.608;0:36.215;258.0;Francesco CASTELLACCI;;LMGT3;;Vista AF Corse;Ferrari;GF;40.068;64.608;36.215;
54;2;88;2:20.650;0;;40.015;0;1:04.760;0;35.875;0;179.3;3:38:28.460;17:39:19.623;0:40.015;1:04.760;0:35.875;257.4;Francesco CASTELLACCI;;LMGT3;;Vista AF Corse;Ferrari;GF;40.015;64.760;35.875;
54;2;89;2:21.314;0;;39.783;0;1:04.705;0;36.826;0;178.4;3:40:49.774;17:41:40.937;0:39.783;1:04.705;0:36.826;259.2;Francesco CASTELLACCI;;LMGT3;;Vista AF Corse;Ferrari;GF;39.783;64.705;36.826;
54;2;90;2:21.603;0;;40.151;0;1:05.380;0;36.072;0;178.1;3:43:11.377;17:44:02.540;0:40.151;1:05.380;0:36.072;257.4;Francesco CASTELLACCI;;LMGT3;;Vista AF Corse;Ferrari;GF;40.151;65.380;36.072;
54;2;91;2:20.984;0;;39.950;0;1:05.093;0;35.941;0;178.8;3:45:32.361;17:46:23.524;0:39.950;1:05.093;0:35.941;260.5;Francesco CASTELLACCI;;LMGT3;;Vista AF Corse;Ferrari;GF;39.950;65.093;35.941;
54;2;92;2:20.576;0;;39.865;0;1:04.647;0;36.064;0;179.4;3:47:52.937;17:48:44.100;0:39.865;1:04.647;0:36.064;261.1;Francesco CASTELLACCI;;LMGT3;;Vista AF Corse;Ferrari;GF;39.865;64.647;36.064;
54;2;93;2:21.682;0;;40.404;0;1:05.428;0;35.850;0;178.0;3:50:14.619;17:51:05.782;0:40.404;1:05.428;0:35.850;259.9;Francesco CASTELLACCI;;LMGT3;;Vista AF Corse;Ferrari;GF;40.404;65.428;35.850;
54;2;94;4:50.733;0;B;1:13.125;0;2:08.042;0;1:29.566;0;86.7;3:55:05.352;17:55:56.515;1:13.125;2:08.042;1:29.566;80.0;Francesco CASTELLACCI;;LMGT3;;Vista AF Corse;Ferrari;GF;73.125;128.042;89.566;
54;3;95;6:03.098;0;;2:28.000;0;2:09.356;0;1:25.742;0;69.4;4:01:08.450;18:01:59.613;2:28.000;2:09.356;1:25.742;79.2;Davide RIGON;0:01:07.336;LMGT3;;Vista AF Corse;Ferrari;GF;148.000;129.356;85.742;
54;3;96;3:50.269;0;;1:21.781;0;1:32.034;0;56.454;0;109.5;4:04:58.719;18:05:49.882;1:21.781;1:32.034;0:56.454;185.5;Davide RIGON;;LMGT3;;Vista AF Corse;Ferrari;SF;81.781;92.034;56.454;
54;3;97;3:48.555;0;;1:17.883;0;1:54.101;0;36.571;0;110.3;4:08:47.274;18:09:38.437;1:17.883;1:54.101;0:36.571;89.5;Davide RIGON;;LMGT3;;Vista AF Corse;Ferrari;SF;77.883;114.101;36.571;
54;3;98;2:27.573;0;;41.650;0;1:09.393;0;36.530;0;170.9;4:11:14.847;18:12:06.010;0:41.650;1:09.393;0:36.530;190.1;Davide RIGON;;LMGT3;;Vista AF Corse;Ferrari;SF;41.650;69.393;36.530;
54;3;99;3:24.302;0;;41.371;0;1:21.952;0;1:20.979;0;123.4;4:14:39.149;18:15:30.312;0:41.371;1:21.952;1:20.979;210.0;Davide RIGON;;LMGT3;;Vista AF Corse;Ferrari;SF;41.371;81.952;80.979;
54;3;100;3:07.548;0;;1:02.544;0;1:11.789;0;53.215;0;134.4;4:17:46.697;18:18:37.860;1:02.544;1:11.789;0:53.215;203.3;Davide RIGON;;LMGT3;;Vista AF Corse;Ferrari;GF;62.544;71.789;53.215;
54;3;101;2:19.306;0;;39.558;0;1:04.227;0;35.521;2;181.0;4:20:06.003;18:20:57.166;0:39.558;1:04.227;0:35.521;263.6;Davide RIGON;;LMGT3;;Vista AF Corse;Ferrari;GF;39.558;64.227;35.521;
54;3;102;2:19.492;0;;39.704;0;1:04.122;0;35.666;0;180.8;4:22:25.495;18:23:16.658;0:39.704;1:04.122;0:35.666;262.4;Davide RIGON;;LMGT3;;Vista AF Corse;Ferrari;GF;39.704;64.122;35.666;
54;3;103;2:19.582;0;;39.703;0;1:04.254;0;35.625;0;180.6;4:24:45.077;18:25:36.240;0:39.703;1:04.254;0:35.625;261.7;Davide RIGON;;LMGT3;;Vista AF Corse;Ferrari;GF;39.703;64.254;35.625;
54;3;104;2:19.860;0;;39.724;0;1:04.270;0;35.866;0;180.3;4:27:04.937;18:27:56.100;0:39.724;1:04.270;0:35.866;263.0;Davide RIGON;;LMGT3;;Vista AF Corse;Ferrari;GF;39.724;64.270;35.866;
54;3;105;2:23.422;0;;41.753;0;1:05.108;0;36.561;0;175.8;4:29:28.359;18:30:19.522;0:41.753;1:05.108;0:36.561;233.5;Davide RIGON;;LMGT3;;Vista AF Corse;Ferrari;GF;41.753;65.108;36.561;
54;3;106;2:19.957;0;;39.820;0;1:04.413;0;35.724;0;180.2;4:31:48.316;18:32:39.479;0:39.820;1:04.413;0:35.724;262.4;Davide RIGON;;LMGT3;;Vista AF Corse;Ferrari;GF;39.820;64.413;35.724;
54;3;107;2:19.733;0;;39.719;0;1:04.260;0;35.754;0;180.4;4:34:08.049;18:34:59.212;0:39.719;1:04.260;0:35.754;263.0;Davide RIGON;;LMGT3;;Vista AF Corse;Ferrari;GF;39.719;64.260;35.754;
54;3;108;2:21.380;0;;39.840;0;1:04.801;0;36.739;0;178.3;4:36:29.429;18:37:20.592;0:39.840;1:04.801;0:36.739;262.4;Davide RIGON;;LMGT3;;Vista AF Corse;Ferrari;GF;39.840;64.801;36.739;
54;3;109;2:24.480;0;;39.760;0;1:05.723;0;38.997;0;174.5;4:38:53.909;18:39:45.072;0:39.760;1:05.723;0:38.997;260.5;Davide RIGON;;LMGT3;;Vista AF Corse;Ferrari;GF;39.760;65.723;38.997;
54;3;110;2:20.921;0;;40.017;0;1:04.987;0;35.917;0;178.9;4:41:14.830;18:42:05.993;0:40.017;1:04.987;0:35.917;262.4;Davide RIGON;;LMGT3;;Vista AF Corse;Ferrari;GF;40.017;64.987;35.917;
54;3;111;2:20.416;0;;39.674;0;1:04.877;0;35.865;0;179.6;4:43:35.246;18:44:26.409;0:39.674;1:04.877;0:35.865;260.5;Davide RIGON;;LMGT3;;Vista AF Corse;Ferrari;GF;39.674;64.877;35.865;
54;3;112;2:20.712;0;;39.698;0;1:05.064;0;35.950;0;179.2;4:45:55.958;18:46:47.121;0:39.698;1:05.064;0:35.950;255.0;Davide RIGON;;LMGT3;;Vista AF Corse;Ferrari;GF;39.698;65.064;35.950;
54;3;113;2:20.794;0;;39.862;0;1:05.068;0;35.864;0;179.1;4:48:16.752;18:49:07.915;0:39.862;1:05.068;0:35.864;256.8;Davide RIGON;;LMGT3;;Vista AF Corse;Ferrari;GF;39.862;65.068;35.864;
54;3;114;2:20.521;0;;39.678;0;1:04.968;0;35.875;0;179.4;4:50:37.273;18:51:28.436;0:39.678;1:04.968;0:35.875;258.6;Davide RIGON;;LMGT3;;Vista AF Corse;Ferrari;GF;39.678;64.968;35.875;
54;3;115;2:21.258;0;;39.952;0;1:05.410;0;35.896;0;178.5;4:52:58.531;18:53:49.694;0:39.952;1:05.410;0:35.896;262.4;Davide RIGON;;LMGT3;;Vista AF Corse;Ferrari;GF;39.952;65.410;35.896;
54;3;116;2:21.854;0;;39.579;0;1:06.188;0;36.087;0;177.7;4:55:20.385;18:56:11.548;0:39.579;1:06.188;0:36.087;264.3;Davide RIGON;;LMGT3;;Vista AF Corse;Ferrari;GF;39.579;66.188;36.087;
54;3;117;2:24.100;0;;39.744;0;1:07.449;0;36.907;0;175.0;4:57:44.485;18:58:35.648;0:39.744;1:07.449;0:36.907;258.6;Davide RIGON;;LMGT3;;Vista AF Corse;Ferrari;GF;39.744;67.449;36.907;
54;3;118;2:26.609;0;;41.144;0;1:07.412;0;38.053;0;172.0;5:00:11.094;19:01:02.257;0:41.144;1:07.412;0:38.053;263.6;Davide RIGON;;LMGT3;;Vista AF Corse;Ferrari;GF;41.144;67.412;38.053;
54;3;119;3:57.217;0;;40.499;0;1:52.001;0;1:24.717;0;106.3;5:04:08.311;19:04:59.474;0:40.499;1:52.001;1:24.717;263.0;Davide RIGON;;LMGT3;;Vista AF Corse;Ferrari;GF;40.499;112.001;84.717;
54;3;120;5:19.831;0;B;1:41.687;0;2:08.065;0;1:30.079;0;78.8;5:09:28.142;19:10:19.305;1:41.687;2:08.065;1:30.079;80.0;Davide RIGON;;LMGT3;;Vista AF Corse;Ferrari;GF;101.687;128.065;90.079;
54;3;121;5:00.677;0;;2:38.921;0;1:37.735;0;44.021;0;83.9;5:14:28.819;19:15:19.982;2:38.921;1:37.735;0:44.021;78.8;Davide RIGON;0:01:17.613;LMGT3;;Vista AF Corse;Ferrari;SF;158.921;97.735;44.021;
54;3;122;4:18.459;0;;1:01.981;0;1:58.546;0;1:17.932;0;97.6;5:18:47.278;19:19:38.441;1:01.981;1:58.546;1:17.932;75.7;Davide RIGON;;LMGT3;;Vista AF Corse;Ferrari;SF;61.981;118.546;77.932;
54;3;123;4:02.052;0;;1:32.958;0;1:29.962;0;59.132;0;104.2;5:22:49.330;19:23:40.493;1:32.958;1:29.962;0:59.132;69.9;Davide RIGON;;LMGT3;;Vista AF Corse;Ferrari;SF;92.958;89.962;59.132;
54;3;124;2:56.378;0;;49.694;0;1:17.509;0;49.175;0;143.0;5:25:45.708;19:26:36.871;0:49.694;1:17.509;0:49.175;170.1;Davide RIGON;;LMGT3;;Vista AF Corse;Ferrari;GF;49.694;77.509;49.175;
54;3;125;2:42.346;0;;41.766;0;1:19.259;0;41.321;0;155.3;5:28:28.054;19:29:19.217;0:41.766;1:19.259;0:41.321;175.1;Davide RIGON;;LMGT3;;Vista AF Corse;Ferrari;SF;41.766;79.259;41.321;
54;3;126;4:15.532;0;;1:17.790;0;1:43.400;0;1:14.342;0;98.7;5:32:43.586;19:33:34.749;1:17.790;1:43.400;1:14.342;56.8;Davide RIGON;;LMGT3;;Vista AF Corse;Ferrari;SF;77.790;103.400;74.342;
54;3;127;3:37.040;0;;1:34.573;0;1:15.244;0;47.223;0;116.2;5:36:20.626;19:37:11.789;1:34.573;1:15.244;0:47.223;87.5;Davide RIGON;;LMGT3;;Vista AF Corse;Ferrari;GF;94.573;75.244;47.223;
54;3;128;2:20.379;0;;39.926;0;1:04.865;0;35.588;0;179.6;5:38:41.005;19:39:32.168;0:39.926;1:04.865;0:35.588;262.4;Davide RIGON;;LMGT3;;Vista AF Corse;Ferrari;GF;39.926;64.865;35.588;
54;3;129;2:19.352;0;;39.623;0;1:04.020;2;35.709;0;180.9;5:41:00.357;19:41:51.520;0:39.623;1:04.020;0:35.709;263.0;Davide RIGON;;LMGT3;;Vista AF Corse;Ferrari;GF;39.623;64.020;35.709;
54;3;130;2:19.339;2;;39.545;0;1:04.077;0;35.717;0;181.0;5:43:19.696;19:44:10.859;0:39.545;1:04.077;0:35.717;263.6;Davide RIGON;;LMGT3;;Vista AF Corse;Ferrari;GF;39.545;64.077;35.717;
54;3;131;2:19.960;0;;39.498;2;1:04.656;0;35.806;0;180.2;5:45:39.656;19:46:30.819;0:39.498;1:04.656;0:35.806;263.6;Davide RIGON;;LMGT3;;Vista AF Corse;Ferrari;GF;39.498;64.656;35.806;
54;3;132;2:20.035;0;;39.607;0;1:04.691;0;35.737;0;180.1;5:47:59.691;19:48:50.854;0:39.607;1:04.691;0:35.737;263.6;Davide RIGON;;LMGT3;;Vista AF Corse;Ferrari;GF;39.607;64.691;35.737;
54;3;133;2:20.335;0;;39.650;0;1:04.686;0;35.999;0;179.7;5:50:20.026;19:51:11.189;0:39.650;1:04.686;0:35.999;250.8;Davide RIGON;;LMGT3;;Vista AF Corse;Ferrari;GF;39.650;64.686;35.999;
54;3;134;2:19.348;0;;39.640;0;1:04.095;0;35.613;0;180.9;5:52:39.374;19:53:30.537;0:39.640;1:04.095;0:35.613;263.0;Davide RIGON;;LMGT3;;Vista AF Corse;Ferrari;GF;39.640;64.095;35.613;
54;3;135;2:21.048;0;;39.637;0;1:04.582;0;36.829;0;178.8;5:55:00.422;19:55:51.585;0:39.637;1:04.582;0:36.829;257.4;Davide RIGON;;LMGT3;;Vista AF Corse;Ferrari;GF;39.637;64.582;36.829;
54;3;136;2:20.265;0;;39.602;0;1:05.062;0;35.601;0;179.8;5:57:20.687;19:58:11.850;0:39.602;1:05.062;0:35.601;264.3;Davide RIGON;;LMGT3;;Vista AF Corse;Ferrari;GF;39.602;65.062;35.601;
54;3;137;2:20.251;0;;39.513;0;1:04.412;0;36.326;0;179.8;5:59:40.938;20:00:32.101;0:39.513;1:04.412;0:36.326;257.4;Davide RIGON;;LMGT3;;Vista AF Corse;Ferrari;GF;39.513;64.412;36.326;
54;3;138;2:20.127;0;;39.656;0;1:04.603;0;35.868;0;179.9;6:02:01.065;20:02:52.228;0:39.656;1:04.603;0:35.868;263.0;Davide RIGON;;LMGT3;;Vista AF Corse;Ferrari;FF;39.656;64.603;35.868;
58;1;1;2:34.327;0;;49.792;0;1:07.695;0;36.840;0;160.5;2:34.327;14:03:25.490;0:49.792;1:07.695;0:36.840;252.6;Alexander WEST;;LMGT3;;Garage 59;McLaren;GF;49.792;67.695;36.840;
58;1;2;2:22.345;0;;40.247;1;1:05.795;0;36.303;0;177.1;4:56.672;14:05:47.835;0:40.247;1:05.795;0:36.303;261.7;Alexander WEST;;LMGT3;;Garage 59;McLaren;GF;40.247;65.795;36.303;
58;1;3;2:21.981;0;;40.478;0;1:05.359;0;36.144;1;177.6;7:18.653;14:08:09.816;0:40.478;1:05.359;0:36.144;258.0;Alexander WEST;;LMGT3;;Garage 59;McLaren;GF;40.478;65.359;36.144;
58;1;4;2:21.633;0;;40.512;0;1:04.898;1;36.223;0;178.0;9:40.286;14:10:31.449;0:40.512;1:04.898;0:36.223;261.7;Alexander WEST;;LMGT3;;Garage 59;McLaren;GF;40.512;64.898;36.223;
58;1;5;2:22.140;0;;40.402;0;1:05.481;0;36.257;0;177.4;12:02.426;14:12:53.589;0:40.402;1:05.481;0:36.257;261.1;Alexander WEST;;LMGT3;;Garage 59;McLaren;GF;40.402;65.481;36.257;
58;1;6;2:26.500;0;;40.503;0;1:05.914;0;40.083;0;172.1;14:28.926;14:15:20.089;0:40.503;1:05.914;0:40.083;262.4;Alexander WEST;;LMGT3;;Garage 59;McLaren;SF;40.503;65.914;40.083;
58;1;7;3:01.612;0;;57.616;0;1:16.056;0;47.940;0;138.8;17:30.538;14:18:21.701;0:57.616;1:16.056;0:47.940;178.5;Alexander WEST;;LMGT3;;Garage 59;McLaren;SF;57.616;76.056;47.940;
58;1;8;2:47.394;0;;47.075;0;1:10.190;0;50.129;0;150.6;20:17.932;14:21:09.095;0:47.075;1:10.190;0:50.129;194.9;Alexander WEST;;LMGT3;;Garage 59;McLaren;SF;47.075;70.190;50.129;
58;1;9;3:09.724;0;;1:05.358;0;1:18.897;0;45.469;0;132.9;23:27.656;14:24:18.819;1:05.358;1:18.897;0:45.469;192.8;Alexander WEST;;LMGT3;;Garage 59;McLaren;SF;65.358;78.897;45.469;
58;1;10;2:44.634;0;;47.517;0;1:13.417;0;43.700;0;153.2;26:12.290;14:27:03.453;0:47.517;1:13.417;0:43.700;191.1;Alexander WEST;;LMGT3;;Garage 59;McLaren;GF;47.517;73.417;43.700;
58;1;11;2:25.820;0;;40.791;0;1:07.787;0;37.242;0;172.9;28:38.110;14:29:29.273;0:40.791;1:07.787;0:37.242;259.9;Alexander WEST;;LMGT3;;Garage 59;McLaren;GF;40.791;67.787;37.242;
58;1;12;2:22.037;0;;40.407;0;1:05.349;0;36.281;0;177.5;31:00.147;14:31:51.310;0:40.407;1:05.349;0:36.281;262.4;Alexander WEST;;LMGT3;;Garage 59;McLaren;GF;40.407;65.349;36.281;
58;1;13;2:22.951;0;;40.449;0;1:05.929;0;36.573;0;176.4;33:23.098;14:34:14.261;0:40.449;1:05.929;0:36.573;260.5;Alexander WEST;;LMGT3;;Garage 59;McLaren;GF;40.449;65.929;36.573;
58;1;14;2:25.626;0;;40.691;0;1:06.713;0;38.222;0;173.1;35:48.724;14:36:39.887;0:40.691;1:06.713;0:38.222;261.7;Alexander WEST;;LMGT3;;Garage 59;McLaren;GF;40.691;66.713;38.222;
58;1;15;2:24.197;0;;41.179;0;1:06.406;0;36.612;0;174.9;38:12.921;14:39:04.084;0:41.179;1:06.406;0:36.612;261.7;Alexander WEST;;LMGT3;;Garage 59;McLaren;GF;41.179;66.406;36.612;
58;1;16;2:24.379;0;;40.691;0;1:06.749;0;36.939;0;174.6;40:37.300;14:41:28.463;0:40.691;1:06.749;0:36.939;260.5;Alexander WEST;;LMGT3;;Garage 59;McLaren;GF;40.691;66.749;36.939;
58;1;17;2:30.038;0;;41.962;0;1:09.760;0;38.316;0;168.1;43:07.338;14:43:58.501;0:41.962;1:09.760;0:38.316;256.8;Alexander WEST;;LMGT3;;Garage 59;McLaren;GF;41.962;69.760;38.316;
58;1;18;2:24.634;0;;41.259;0;1:06.598;0;36.777;0;174.3;45:31.972;14:46:23.135;0:41.259;1:06.598;0:36.777;257.4;Alexander WEST;;LMGT3;;Garage 59;McLaren;GF;41.259;66.598;36.777;
58;1;19;2:24.416;0;;40.687;0;1:06.960;0;36.769;0;174.6;47:56.388;14:48:47.551;0:40.687;1:06.960;0:36.769;257.4;Alexander WEST;;LMGT3;;Garage 59;McLaren;GF;40.687;66.960;36.769;
58;1;20;2:24.566;0;;40.941;0;1:06.783;0;36.842;0;174.4;50:20.954;14:51:12.117;0:40.941;1:06.783;0:36.842;257.4;Alexander WEST;;LMGT3;;Garage 59;McLaren;GF;40.941;66.783;36.842;
58;1;21;2:23.703;0;;40.582;0;1:06.229;0;36.892;0;175.5;52:44.657;14:53:35.820;0:40.582;1:06.229;0:36.892;258.6;Alexander WEST;;LMGT3;;Garage 59;McLaren;GF;40.582;66.229;36.892;
58;1;22;2:24.080;0;;40.774;0;1:06.664;0;36.642;0;175.0;55:08.737;14:55:59.900;0:40.774;1:06.664;0:36.642;258.0;Alexander WEST;;LMGT3;;Garage 59;McLaren;GF;40.774;66.664;36.642;
58;1;23;2:33.194;0;B;40.937;0;1:07.475;0;44.782;0;164.6;57:41.931;14:58:33.094;0:40.937;1:07.475;0:44.782;259.2;Alexander WEST;;LMGT3;;Garage 59;McLaren;GF;40.937;67.475;44.782;
58;1;24;3:31.175;0;;1:47.332;0;1:07.083;0;36.760;0;119.4;1:01:13.106;15:02:04.269;1:47.332;1:07.083;0:36.760;249.1;Alexander WEST;0:01:15.565;LMGT3;;Garage 59;McLaren;GF;107.332;67.083;36.760;
58;1;25;2:24.427;0;;41.032;0;1:06.377;0;37.018;0;174.6;1:03:37.533;15:04:28.696;0:41.032;1:06.377;0:37.018;254.4;Alexander WEST;;LMGT3;;Garage 59;McLaren;GF;41.032;66.377;37.018;
58;1;26;2:24.093;0;;41.087;0;1:06.174;0;36.832;0;175.0;1:06:01.626;15:06:52.789;0:41.087;1:06.174;0:36.832;255.6;Alexander WEST;;LMGT3;;Garage 59;McLaren;GF;41.087;66.174;36.832;
58;1;27;2:23.826;0;;40.730;0;1:06.412;0;36.684;0;175.3;1:08:25.452;15:09:16.615;0:40.730;1:06.412;0:36.684;256.8;Alexander WEST;;LMGT3;;Garage 59;McLaren;GF;40.730;66.412;36.684;
58;1;28;2:24.076;0;;40.859;0;1:06.547;0;36.670;0;175.0;1:10:49.528;15:11:40.691;0:40.859;1:06.547;0:36.670;257.4;Alexander WEST;;LMGT3;;Garage 59;McLaren;GF;40.859;66.547;36.670;
58;1;29;2:24.470;0;;40.705;0;1:07.093;0;36.672;0;174.5;1:13:13.998;15:14:05.161;0:40.705;1:07.093;0:36.672;258.0;Alexander WEST;;LMGT3;;Garage 59;McLaren;GF;40.705;67.093;36.672;
58;1;30;2:27.903;0;;40.702;0;1:08.065;0;39.136;0;170.5;1:15:41.901;15:16:33.064;0:40.702;1:08.065;0:39.136;258.0;Alexander WEST;;LMGT3;;Garage 59;McLaren;GF;40.702;68.065;39.136;
58;1;31;2:25.916;0;;41.575;0;1:07.428;0;36.913;0;172.8;1:18:07.817;15:18:58.980;0:41.575;1:07.428;0:36.913;258.0;Alexander WEST;;LMGT3;;Garage 59;McLaren;GF;41.575;67.428;36.913;
58;1;32;2:24.094;0;;40.864;0;1:06.486;0;36.744;0;175.0;1:20:31.911;15:21:23.074;0:40.864;1:06.486;0:36.744;258.6;Alexander WEST;;LMGT3;;Garage 59;McLaren;GF;40.864;66.486;36.744;
58;1;33;2:24.223;0;;40.974;0;1:06.560;0;36.689;0;174.8;1:22:56.134;15:23:47.297;0:40.974;1:06.560;0:36.689;256.8;Alexander WEST;;LMGT3;;Garage 59;McLaren;GF;40.974;66.560;36.689;
58;1;34;2:31.601;0;B;40.920;0;1:07.037;0;43.644;0;166.3;1:25:27.735;15:26:18.898;0:40.920;1:07.037;0:43.644;256.8;Alexander WEST;;LMGT3;;Garage 59;McLaren;GF;40.920;67.037;43.644;
58;1;35;2:37.184;0;;53.294;0;1:07.036;0;36.854;0;160.4;1:28:04.919;15:28:56.082;0:53.294;1:07.036;0:36.854;257.4;Alexander WEST;0:00:23.414;LMGT3;;Garage 59;McLaren;GF;53.294;67.036;36.854;
58;1;36;2:25.856;0;;41.249;0;1:07.449;0;37.158;0;172.9;1:30:30.775;15:31:21.938;0:41.249;1:07.449;0:37.158;257.4;Alexander WEST;;LMGT3;;Garage 59;McLaren;GF;41.249;67.449;37.158;
58;1;37;2:26.684;0;;41.729;0;1:07.668;0;37.287;0;171.9;1:32:57.459;15:33:48.622;0:41.729;1:07.668;0:37.287;253.2;Alexander WEST;;LMGT3;;Garage 59;McLaren;GF;41.729;67.668;37.287;
58;1;38;2:24.583;0;;40.835;0;1:07.018;0;36.730;0;174.4;1:35:22.042;15:36:13.205;0:40.835;1:07.018;0:36.730;258.0;Alexander WEST;;LMGT3;;Garage 59;McLaren;GF;40.835;67.018;36.730;
58;1;39;2:31.121;0;B;40.819;0;1:07.147;0;43.155;0;166.8;1:37:53.163;15:38:44.326;0:40.819;1:07.147;0:43.155;260.5;Alexander WEST;;LMGT3;;Garage 59;McLaren;GF;40.819;67.147;43.155;
58;1;40;2:44.046;0;B;53.093;0;1:07.179;0;43.774;0;153.7;1:40:37.209;15:41:28.372;0:53.093;1:07.179;0:43.774;256.2;Alexander WEST;0:00:23.424;LMGT3;;Garage 59;McLaren;GF;53.093;67.179;43.774;
58;1;41;2:39.410;0;;53.207;0;1:08.556;0;37.647;0;158.2;1:43:16.619;15:44:07.782;0:53.207;1:08.556;0:37.647;258.6;Alexander WEST;0:00:23.395;LMGT3;;Garage 59;McLaren;GF;53.207;68.556;37.647;
58;1;42;2:26.278;0;;41.702;0;1:07.370;0;37.206;0;172.4;1:45:42.897;15:46:34.060;0:41.702;1:07.370;0:37.206;254.4;Alexander WEST;;LMGT3;;Garage 59;McLaren;GF;41.702;67.370;37.206;
58;1;43;2:25.728;0;;40.803;0;1:07.035;0;37.890;0;173.0;1:48:08.625;15:48:59.788;0:40.803;1:07.035;0:37.890;258.0;Alexander WEST;;LMGT3;;Garage 59;McLaren;GF;40.803;67.035;37.890;
58;1;44;2:31.469;0;B;40.826;0;1:07.089;0;43.554;0;166.5;1:50:40.094;15:51:31.257;0:40.826;1:07.089;0:43.554;260.5;Alexander WEST;;LMGT3;;Garage 59;McLaren;GF;40.826;67.089;43.554;
58;2;45;3:25.204;0;;1:44.242;0;1:05.509;0;35.453;0;122.9;1:54:05.298;15:54:56.461;1:44.242;1:05.509;0:35.453;256.2;Finn GEHRSITZ;0:01:13.900;LMGT3;;Garage 59;McLaren;GF;104.242;65.509;35.453;
58;2;46;2:19.640;0;;39.932;0;1:04.262;0;35.446;1;180.6;1:56:24.938;15:57:16.101;0:39.932;1:04.262;0:35.446;259.2;Finn GEHRSITZ;;LMGT3;;Garage 59;McLaren;GF;39.932;64.262;35.446;
58;2;47;2:18.858;0;;39.785;0;1:03.617;0;35.456;0;181.6;1:58:43.796;15:59:34.959;0:39.785;1:03.617;0:35.456;261.7;Finn GEHRSITZ;;LMGT3;;Garage 59;McLaren;GF;39.785;63.617;35.456;
58;2;48;2:19.163;0;;40.149;0;1:03.487;2;35.527;0;181.2;2:01:02.959;16:01:54.122;0:40.149;1:03.487;0:35.527;259.2;Finn GEHRSITZ;;LMGT3;;Garage 59;McLaren;GF;40.149;63.487;35.527;
58;2;49;2:19.498;0;;40.056;0;1:03.833;0;35.609;0;180.7;2:03:22.457;16:04:13.620;0:40.056;1:03.833;0:35.609;260.5;Finn GEHRSITZ;;LMGT3;;Garage 59;McLaren;GF;40.056;63.833;35.609;
58;2;50;2:22.782;0;;40.119;0;1:04.847;0;37.816;0;176.6;2:05:45.239;16:06:36.402;0:40.119;1:04.847;0:37.816;258.0;Finn GEHRSITZ;;LMGT3;;Garage 59;McLaren;GF;40.119;64.847;37.816;
58;2;51;2:20.648;0;;39.840;0;1:04.790;0;36.018;0;179.3;2:08:05.887;16:08:57.050;0:39.840;1:04.790;0:36.018;263.6;Finn GEHRSITZ;;LMGT3;;Garage 59;McLaren;GF;39.840;64.790;36.018;
58;2;52;2:20.026;0;;40.002;0;1:04.389;0;35.635;0;180.1;2:10:25.913;16:11:17.076;0:40.002;1:04.389;0:35.635;255.0;Finn GEHRSITZ;;LMGT3;;Garage 59;McLaren;GF;40.002;64.389;35.635;
58;2;53;2:20.720;0;;39.918;0;1:04.990;0;35.812;0;179.2;2:12:46.633;16:13:37.796;0:39.918;1:04.990;0:35.812;258.0;Finn GEHRSITZ;;LMGT3;;Garage 59;McLaren;GF;39.918;64.990;35.812;
58;2;54;2:20.528;0;;40.119;0;1:04.463;0;35.946;0;179.4;2:15:07.161;16:15:58.324;0:40.119;1:04.463;0:35.946;259.2;Finn GEHRSITZ;;LMGT3;;Garage 59;McLaren;GF;40.119;64.463;35.946;
58;2;55;2:20.280;0;;40.184;0;1:04.308;0;35.788;0;179.7;2:17:27.441;16:18:18.604;0:40.184;1:04.308;0:35.788;261.1;Finn GEHRSITZ;;LMGT3;;Garage 59;McLaren;GF;40.184;64.308;35.788;
58;2;56;2:20.191;0;;39.944;0;1:04.496;0;35.751;0;179.9;2:19:47.632;16:20:38.795;0:39.944;1:04.496;0:35.751;262.4;Finn GEHRSITZ;;LMGT3;;Garage 59;McLaren;GF;39.944;64.496;35.751;
58;2;57;2:20.201;0;;40.019;0;1:04.404;0;35.778;0;179.8;2:22:07.833;16:22:58.996;0:40.019;1:04.404;0:35.778;263.6;Finn GEHRSITZ;;LMGT3;;Garage 59;McLaren;GF;40.019;64.404;35.778;
58;2;58;2:20.130;0;;39.970;0;1:04.413;0;35.747;0;179.9;2:24:27.963;16:25:19.126;0:39.970;1:04.413;0:35.747;262.4;Finn GEHRSITZ;;LMGT3;;Garage 59;McLaren;GF;39.970;64.413;35.747;
58;2;59;2:21.378;0;;40.084;0;1:05.105;0;36.189;0;178.3;2:26:49.341;16:27:40.504;0:40.084;1:05.105;0:36.189;260.5;Finn GEHRSITZ;;LMGT3;;Garage 59;McLaren;GF;40.084;65.105;36.189;
58;2;60;2:20.959;0;;39.932;0;1:05.222;0;35.805;0;178.9;2:29:10.300;16:30:01.463;0:39.932;1:05.222;0:35.805;264.9;Finn GEHRSITZ;;LMGT3;;Garage 59;McLaren;GF;39.932;65.222;35.805;
58;2;61;2:20.109;0;;39.915;0;1:04.590;0;35.604;0;180.0;2:31:30.409;16:32:21.572;0:39.915;1:04.590;0:35.604;261.7;Finn GEHRSITZ;;LMGT3;;Garage 59;McLaren;GF;39.915;64.590;35.604;
58;2;62;2:20.127;0;;39.869;0;1:04.630;0;35.628;0;179.9;2:33:50.536;16:34:41.699;0:39.869;1:04.630;0:35.628;263.0;Finn GEHRSITZ;;LMGT3;;Garage 59;McLaren;GF;39.869;64.630;35.628;
58;2;63;2:20.626;0;;39.964;0;1:05.061;0;35.601;0;179.3;2:36:11.162;16:37:02.325;0:39.964;1:05.061;0:35.601;261.1;Finn GEHRSITZ;;LMGT3;;Garage 59;McLaren;GF;39.964;65.061;35.601;
58;2;64;2:21.979;0;;40.183;0;1:05.612;0;36.184;0;177.6;2:38:33.141;16:39:24.304;0:40.183;1:05.612;0:36.184;262.4;Finn GEHRSITZ;;LMGT3;;Garage 59;McLaren;GF;40.183;65.612;36.184;
58;2;65;2:22.992;0;;40.304;0;1:06.328;0;36.360;0;176.3;2:40:56.133;16:41:47.296;0:40.304;1:06.328;0:36.360;263.0;Finn GEHRSITZ;;LMGT3;;Garage 59;McLaren;GF;40.304;66.328;36.360;
58;2;66;2:20.478;0;;40.078;0;1:04.722;0;35.678;0;179.5;2:43:16.611;16:44:07.774;0:40.078;1:04.722;0:35.678;261.1;Finn GEHRSITZ;;LMGT3;;Garage 59;McLaren;GF;40.078;64.722;35.678;
58;2;67;3:15.353;0;;40.163;0;1:10.450;0;1:24.740;0;129.1;2:46:31.964;16:47:23.127;0:40.163;1:10.450;1:24.740;259.9;Finn GEHRSITZ;;LMGT3;;Garage 59;McLaren;FCY;40.163;70.450;84.740;
58;2;68;2:43.832;0;;1:02.315;0;1:05.788;0;35.729;0;153.9;2:49:15.796;16:50:06.959;1:02.315;1:05.788;0:35.729;255.0;Finn GEHRSITZ;;LMGT3;;Garage 59;McLaren;GF;62.315;65.788;35.729;
58;2;69;2:21.136;0;;39.938;0;1:05.259;0;35.939;0;178.7;2:51:36.932;16:52:28.095;0:39.938;1:05.259;0:35.939;259.9;Finn GEHRSITZ;;LMGT3;;Garage 59;McLaren;GF;39.938;65.259;35.939;
58;2;70;2:20.654;0;;39.764;0;1:05.119;0;35.771;0;179.3;2:53:57.586;16:54:48.749;0:39.764;1:05.119;0:35.771;262.4;Finn GEHRSITZ;;LMGT3;;Garage 59;McLaren;GF;39.764;65.119;35.771;
58;2;71;2:26.761;0;B;39.880;0;1:05.151;0;41.730;0;171.8;2:56:24.347;16:57:15.510;0:39.880;1:05.151;0:41.730;256.8;Finn GEHRSITZ;;LMGT3;;Garage 59;McLaren;GF;39.880;65.151;41.730;
58;2;72;3:33.715;0;;1:52.011;0;1:05.782;0;35.922;0;118.0;2:59:58.062;17:00:49.225;1:52.011;1:05.782;0:35.922;253.8;Finn GEHRSITZ;0:01:22.064;LMGT3;;Garage 59;McLaren;GF;112.011;65.782;35.922;
58;2;73;2:19.735;0;;39.945;0;1:04.210;0;35.580;0;180.4;3:02:17.797;17:03:08.960;0:39.945;1:04.210;0:35.580;261.1;Finn GEHRSITZ;;LMGT3;;Garage 59;McLaren;GF;39.945;64.210;35.580;
58;2;74;2:19.799;0;;40.203;0;1:03.792;0;35.804;0;180.4;3:04:37.596;17:05:28.759;0:40.203;1:03.792;0:35.804;259.9;Finn GEHRSITZ;;LMGT3;;Garage 59;McLaren;GF;40.203;63.792;35.804;
58;2;75;2:19.938;0;;40.030;0;1:04.184;0;35.724;0;180.2;3:06:57.534;17:07:48.697;0:40.030;1:04.184;0:35.724;258.0;Finn GEHRSITZ;;LMGT3;;Garage 59;McLaren;GF;40.030;64.184;35.724;
58;2;76;2:19.981;0;;39.964;0;1:04.381;0;35.636;0;180.1;3:09:17.515;17:10:08.678;0:39.964;1:04.381;0:35.636;259.9;Finn GEHRSITZ;;LMGT3;;Garage 59;McLaren;GF;39.964;64.381;35.636;
58;2;77;2:21.750;0;;39.961;0;1:05.231;0;36.558;0;177.9;3:11:39.265;17:12:30.428;0:39.961;1:05.231;0:36.558;259.9;Finn GEHRSITZ;;LMGT3;;Garage 59;McLaren;GF;39.961;65.231;36.558;
58;2;78;2:20.300;0;;39.824;0;1:04.241;0;36.235;0;179.7;3:13:59.565;17:14:50.728;0:39.824;1:04.241;0:36.235;264.9;Finn GEHRSITZ;;LMGT3;;Garage 59;McLaren;GF;39.824;64.241;36.235;
58;2;79;2:20.041;0;;39.934;0;1:04.422;0;35.685;0;180.0;3:16:19.606;17:17:10.769;0:39.934;1:04.422;0:35.685;262.4;Finn GEHRSITZ;;LMGT3;;Garage 59;McLaren;GF;39.934;64.422;35.685;
58;2;80;2:19.635;0;;39.889;0;1:04.112;0;35.634;0;180.6;3:18:39.241;17:19:30.404;0:39.889;1:04.112;0:35.634;261.7;Finn GEHRSITZ;;LMGT3;;Garage 59;McLaren;GF;39.889;64.112;35.634;
58;2;81;2:19.409;0;;39.742;0;1:04.054;0;35.613;0;180.9;3:20:58.650;17:21:49.813;0:39.742;1:04.054;0:35.613;261.7;Finn GEHRSITZ;;LMGT3;;Garage 59;McLaren;GF;39.742;64.054;35.613;
58;2;82;2:20.215;0;;39.803;0;1:04.851;0;35.561;0;179.8;3:23:18.865;17:24:10.028;0:39.803;1:04.851;0:35.561;262.4;Finn GEHRSITZ;;LMGT3;;Garage 59;McLaren;GF;39.803;64.851;35.561;
58;2;83;2:20.064;0;;39.843;0;1:04.568;0;35.653;0;180.0;3:25:38.929;17:26:30.092;0:39.843;1:04.568;0:35.653;263.0;Finn GEHRSITZ;;LMGT3;;Garage 59;McLaren;GF;39.843;64.568;35.653;
58;2;84;2:19.871;0;;39.856;0;1:04.263;0;35.752;0;180.3;3:27:58.800;17:28:49.963;0:39.856;1:04.263;0:35.752;263.0;Finn GEHRSITZ;;LMGT3;;Garage 59;McLaren;GF;39.856;64.263;35.752;
58;2;85;2:20.502;0;;40.229;0;1:04.496;0;35.777;0;179.5;3:30:19.302;17:31:10.465;0:40.229;1:04.496;0:35.777;262.4;Finn GEHRSITZ;;LMGT3;;Garage 59;McLaren;GF;40.229;64.496;35.777;
58;2;86;2:20.310;0;;39.889;0;1:04.785;0;35.636;0;179.7;3:32:39.612;17:33:30.775;0:39.889;1:04.785;0:35.636;265.6;Finn GEHRSITZ;;LMGT3;;Garage 59;McLaren;GF;39.889;64.785;35.636;
58;2;87;2:20.808;0;;39.732;1;1:05.391;0;35.685;0;179.1;3:35:00.420;17:35:51.583;0:39.732;1:05.391;0:35.685;264.9;Finn GEHRSITZ;;LMGT3;;Garage 59;McLaren;GF;39.732;65.391;35.685;
58;2;88;2:21.758;0;;39.762;0;1:05.763;0;36.233;0;177.9;3:37:22.178;17:38:13.341;0:39.762;1:05.763;0:36.233;264.9;Finn GEHRSITZ;;LMGT3;;Garage 59;McLaren;GF;39.762;65.763;36.233;
58;2;89;2:20.543;0;;39.891;0;1:04.664;0;35.988;0;179.4;3:39:42.721;17:40:33.884;0:39.891;1:04.664;0:35.988;263.6;Finn GEHRSITZ;;LMGT3;;Garage 59;McLaren;GF;39.891;64.664;35.988;
58;2;90;2:20.759;0;;39.848;0;1:05.160;0;35.751;0;179.1;3:42:03.480;17:42:54.643;0:39.848;1:05.160;0:35.751;261.7;Finn GEHRSITZ;;LMGT3;;Garage 59;McLaren;GF;39.848;65.160;35.751;
58;2;91;2:20.317;0;;39.909;0;1:04.687;0;35.721;0;179.7;3:44:23.797;17:45:14.960;0:39.909;1:04.687;0:35.721;261.7;Finn GEHRSITZ;;LMGT3;;Garage 59;McLaren;GF;39.909;64.687;35.721;
58;2;92;2:20.712;0;;39.928;0;1:05.082;0;35.702;0;179.2;3:46:44.509;17:47:35.672;0:39.928;1:05.082;0:35.702;261.1;Finn GEHRSITZ;;LMGT3;;Garage 59;McLaren;GF;39.928;65.082;35.702;
58;2;93;2:21.184;0;;39.941;0;1:04.973;0;36.270;0;178.6;3:49:05.693;17:49:56.856;0:39.941;1:04.973;0:36.270;262.4;Finn GEHRSITZ;;LMGT3;;Garage 59;McLaren;GF;39.941;64.973;36.270;
58;2;94;3:17.140;0;;39.973;0;1:12.178;0;1:24.989;0;127.9;3:52:22.833;17:53:13.996;0:39.973;1:12.178;1:24.989;263.6;Finn GEHRSITZ;;LMGT3;;Garage 59;McLaren;GF;39.973;72.178;84.989;
58;2;95;5:19.651;0;B;1:41.721;0;2:08.302;0;1:29.628;0;78.9;3:57:42.484;17:58:33.647;1:41.721;2:08.302;1:29.628;80.1;Finn GEHRSITZ;;LMGT3;;Garage 59;McLaren;GF;101.721;128.302;89.628;
58;3;96;5:20.867;0;;2:38.777;0;2:01.025;0;41.065;0;78.6;4:03:03.351;18:03:54.514;2:38.777;2:01.025;0:41.065;79.0;Benjamin GOETHE;0:01:17.973;LMGT3;;Garage 59;McLaren;SF;158.777;121.025;41.065;
58;3;97;2:43.792;0;;51.067;0;1:11.451;0;41.274;0;153.9;4:05:47.143;18:06:38.306;0:51.067;1:11.451;0:41.274;168.3;Benjamin GOETHE;;LMGT3;;Garage 59;McLaren;SF;51.067;71.451;41.274;
58;3;98;3:16.538;0;;1:00.893;0;1:37.368;0;38.277;0;128.3;4:09:03.681;18:09:54.844;1:00.893;1:37.368;0:38.277;74.5;Benjamin GOETHE;;LMGT3;;Garage 59;McLaren;SF;60.893;97.368;38.277;
58;3;99;2:33.186;0;;43.000;0;1:12.036;0;38.150;0;164.6;4:11:36.867;18:12:28.030;0:43.000;1:12.036;0:38.150;162.5;Benjamin GOETHE;;LMGT3;;Garage 59;McLaren;SF;43.000;72.036;38.150;
58;3;100;3:14.379;0;;42.023;0;1:09.770;0;1:22.586;0;129.7;4:14:51.246;18:15:42.409;0:42.023;1:09.770;1:22.586;203.7;Benjamin GOETHE;;LMGT3;;Garage 59;McLaren;SF;42.023;69.770;82.586;
58;3;101;3:00.076;0;;1:01.866;0;1:10.568;0;47.642;0;140.0;4:17:51.322;18:18:42.485;1:01.866;1:10.568;0:47.642;163.4;Benjamin GOETHE;;LMGT3;;Garage 59;McLaren;GF;61.866;70.568;47.642;
58;3;102;2:20.669;0;;39.747;0;1:05.203;0;35.719;0;179.2;4:20:11.991;18:21:03.154;0:39.747;1:05.203;0:35.719;260.5;Benjamin GOETHE;;LMGT3;;Garage 59;McLaren;GF;39.747;65.203;35.719;
58;3;103;2:21.276;0;;40.190;0;1:05.253;0;35.833;0;178.5;4:22:33.267;18:23:24.430;0:40.190;1:05.253;0:35.833;259.9;Benjamin GOETHE;;LMGT3;;Garage 59;McLaren;GF;40.190;65.253;35.833;
58;3;104;2:20.473;0;;39.577;0;1:05.028;0;35.868;0;179.5;4:24:53.740;18:25:44.903;0:39.577;1:05.028;0:35.868;268.2;Benjamin GOETHE;;LMGT3;;Garage 59;McLaren;GF;39.577;65.028;35.868;
58;3;105;2:19.588;0;;39.585;0;1:04.118;0;35.885;0;180.6;4:27:13.328;18:28:04.491;0:39.585;1:04.118;0:35.885;265.6;Benjamin GOETHE;;LMGT3;;Garage 59;McLaren;GF;39.585;64.118;35.885;
58;3;106;2:21.131;0;;39.947;0;1:05.362;0;35.822;0;178.7;4:29:34.459;18:30:25.622;0:39.947;1:05.362;0:35.822;266.9;Benjamin GOETHE;;LMGT3;;Garage 59;McLaren;GF;39.947;65.362;35.822;
58;3;107;2:19.894;0;;39.540;0;1:04.823;0;35.531;0;180.2;4:31:54.353;18:32:45.516;0:39.540;1:04.823;0:35.531;266.9;Benjamin GOETHE;;LMGT3;;Garage 59;McLaren;GF;39.540;64.823;35.531;
58;3;108;2:19.936;0;;39.801;0;1:04.214;0;35.921;0;180.2;4:34:14.289;18:35:05.452;0:39.801;1:04.214;0:35.921;265.6;Benjamin GOETHE;;LMGT3;;Garage 59;McLaren;GF;39.801;64.214;35.921;
58;3;109;2:22.693;0;;39.571;0;1:06.436;0;36.686;0;176.7;4:36:36.982;18:37:28.145;0:39.571;1:06.436;0:36.686;266.9;Benjamin GOETHE;;LMGT3;;Garage 59;McLaren;GF;39.571;66.436;36.686;
58;3;110;2:21.313;0;;39.516;0;1:05.817;0;35.980;0;178.4;4:38:58.295;18:39:49.458;0:39.516;1:05.817;0:35.980;270.2;Benjamin GOETHE;;LMGT3;;Garage 59;McLaren;GF;39.516;65.817;35.980;
58;3;111;2:20.472;0;;39.356;2;1:05.289;0;35.827;0;179.5;4:41:18.767;18:42:09.930;0:39.356;1:05.289;0:35.827;269.6;Benjamin GOETHE;;LMGT3;;Garage 59;McLaren;GF;39.356;65.289;35.827;
58;3;112;2:20.152;0;;39.442;0;1:04.978;0;35.732;0;179.9;4:43:38.919;18:44:30.082;0:39.442;1:04.978;0:35.732;264.3;Benjamin GOETHE;;LMGT3;;Garage 59;McLaren;GF;39.442;64.978;35.732;
58;3;113;2:20.220;0;;39.558;0;1:04.925;0;35.737;0;179.8;4:45:59.139;18:46:50.302;0:39.558;1:04.925;0:35.737;265.6;Benjamin GOETHE;;LMGT3;;Garage 59;McLaren;GF;39.558;64.925;35.737;
58;3;114;2:19.963;0;;39.538;0;1:04.714;0;35.711;0;180.1;4:48:19.102;18:49:10.265;0:39.538;1:04.714;0:35.711;264.9;Benjamin GOETHE;;LMGT3;;Garage 59;McLaren;GF;39.538;64.714;35.711;
58;3;115;2:20.302;0;;39.595;0;1:05.061;0;35.646;0;179.7;4:50:39.404;18:51:30.567;0:39.595;1:05.061;0:35.646;264.9;Benjamin GOETHE;;LMGT3;;Garage 59;McLaren;GF;39.595;65.061;35.646;
58;3;116;2:20.460;0;;39.786;0;1:05.023;0;35.651;0;179.5;4:52:59.864;18:53:51.027;0:39.786;1:05.023;0:35.651;264.9;Benjamin GOETHE;;LMGT3;;Garage 59;McLaren;GF;39.786;65.023;35.651;
58;3;117;2:21.162;0;;39.533;0;1:05.623;0;36.006;0;178.6;4:55:21.026;18:56:12.189;0:39.533;1:05.623;0:36.006;266.9;Benjamin GOETHE;;LMGT3;;Garage 59;McLaren;GF;39.533;65.623;36.006;
58;3;118;2:22.959;0;;39.494;0;1:07.454;0;36.011;0;176.4;4:57:43.985;18:58:35.148;0:39.494;1:07.454;0:36.011;263.0;Benjamin GOETHE;;LMGT3;;Garage 59;McLaren;GF;39.494;67.454;36.011;
58;3;119;2:24.424;0;;40.819;0;1:07.258;0;36.347;0;174.6;5:00:08.409;19:00:59.572;0:40.819;1:07.258;0:36.347;266.9;Benjamin GOETHE;;LMGT3;;Garage 59;McLaren;GF;40.819;67.258;36.347;
58;3;120;4:00.060;0;B;39.916;0;1:51.398;0;1:28.746;0;105.0;5:04:08.469;19:04:59.632;0:39.916;1:51.398;1:28.746;264.9;Benjamin GOETHE;;LMGT3;;Garage 59;McLaren;GF;39.916;111.398;88.746;
58;3;121;6:14.557;0;;2:38.415;0;2:09.793;0;1:26.349;0;67.3;5:10:23.026;19:11:14.189;2:38.415;2:09.793;1:26.349;78.9;Benjamin GOETHE;0:01:17.461;LMGT3;;Garage 59;McLaren;GF;158.415;129.793;86.349;
58;3;122;4:05.026;0;;1:43.442;0;1:37.503;0;44.081;0;102.9;5:14:28.052;19:15:19.215;1:43.442;1:37.503;0:44.081;79.2;Benjamin GOETHE;;LMGT3;;Garage 59;McLaren;SF;103.442;97.503;44.081;
58;3;123;4:18.183;0;;1:01.492;0;1:59.156;0;1:17.535;0;97.7;5:18:46.235;19:19:37.398;1:01.492;1:59.156;1:17.535;88.2;Benjamin GOETHE;;LMGT3;;Garage 59;McLaren;SF;61.492;119.156;77.535;
58;3;124;4:01.761;0;;1:32.196;0;1:30.624;0;58.941;0;104.3;5:22:47.996;19:23:39.159;1:32.196;1:30.624;0:58.941;75.8;Benjamin GOETHE;;LMGT3;;Garage 59;McLaren;SF;92.196;90.624;58.941;
58;3;125;2:56.992;0;;50.322;0;1:17.595;0;49.075;0;142.5;5:25:44.988;19:26:36.151;0:50.322;1:17.595;0:49.075;174.2;Benjamin GOETHE;;LMGT3;;Garage 59;McLaren;GF;50.322;77.595;49.075;
58;3;126;2:39.159;0;;41.229;0;1:16.046;0;41.884;0;158.4;5:28:24.147;19:29:15.310;0:41.229;1:16.046;0:41.884;181.8;Benjamin GOETHE;;LMGT3;;Garage 59;McLaren;SF;41.229;76.046;41.884;
58;3;127;4:15.248;0;;1:17.919;0;1:43.674;0;1:13.655;0;98.8;5:32:39.395;19:33:30.558;1:17.919;1:43.674;1:13.655;60.9;Benjamin GOETHE;;LMGT3;;Garage 59;McLaren;SF;77.919;103.674;73.655;
58;3;128;3:39.396;0;;1:33.967;0;1:18.080;0;47.349;0;114.9;5:36:18.791;19:37:09.954;1:33.967;1:18.080;0:47.349;83.7;Benjamin GOETHE;;LMGT3;;Garage 59;McLaren;GF;93.967;78.080;47.349;
58;3;129;2:20.778;0;;40.926;0;1:04.445;0;35.407;2;179.1;5:38:39.569;19:39:30.732;0:40.926;1:04.445;0:35.407;255.6;Benjamin GOETHE;;LMGT3;;Garage 59;McLaren;GF;40.926;64.445;35.407;
58;3;130;2:18.584;2;;39.467;0;1:03.528;1;35.589;0;181.9;5:40:58.153;19:41:49.316;0:39.467;1:03.528;0:35.589;264.9;Benjamin GOETHE;;LMGT3;;Garage 59;McLaren;GF;39.467;63.528;35.589;
58;3;131;2:19.274;0;;39.425;0;1:04.169;0;35.680;0;181.0;5:43:17.427;19:44:08.590;0:39.425;1:04.169;0:35.680;266.9;Benjamin GOETHE;;LMGT3;;Garage 59;McLaren;GF;39.425;64.169;35.680;
58;3;132;2:20.468;0;;39.358;0;1:05.557;0;35.553;0;179.5;5:45:37.895;19:46:29.058;0:39.358;1:05.557;0:35.553;268.2;Benjamin GOETHE;;LMGT3;;Garage 59;McLaren;GF;39.358;65.557;35.553;
58;3;133;2:19.101;0;;39.595;0;1:03.875;0;35.631;0;181.3;5:47:56.996;19:48:48.159;0:39.595;1:03.875;0:35.631;263.6;Benjamin GOETHE;;LMGT3;;Garage 59;McLaren;GF;39.595;63.875;35.631;
58;3;134;2:18.841;0;;39.532;0;1:03.828;0;35.481;0;181.6;5:50:15.837;19:51:07.000;0:39.532;1:03.828;0:35.481;263.6;Benjamin GOETHE;;LMGT3;;Garage 59;McLaren;GF;39.532;63.828;35.481;
58;3;135;2:19.004;0;;39.500;0;1:03.971;0;35.533;0;181.4;5:52:34.841;19:53:26.004;0:39.500;1:03.971;0:35.533;264.9;Benjamin GOETHE;;LMGT3;;Garage 59;McLaren;GF;39.500;63.971;35.533;
58;3;136;2:18.772;0;;39.443;0;1:03.881;0;35.448;0;181.7;5:54:53.613;19:55:44.776;0:39.443;1:03.881;0:35.448;264.9;Benjamin GOETHE;;LMGT3;;Garage 59;McLaren;GF;39.443;63.881;35.448;
58;3;137;2:20.147;0;;39.375;0;1:05.127;0;35.645;0;179.9;5:57:13.760;19:58:04.923;0:39.375;1:05.127;0:35.645;266.9;Benjamin GOETHE;;LMGT3;;Garage 59;McLaren;GF;39.375;65.127;35.645;
58;3;138;2:21.089;0;;40.180;0;1:05.311;0;35.598;0;178.7;5:59:34.849;20:00:26.012;0:40.180;1:05.311;0:35.598;259.2;Benjamin GOETHE;;LMGT3;;Garage 59;McLaren;GF;40.180;65.311;35.598;
58;3;139;2:20.986;0;;39.578;0;1:05.839;0;35.569;0;178.8;6:01:55.835;20:02:46.998;0:39.578;1:05.839;0:35.569;265.6;Benjamin GOETHE;;LMGT3;;Garage 59;McLaren;FF;39.578;65.839;35.569;
61;1;1;2:31.540;0;;48.000;0;1:07.265;0;36.275;0;163.5;2:31.540;14:03:22.703;0:48.000;1:07.265;0:36.275;261.1;Martin BERRY;;LMGT3;;Iron Lynx;Mercedes;GF;48.000;67.265;36.275;
61;1;2;2:20.897;0;;40.033;0;1:04.864;0;36.000;1;179.0;4:52.437;14:05:43.600;0:40.033;1:04.864;0:36.000;263.6;Martin BERRY;;LMGT3;;Iron Lynx;Mercedes;GF;40.033;64.864;36.000;
61;1;3;2:21.107;0;;39.772;1;1:05.242;0;36.093;0;178.7;7:13.544;14:08:04.707;0:39.772;1:05.242;0:36.093;265.6;Martin BERRY;;LMGT3;;Iron Lynx;Mercedes;GF;39.772;65.242;36.093;
61;1;4;2:21.464;0;;39.837;0;1:05.405;0;36.222;0;178.2;9:35.008;14:10:26.171;0:39.837;1:05.405;0:36.222;265.6;Martin BERRY;;LMGT3;;Iron Lynx;Mercedes;GF;39.837;65.405;36.222;
61;1;5;2:21.675;0;;39.938;0;1:05.578;0;36.159;0;178.0;11:56.683;14:12:47.846;0:39.938;1:05.578;0:36.159;264.9;Martin BERRY;;LMGT3;;Iron Lynx;Mercedes;GF;39.938;65.578;36.159;
61;1;6;2:24.736;0;;39.930;0;1:05.803;0;39.003;0;174.2;14:21.419;14:15:12.582;0:39.930;1:05.803;0:39.003;265.6;Martin BERRY;;LMGT3;;Iron Lynx;Mercedes;SF;39.930;65.803;39.003;
61;1;7;3:03.646;0;;58.688;0;1:15.262;0;49.696;0;137.3;17:25.065;14:18:16.228;0:58.688;1:15.262;0:49.696;177.1;Martin BERRY;;LMGT3;;Iron Lynx;Mercedes;SF;58.688;75.262;49.696;
61;1;8;2:45.362;0;;43.822;0;1:10.616;0;50.924;0;152.5;20:10.427;14:21:01.590;0:43.822;1:10.616;0:50.924;211.2;Martin BERRY;;LMGT3;;Iron Lynx;Mercedes;SF;43.822;70.616;50.924;
61;1;9;3:11.165;0;;1:05.945;0;1:19.697;0;45.523;0;131.9;23:21.592;14:24:12.755;1:05.945;1:19.697;0:45.523;185.2;Martin BERRY;;LMGT3;;Iron Lynx;Mercedes;SF;65.945;79.697;45.523;
61;1;10;2:47.619;0;;48.603;0;1:12.629;0;46.387;0;150.4;26:09.211;14:27:00.374;0:48.603;1:12.629;0:46.387;176.2;Martin BERRY;;LMGT3;;Iron Lynx;Mercedes;GF;48.603;72.629;46.387;
61;1;11;2:24.627;0;;40.687;0;1:07.439;0;36.501;0;174.3;28:33.838;14:29:25.001;0:40.687;1:07.439;0:36.501;261.1;Martin BERRY;;LMGT3;;Iron Lynx;Mercedes;GF;40.687;67.439;36.501;
61;1;12;2:22.154;0;;40.215;0;1:05.622;0;36.317;0;177.4;30:55.992;14:31:47.155;0:40.215;1:05.622;0:36.317;264.3;Martin BERRY;;LMGT3;;Iron Lynx;Mercedes;GF;40.215;65.622;36.317;
61;1;13;2:24.068;0;;40.536;0;1:06.283;0;37.249;0;175.0;33:20.060;14:34:11.223;0:40.536;1:06.283;0:37.249;263.0;Martin BERRY;;LMGT3;;Iron Lynx;Mercedes;GF;40.536;66.283;37.249;
61;1;14;2:26.546;0;;40.385;0;1:09.108;0;37.053;0;172.1;35:46.606;14:36:37.769;0:40.385;1:09.108;0:37.053;265.6;Martin BERRY;;LMGT3;;Iron Lynx;Mercedes;GF;40.385;69.108;37.053;
61;1;15;2:23.068;0;;39.897;0;1:06.763;0;36.408;0;176.2;38:09.674;14:39:00.837;0:39.897;1:06.763;0:36.408;265.6;Martin BERRY;;LMGT3;;Iron Lynx;Mercedes;GF;39.897;66.763;36.408;
61;1;16;2:22.573;0;;39.827;0;1:06.320;0;36.426;0;176.9;40:32.247;14:41:23.410;0:39.827;1:06.320;0:36.426;265.6;Martin BERRY;;LMGT3;;Iron Lynx;Mercedes;GF;39.827;66.320;36.426;
61;1;17;2:26.841;0;;40.083;0;1:08.927;0;37.831;0;171.7;42:59.088;14:43:50.251;0:40.083;1:08.927;0:37.831;259.9;Martin BERRY;;LMGT3;;Iron Lynx;Mercedes;GF;40.083;68.927;37.831;
61;1;18;2:22.856;0;;40.312;0;1:05.990;0;36.554;0;176.5;45:21.944;14:46:13.107;0:40.312;1:05.990;0:36.554;264.9;Martin BERRY;;LMGT3;;Iron Lynx;Mercedes;GF;40.312;65.990;36.554;
61;1;19;2:23.181;0;;39.971;0;1:06.446;0;36.764;0;176.1;47:45.125;14:48:36.288;0:39.971;1:06.446;0:36.764;263.6;Martin BERRY;;LMGT3;;Iron Lynx;Mercedes;GF;39.971;66.446;36.764;
61;1;20;2:24.156;0;;39.930;0;1:06.969;0;37.257;0;174.9;50:09.281;14:51:00.444;0:39.930;1:06.969;0:37.257;265.6;Martin BERRY;;LMGT3;;Iron Lynx;Mercedes;GF;39.930;66.969;37.257;
61;1;21;2:22.640;0;;40.042;0;1:06.200;0;36.398;0;176.8;52:31.921;14:53:23.084;0:40.042;1:06.200;0:36.398;264.9;Martin BERRY;;LMGT3;;Iron Lynx;Mercedes;GF;40.042;66.200;36.398;
61;1;22;2:23.483;0;;40.272;0;1:06.516;0;36.695;0;175.7;54:55.404;14:55:46.567;0:40.272;1:06.516;0:36.695;264.9;Martin BERRY;;LMGT3;;Iron Lynx;Mercedes;GF;40.272;66.516;36.695;
61;1;23;2:24.383;0;;40.136;0;1:07.492;0;36.755;0;174.6;57:19.787;14:58:10.950;0:40.136;1:07.492;0:36.755;264.3;Martin BERRY;;LMGT3;;Iron Lynx;Mercedes;GF;40.136;67.492;36.755;
61;1;24;2:23.350;0;;40.144;0;1:06.291;0;36.915;0;175.9;59:43.137;15:00:34.300;0:40.144;1:06.291;0:36.915;261.7;Martin BERRY;;LMGT3;;Iron Lynx;Mercedes;GF;40.144;66.291;36.915;
61;1;25;2:30.910;0;B;40.288;0;1:06.897;0;43.725;0;167.1;1:02:14.047;15:03:05.210;0:40.288;1:06.897;0:43.725;263.0;Martin BERRY;;LMGT3;;Iron Lynx;Mercedes;GF;40.288;66.897;43.725;
61;1;26;3:32.802;0;;1:49.513;0;1:07.035;0;36.254;0;118.5;1:05:46.849;15:06:38.012;1:49.513;1:07.035;0:36.254;250.3;Martin BERRY;0:01:18.611;LMGT3;;Iron Lynx;Mercedes;GF;109.513;67.035;36.254;
61;1;27;2:22.448;0;;40.601;0;1:05.739;0;36.108;0;177.0;1:08:09.297;15:09:00.460;0:40.601;1:05.739;0:36.108;261.1;Martin BERRY;;LMGT3;;Iron Lynx;Mercedes;GF;40.601;65.739;36.108;
61;1;28;2:24.617;0;;41.896;0;1:06.523;0;36.198;0;174.4;1:10:33.914;15:11:25.077;0:41.896;1:06.523;0:36.198;253.8;Martin BERRY;;LMGT3;;Iron Lynx;Mercedes;GF;41.896;66.523;36.198;
61;1;29;2:22.921;0;;40.189;0;1:06.174;0;36.558;0;176.4;1:12:56.835;15:13:47.998;0:40.189;1:06.174;0:36.558;263.0;Martin BERRY;;LMGT3;;Iron Lynx;Mercedes;GF;40.189;66.174;36.558;
61;1;30;2:22.820;0;;40.109;0;1:06.060;0;36.651;0;176.5;1:15:19.655;15:16:10.818;0:40.109;1:06.060;0:36.651;263.6;Martin BERRY;;LMGT3;;Iron Lynx;Mercedes;GF;40.109;66.060;36.651;
61;1;31;2:22.652;0;;40.100;0;1:06.145;0;36.407;0;176.8;1:17:42.307;15:18:33.470;0:40.100;1:06.145;0:36.407;263.6;Martin BERRY;;LMGT3;;Iron Lynx;Mercedes;GF;40.100;66.145;36.407;
61;1;32;2:24.829;0;;41.766;0;1:06.765;0;36.298;0;174.1;1:20:07.136;15:20:58.299;0:41.766;1:06.765;0:36.298;250.8;Martin BERRY;;LMGT3;;Iron Lynx;Mercedes;GF;41.766;66.765;36.298;
61;1;33;2:21.143;0;;40.117;0;1:04.770;1;36.256;0;178.6;1:22:28.279;15:23:19.442;0:40.117;1:04.770;0:36.256;263.6;Martin BERRY;;LMGT3;;Iron Lynx;Mercedes;GF;40.117;64.770;36.256;
61;1;34;2:22.707;0;;40.082;0;1:05.941;0;36.684;0;176.7;1:24:50.986;15:25:42.149;0:40.082;1:05.941;0:36.684;263.6;Martin BERRY;;LMGT3;;Iron Lynx;Mercedes;GF;40.082;65.941;36.684;
61;1;35;2:24.208;0;;40.481;0;1:07.351;0;36.376;0;174.8;1:27:15.194;15:28:06.357;0:40.481;1:07.351;0:36.376;261.1;Martin BERRY;;LMGT3;;Iron Lynx;Mercedes;GF;40.481;67.351;36.376;
61;1;36;2:21.794;0;;40.058;0;1:05.364;0;36.372;0;177.8;1:29:36.988;15:30:28.151;0:40.058;1:05.364;0:36.372;263.6;Martin BERRY;;LMGT3;;Iron Lynx;Mercedes;GF;40.058;65.364;36.372;
61;1;37;2:23.407;0;;42.028;0;1:05.071;0;36.308;0;175.8;1:32:00.395;15:32:51.558;0:42.028;1:05.071;0:36.308;261.7;Martin BERRY;;LMGT3;;Iron Lynx;Mercedes;GF;42.028;65.071;36.308;
61;1;38;2:22.268;0;;40.045;0;1:05.986;0;36.237;0;177.2;1:34:22.663;15:35:13.826;0:40.045;1:05.986;0:36.237;263.0;Martin BERRY;;LMGT3;;Iron Lynx;Mercedes;GF;40.045;65.986;36.237;
61;1;39;2:25.547;0;;40.562;0;1:07.848;0;37.137;0;173.2;1:36:48.210;15:37:39.373;0:40.562;1:07.848;0:37.137;262.4;Martin BERRY;;LMGT3;;Iron Lynx;Mercedes;GF;40.562;67.848;37.137;
61;1;40;2:25.183;0;;41.578;0;1:07.159;0;36.446;0;173.7;1:39:13.393;15:40:04.556;0:41.578;1:07.159;0:36.446;261.7;Martin BERRY;;LMGT3;;Iron Lynx;Mercedes;GF;41.578;67.159;36.446;
61;1;41;2:22.760;0;;40.661;0;1:05.981;0;36.118;0;176.6;1:41:36.153;15:42:27.316;0:40.661;1:05.981;0:36.118;263.0;Martin BERRY;;LMGT3;;Iron Lynx;Mercedes;GF;40.661;65.981;36.118;
61;1;42;2:22.452;0;;40.147;0;1:05.985;0;36.320;0;177.0;1:43:58.605;15:44:49.768;0:40.147;1:05.985;0:36.320;264.3;Martin BERRY;;LMGT3;;Iron Lynx;Mercedes;GF;40.147;65.985;36.320;
61;1;43;2:22.365;0;;40.254;0;1:05.849;0;36.262;0;177.1;1:46:20.970;15:47:12.133;0:40.254;1:05.849;0:36.262;263.0;Martin BERRY;;LMGT3;;Iron Lynx;Mercedes;GF;40.254;65.849;36.262;
61;1;44;2:22.137;0;;39.969;0;1:05.667;0;36.501;0;177.4;1:48:43.107;15:49:34.270;0:39.969;1:05.667;0:36.501;261.1;Martin BERRY;;LMGT3;;Iron Lynx;Mercedes;GF;39.969;65.667;36.501;
61;1;45;2:23.060;0;;40.196;0;1:05.979;0;36.885;0;176.2;1:51:06.167;15:51:57.330;0:40.196;1:05.979;0:36.885;261.7;Martin BERRY;;LMGT3;;Iron Lynx;Mercedes;GF;40.196;65.979;36.885;
61;1;46;2:23.161;0;;40.337;0;1:06.312;0;36.512;0;176.1;1:53:29.328;15:54:20.491;0:40.337;1:06.312;0:36.512;260.5;Martin BERRY;;LMGT3;;Iron Lynx;Mercedes;GF;40.337;66.312;36.512;
61;1;47;2:23.446;0;;40.302;0;1:06.081;0;37.063;0;175.8;1:55:52.774;15:56:43.937;0:40.302;1:06.081;0:37.063;261.1;Martin BERRY;;LMGT3;;Iron Lynx;Mercedes;GF;40.302;66.081;37.063;
61;1;48;2:23.261;0;;40.522;0;1:06.230;0;36.509;0;176.0;1:58:16.035;15:59:07.198;0:40.522;1:06.230;0:36.509;259.2;Martin BERRY;;LMGT3;;Iron Lynx;Mercedes;GF;40.522;66.230;36.509;
61;1;49;2:22.934;0;;40.420;0;1:05.965;0;36.549;0;176.4;2:00:38.969;16:01:30.132;0:40.420;1:05.965;0:36.549;259.2;Martin BERRY;;LMGT3;;Iron Lynx;Mercedes;GF;40.420;65.965;36.549;
61;1;50;2:29.246;0;B;40.549;0;1:06.209;0;42.488;0;168.9;2:03:08.215;16:03:59.378;0:40.549;1:06.209;0:42.488;259.2;Martin BERRY;;LMGT3;;Iron Lynx;Mercedes;GF;40.549;66.209;42.488;
61;2;51;3:35.887;0;;1:52.962;0;1:06.783;0;36.142;0;116.8;2:06:44.102;16:07:35.265;1:52.962;1:06.783;0:36.142;248.0;Rui ANDRADE;0:01:20.365;LMGT3;;Iron Lynx;Mercedes;GF;112.962;66.783;36.142;
61;2;52;2:21.329;0;;40.729;0;1:04.950;0;35.650;0;178.4;2:09:05.431;16:09:56.594;0:40.729;1:04.950;0:35.650;255.6;Rui ANDRADE;;LMGT3;;Iron Lynx;Mercedes;GF;40.729;64.950;35.650;
61;2;53;2:20.326;0;;40.086;0;1:04.344;0;35.896;0;179.7;2:11:25.757;16:12:16.920;0:40.086;1:04.344;0:35.896;258.6;Rui ANDRADE;;LMGT3;;Iron Lynx;Mercedes;GF;40.086;64.344;35.896;
61;2;54;2:19.895;0;;39.930;0;1:04.245;0;35.720;0;180.2;2:13:45.652;16:14:36.815;0:39.930;1:04.245;0:35.720;259.9;Rui ANDRADE;;LMGT3;;Iron Lynx;Mercedes;GF;39.930;64.245;35.720;
61;2;55;2:19.572;0;;39.748;1;1:04.033;1;35.791;0;180.7;2:16:05.224;16:16:56.387;0:39.748;1:04.033;0:35.791;261.1;Rui ANDRADE;;LMGT3;;Iron Lynx;Mercedes;GF;39.748;64.033;35.791;
61;2;56;2:21.788;0;;40.557;0;1:05.114;0;36.117;0;177.8;2:18:27.012;16:19:18.175;0:40.557;1:05.114;0:36.117;261.1;Rui ANDRADE;;LMGT3;;Iron Lynx;Mercedes;GF;40.557;65.114;36.117;
61;2;57;2:20.693;0;;40.168;0;1:04.898;0;35.627;0;179.2;2:20:47.705;16:21:38.868;0:40.168;1:04.898;0:35.627;264.3;Rui ANDRADE;;LMGT3;;Iron Lynx;Mercedes;GF;40.168;64.898;35.627;
61;2;58;2:20.075;0;;39.873;0;1:04.457;0;35.745;0;180.0;2:23:07.780;16:23:58.943;0:39.873;1:04.457;0:35.745;262.4;Rui ANDRADE;;LMGT3;;Iron Lynx;Mercedes;GF;39.873;64.457;35.745;
61;2;59;2:20.191;0;;39.891;0;1:04.552;0;35.748;0;179.9;2:25:27.971;16:26:19.134;0:39.891;1:04.552;0:35.748;262.4;Rui ANDRADE;;LMGT3;;Iron Lynx;Mercedes;GF;39.891;64.552;35.748;
61;2;60;2:20.308;0;;39.857;0;1:04.538;0;35.913;0;179.7;2:27:48.279;16:28:39.442;0:39.857;1:04.538;0:35.913;261.7;Rui ANDRADE;;LMGT3;;Iron Lynx;Mercedes;GF;39.857;64.538;35.913;
61;2;61;2:20.749;0;;40.097;0;1:04.810;0;35.842;0;179.1;2:30:09.028;16:31:00.191;0:40.097;1:04.810;0:35.842;260.5;Rui ANDRADE;;LMGT3;;Iron Lynx;Mercedes;GF;40.097;64.810;35.842;
61;2;62;2:20.656;0;;39.909;0;1:05.041;0;35.706;0;179.3;2:32:29.684;16:33:20.847;0:39.909;1:05.041;0:35.706;261.1;Rui ANDRADE;;LMGT3;;Iron Lynx;Mercedes;GF;39.909;65.041;35.706;
61;2;63;2:21.283;0;;40.369;0;1:05.025;0;35.889;0;178.5;2:34:50.967;16:35:42.130;0:40.369;1:05.025;0:35.889;261.1;Rui ANDRADE;;LMGT3;;Iron Lynx;Mercedes;GF;40.369;65.025;35.889;
61;2;64;2:20.668;0;;39.987;0;1:05.006;0;35.675;0;179.2;2:37:11.635;16:38:02.798;0:39.987;1:05.006;0:35.675;261.7;Rui ANDRADE;;LMGT3;;Iron Lynx;Mercedes;GF;39.987;65.006;35.675;
61;2;65;2:22.819;0;;40.296;0;1:05.743;0;36.780;0;176.5;2:39:34.454;16:40:25.617;0:40.296;1:05.743;0:36.780;261.7;Rui ANDRADE;;LMGT3;;Iron Lynx;Mercedes;GF;40.296;65.743;36.780;
61;2;66;2:22.615;0;;40.445;0;1:06.099;0;36.071;0;176.8;2:41:57.069;16:42:48.232;0:40.445;1:06.099;0:36.071;261.7;Rui ANDRADE;;LMGT3;;Iron Lynx;Mercedes;GF;40.445;66.099;36.071;
61;2;67;2:21.779;0;;40.330;0;1:05.663;0;35.786;0;177.8;2:44:18.848;16:45:10.011;0:40.330;1:05.663;0:35.786;260.5;Rui ANDRADE;;LMGT3;;Iron Lynx;Mercedes;GF;40.330;65.663;35.786;
61;2;68;3:31.139;0;;47.966;0;2:06.376;0;36.797;0;119.4;2:47:49.987;16:48:41.150;0:47.966;2:06.376;0:36.797;79.8;Rui ANDRADE;;LMGT3;;Iron Lynx;Mercedes;GF;47.966;126.376;36.797;
61;2;69;2:22.536;0;;40.338;0;1:05.995;0;36.203;0;176.9;2:50:12.523;16:51:03.686;0:40.338;1:05.995;0:36.203;261.7;Rui ANDRADE;;LMGT3;;Iron Lynx;Mercedes;GF;40.338;65.995;36.203;
61;2;70;2:25.180;0;;41.991;0;1:06.534;0;36.655;0;173.7;2:52:37.703;16:53:28.866;0:41.991;1:06.534;0:36.655;258.6;Rui ANDRADE;;LMGT3;;Iron Lynx;Mercedes;GF;41.991;66.534;36.655;
61;2;71;2:23.205;0;;40.039;0;1:06.535;0;36.631;0;176.1;2:55:00.908;16:55:52.071;0:40.039;1:06.535;0:36.631;263.6;Rui ANDRADE;;LMGT3;;Iron Lynx;Mercedes;GF;40.039;66.535;36.631;
61;2;72;2:22.172;0;;40.546;0;1:05.559;0;36.067;0;177.3;2:57:23.080;16:58:14.243;0:40.546;1:05.559;0:36.067;261.7;Rui ANDRADE;;LMGT3;;Iron Lynx;Mercedes;GF;40.546;65.559;36.067;
61;2;73;2:22.738;0;;40.273;0;1:06.118;0;36.347;0;176.6;2:59:45.818;17:00:36.981;0:40.273;1:06.118;0:36.347;263.0;Rui ANDRADE;;LMGT3;;Iron Lynx;Mercedes;GF;40.273;66.118;36.347;
61;2;74;2:21.850;0;;40.272;0;1:05.202;0;36.376;0;177.8;3:02:07.668;17:02:58.831;0:40.272;1:05.202;0:36.376;261.1;Rui ANDRADE;;LMGT3;;Iron Lynx;Mercedes;GF;40.272;65.202;36.376;
61;2;75;2:21.283;0;;39.866;0;1:05.350;0;36.067;0;178.5;3:04:28.951;17:05:20.114;0:39.866;1:05.350;0:36.067;264.3;Rui ANDRADE;;LMGT3;;Iron Lynx;Mercedes;GF;39.866;65.350;36.067;
61;2;76;2:28.740;0;B;40.520;0;1:05.835;0;42.385;0;169.5;3:06:57.691;17:07:48.854;0:40.520;1:05.835;0:42.385;256.8;Rui ANDRADE;;LMGT3;;Iron Lynx;Mercedes;GF;40.520;65.835;42.385;
61;2;77;3:35.479;0;;1:52.697;0;1:06.977;0;35.805;0;117.0;3:10:33.170;17:11:24.333;1:52.697;1:06.977;0:35.805;250.8;Rui ANDRADE;0:01:20.936;LMGT3;;Iron Lynx;Mercedes;GF;112.697;66.977;35.805;
61;2;78;2:20.875;0;;40.459;0;1:04.796;0;35.620;0;179.0;3:12:54.045;17:13:45.208;0:40.459;1:04.796;0:35.620;258.6;Rui ANDRADE;;LMGT3;;Iron Lynx;Mercedes;GF;40.459;64.796;35.620;
61;2;79;2:23.346;0;;40.854;0;1:06.649;0;35.843;0;175.9;3:15:17.391;17:16:08.554;0:40.854;1:06.649;0:35.843;258.6;Rui ANDRADE;;LMGT3;;Iron Lynx;Mercedes;GF;40.854;66.649;35.843;
61;2;80;2:20.867;0;;39.935;0;1:04.981;0;35.951;0;179.0;3:17:38.258;17:18:29.421;0:39.935;1:04.981;0:35.951;260.5;Rui ANDRADE;;LMGT3;;Iron Lynx;Mercedes;GF;39.935;64.981;35.951;
61;2;81;2:20.503;0;;40.113;0;1:04.679;0;35.711;0;179.5;3:19:58.761;17:20:49.924;0:40.113;1:04.679;0:35.711;259.9;Rui ANDRADE;;LMGT3;;Iron Lynx;Mercedes;GF;40.113;64.679;35.711;
61;2;82;2:20.244;0;;39.855;0;1:04.506;0;35.883;0;179.8;3:22:19.005;17:23:10.168;0:39.855;1:04.506;0:35.883;264.9;Rui ANDRADE;;LMGT3;;Iron Lynx;Mercedes;GF;39.855;64.506;35.883;
61;2;83;2:21.010;0;;40.190;0;1:05.167;0;35.653;0;178.8;3:24:40.015;17:25:31.178;0:40.190;1:05.167;0:35.653;262.4;Rui ANDRADE;;LMGT3;;Iron Lynx;Mercedes;GF;40.190;65.167;35.653;
61;2;84;2:21.269;0;;40.273;0;1:05.179;0;35.817;0;178.5;3:27:01.284;17:27:52.447;0:40.273;1:05.179;0:35.817;261.1;Rui ANDRADE;;LMGT3;;Iron Lynx;Mercedes;GF;40.273;65.179;35.817;
61;2;85;2:20.402;0;;40.008;0;1:04.677;0;35.717;0;179.6;3:29:21.686;17:30:12.849;0:40.008;1:04.677;0:35.717;261.7;Rui ANDRADE;;LMGT3;;Iron Lynx;Mercedes;GF;40.008;64.677;35.717;
61;2;86;2:20.283;0;;39.930;0;1:04.761;0;35.592;1;179.7;3:31:41.969;17:32:33.132;0:39.930;1:04.761;0:35.592;262.4;Rui ANDRADE;;LMGT3;;Iron Lynx;Mercedes;GF;39.930;64.761;35.592;
61;2;87;2:21.080;0;;40.147;0;1:05.064;0;35.869;0;178.7;3:34:03.049;17:34:54.212;0:40.147;1:05.064;0:35.869;261.1;Rui ANDRADE;;LMGT3;;Iron Lynx;Mercedes;GF;40.147;65.064;35.869;
61;2;88;2:20.376;0;;39.994;0;1:04.589;0;35.793;0;179.6;3:36:23.425;17:37:14.588;0:39.994;1:04.589;0:35.793;261.1;Rui ANDRADE;;LMGT3;;Iron Lynx;Mercedes;GF;39.994;64.589;35.793;
61;2;89;2:20.622;0;;40.231;0;1:04.692;0;35.699;0;179.3;3:38:44.047;17:39:35.210;0:40.231;1:04.692;0:35.699;260.5;Rui ANDRADE;;LMGT3;;Iron Lynx;Mercedes;GF;40.231;64.692;35.699;
61;2;90;2:21.837;0;;40.687;0;1:05.241;0;35.909;0;177.8;3:41:05.884;17:41:57.047;0:40.687;1:05.241;0:35.909;261.7;Rui ANDRADE;;LMGT3;;Iron Lynx;Mercedes;GF;40.687;65.241;35.909;
61;2;91;2:21.547;0;;40.149;0;1:05.478;0;35.920;0;178.1;3:43:27.431;17:44:18.594;0:40.149;1:05.478;0:35.920;260.5;Rui ANDRADE;;LMGT3;;Iron Lynx;Mercedes;GF;40.149;65.478;35.920;
61;2;92;2:23.128;0;;40.291;0;1:05.661;0;37.176;0;176.2;3:45:50.559;17:46:41.722;0:40.291;1:05.661;0:37.176;261.1;Rui ANDRADE;;LMGT3;;Iron Lynx;Mercedes;GF;40.291;65.661;37.176;
61;2;93;2:21.405;0;;40.250;0;1:05.260;0;35.895;0;178.3;3:48:11.964;17:49:03.127;0:40.250;1:05.260;0:35.895;260.5;Rui ANDRADE;;LMGT3;;Iron Lynx;Mercedes;GF;40.250;65.260;35.895;
61;2;94;2:22.689;0;;40.850;0;1:05.560;0;36.279;0;176.7;3:50:34.653;17:51:25.816;0:40.850;1:05.560;0:36.279;259.9;Rui ANDRADE;;LMGT3;;Iron Lynx;Mercedes;GF;40.850;65.560;36.279;
61;2;95;5:10.434;0;B;1:33.162;0;2:08.149;0;1:29.123;0;81.2;3:55:45.087;17:56:36.250;1:33.162;2:08.149;1:29.123;80.3;Rui ANDRADE;;LMGT3;;Iron Lynx;Mercedes;GF;93.162;128.149;89.123;
61;3;96;6:04.761;0;;2:30.876;0;2:08.191;0;1:25.694;0;69.1;4:01:49.848;18:02:41.011;2:30.876;2:08.191;1:25.694;79.8;Maxime MARTIN;0:01:10.775;LMGT3;;Iron Lynx;Mercedes;GF;150.876;128.191;85.694;
61;3;97;3:24.093;0;;1:03.707;0;1:21.368;0;59.018;0;123.5;4:05:13.941;18:06:05.104;1:03.707;1:21.368;0:59.018;133.8;Maxime MARTIN;;LMGT3;;Iron Lynx;Mercedes;SF;63.707;81.368;59.018;
61;3;98;3:43.359;0;;1:12.583;0;1:49.516;0;41.260;0;112.9;4:08:57.300;18:09:48.463;1:12.583;1:49.516;0:41.260;87.6;Maxime MARTIN;;LMGT3;;Iron Lynx;Mercedes;SF;72.583;109.516;41.260;
61;3;99;2:30.859;0;;42.851;0;1:08.748;0;39.260;0;167.1;4:11:28.159;18:12:19.322;0:42.851;1:08.748;0:39.260;233.0;Maxime MARTIN;;LMGT3;;Iron Lynx;Mercedes;SF;42.851;68.748;39.260;
61;3;100;3:16.833;0;;42.739;0;1:11.935;0;1:22.159;0;128.1;4:14:44.992;18:15:36.155;0:42.739;1:11.935;1:22.159;224.8;Maxime MARTIN;;LMGT3;;Iron Lynx;Mercedes;SF;42.739;71.935;82.159;
61;3;101;3:03.729;0;;1:03.082;0;1:09.569;0;51.078;0;137.2;4:17:48.721;18:18:39.884;1:03.082;1:09.569;0:51.078;177.9;Maxime MARTIN;;LMGT3;;Iron Lynx;Mercedes;GF;63.082;69.569;51.078;
61;3;102;2:19.985;0;;39.882;0;1:04.516;0;35.587;0;180.1;4:20:08.706;18:20:59.869;0:39.882;1:04.516;0:35.587;263.6;Maxime MARTIN;;LMGT3;;Iron Lynx;Mercedes;GF;39.882;64.516;35.587;
61;3;103;2:19.485;0;;39.584;0;1:04.293;0;35.608;0;180.8;4:22:28.191;18:23:19.354;0:39.584;1:04.293;0:35.608;264.3;Maxime MARTIN;;LMGT3;;Iron Lynx;Mercedes;GF;39.584;64.293;35.608;
61;3;104;2:19.478;0;;39.493;0;1:04.304;0;35.681;0;180.8;4:24:47.669;18:25:38.832;0:39.493;1:04.304;0:35.681;264.9;Maxime MARTIN;;LMGT3;;Iron Lynx;Mercedes;GF;39.493;64.304;35.681;
61;3;105;2:25.854;0;B;39.701;0;1:04.559;0;41.594;0;172.9;4:27:13.523;18:28:04.686;0:39.701;1:04.559;0:41.594;264.3;Maxime MARTIN;;LMGT3;;Iron Lynx;Mercedes;GF;39.701;64.559;41.594;
61;3;106;2:31.495;0;;51.541;0;1:04.343;0;35.611;0;166.4;4:29:45.018;18:30:36.181;0:51.541;1:04.343;0:35.611;260.5;Maxime MARTIN;0:00:23.441;LMGT3;;Iron Lynx;Mercedes;GF;51.541;64.343;35.611;
61;3;107;2:19.463;0;;39.594;0;1:04.287;0;35.582;0;180.8;4:32:04.481;18:32:55.644;0:39.594;1:04.287;0:35.582;262.4;Maxime MARTIN;;LMGT3;;Iron Lynx;Mercedes;GF;39.594;64.287;35.582;
61;3;108;2:20.593;0;;39.568;0;1:05.072;0;35.953;0;179.3;4:34:25.074;18:35:16.237;0:39.568;1:05.072;0:35.953;263.6;Maxime MARTIN;;LMGT3;;Iron Lynx;Mercedes;GF;39.568;65.072;35.953;
61;3;109;2:21.319;0;;39.670;0;1:05.512;0;36.137;0;178.4;4:36:46.393;18:37:37.556;0:39.670;1:05.512;0:36.137;264.3;Maxime MARTIN;;LMGT3;;Iron Lynx;Mercedes;GF;39.670;65.512;36.137;
61;3;110;2:20.131;0;;39.682;0;1:04.624;0;35.825;0;179.9;4:39:06.524;18:39:57.687;0:39.682;1:04.624;0:35.825;263.6;Maxime MARTIN;;LMGT3;;Iron Lynx;Mercedes;GF;39.682;64.624;35.825;
61;3;111;2:20.030;0;;39.546;0;1:04.707;0;35.777;0;180.1;4:41:26.554;18:42:17.717;0:39.546;1:04.707;0:35.777;264.9;Maxime MARTIN;;LMGT3;;Iron Lynx;Mercedes;GF;39.546;64.707;35.777;
61;3;112;2:20.009;0;;39.612;0;1:04.695;0;35.702;0;180.1;4:43:46.563;18:44:37.726;0:39.612;1:04.695;0:35.702;265.6;Maxime MARTIN;;LMGT3;;Iron Lynx;Mercedes;GF;39.612;64.695;35.702;
61;3;113;2:20.929;0;;39.662;0;1:05.365;0;35.902;0;178.9;4:46:07.492;18:46:58.655;0:39.662;1:05.365;0:35.902;264.9;Maxime MARTIN;;LMGT3;;Iron Lynx;Mercedes;GF;39.662;65.365;35.902;
61;3;114;2:20.892;0;;39.729;0;1:05.279;0;35.884;0;179.0;4:48:28.384;18:49:19.547;0:39.729;1:05.279;0:35.884;264.9;Maxime MARTIN;;LMGT3;;Iron Lynx;Mercedes;GF;39.729;65.279;35.884;
61;3;115;2:21.322;0;;39.769;0;1:05.709;0;35.844;0;178.4;4:50:49.706;18:51:40.869;0:39.769;1:05.709;0:35.844;264.3;Maxime MARTIN;;LMGT3;;Iron Lynx;Mercedes;GF;39.769;65.709;35.844;
61;3;116;2:21.359;0;;39.751;0;1:05.315;0;36.293;0;178.4;4:53:11.065;18:54:02.228;0:39.751;1:05.315;0:36.293;265.6;Maxime MARTIN;;LMGT3;;Iron Lynx;Mercedes;GF;39.751;65.315;36.293;
61;3;117;2:23.478;0;;39.939;0;1:07.001;0;36.538;0;175.7;4:55:34.543;18:56:25.706;0:39.939;1:07.001;0:36.538;263.6;Maxime MARTIN;;LMGT3;;Iron Lynx;Mercedes;GF;39.939;67.001;36.538;
61;3;118;2:24.738;0;;40.116;0;1:07.914;0;36.708;0;174.2;4:57:59.281;18:58:50.444;0:40.116;1:07.914;0:36.708;261.1;Maxime MARTIN;;LMGT3;;Iron Lynx;Mercedes;GF;40.116;67.914;36.708;
61;3;119;2:27.788;0;B;40.541;0;1:05.662;0;41.585;0;170.6;5:00:27.069;19:01:18.232;0:40.541;1:05.662;0:41.585;266.2;Maxime MARTIN;;LMGT3;;Iron Lynx;Mercedes;GF;40.541;65.662;41.585;
61;3;120;6:11.290;0;;2:36.386;0;2:09.159;0;1:25.745;0;67.9;5:06:38.359;19:07:29.522;2:36.386;2:09.159;1:25.745;79.4;Maxime MARTIN;0:01:15.843;LMGT3;;Iron Lynx;Mercedes;GF;156.386;129.159;85.745;
61;3;121;5:17.185;0;;1:42.438;0;2:09.025;0;1:25.722;0;79.5;5:11:55.544;19:12:46.707;1:42.438;2:09.025;1:25.722;79.5;Maxime MARTIN;;LMGT3;;Iron Lynx;Mercedes;GF;102.438;129.025;85.722;
61;3;122;3:09.748;0;;1:19.232;0;1:11.716;0;38.800;0;132.9;5:15:05.292;19:15:56.455;1:19.232;1:11.716;0:38.800;189.4;Maxime MARTIN;;LMGT3;;Iron Lynx;Mercedes;SF;79.232;71.716;38.800;
61;3;123;3:49.745;0;;42.602;0;1:48.314;0;1:18.829;0;109.7;5:18:55.037;19:19:46.200;0:42.602;1:48.314;1:18.829;243.5;Maxime MARTIN;;LMGT3;;Iron Lynx;Mercedes;SF;42.602;108.314;78.829;
61;3;124;4:03.307;0;;1:31.826;0;1:30.763;0;1:00.718;0;103.6;5:22:58.344;19:23:49.507;1:31.826;1:30.763;1:00.718;51.5;Maxime MARTIN;;LMGT3;;Iron Lynx;Mercedes;SF;91.826;90.763;60.718;
61;3;125;2:51.047;0;;48.854;0;1:15.464;0;46.729;0;147.4;5:25:49.391;19:26:40.554;0:48.854;1:15.464;0:46.729;198.8;Maxime MARTIN;;LMGT3;;Iron Lynx;Mercedes;GF;48.854;75.464;46.729;
61;3;126;2:47.046;0;;40.367;0;1:21.272;0;45.407;0;150.9;5:28:36.437;19:29:27.600;0:40.367;1:21.272;0:45.407;182.7;Maxime MARTIN;;LMGT3;;Iron Lynx;Mercedes;SF;40.367;81.272;45.407;
61;3;127;4:12.133;0;;1:16.482;0;1:41.229;0;1:14.422;0;100.0;5:32:48.570;19:33:39.733;1:16.482;1:41.229;1:14.422;54.0;Maxime MARTIN;;LMGT3;;Iron Lynx;Mercedes;SF;76.482;101.229;74.422;
61;3;128;3:33.981;0;;1:35.311;0;1:13.417;0;45.253;0;117.8;5:36:22.551;19:37:13.714;1:35.311;1:13.417;0:45.253;96.8;Maxime MARTIN;;LMGT3;;Iron Lynx;Mercedes;GF;95.311;73.417;45.253;
61;3;129;2:20.781;0;;40.592;0;1:04.573;0;35.616;0;179.1;5:38:43.332;19:39:34.495;0:40.592;1:04.573;0:35.616;261.7;Maxime MARTIN;;LMGT3;;Iron Lynx;Mercedes;GF;40.592;64.573;35.616;
61;3;130;2:19.715;0;;39.468;0;1:04.534;0;35.713;0;180.5;5:41:03.047;19:41:54.210;0:39.468;1:04.534;0:35.713;265.6;Maxime MARTIN;;LMGT3;;Iron Lynx;Mercedes;GF;39.468;64.534;35.713;
61;3;131;2:19.772;0;;39.580;0;1:04.603;0;35.589;0;180.4;5:43:22.819;19:44:13.982;0:39.580;1:04.603;0:35.589;266.9;Maxime MARTIN;;LMGT3;;Iron Lynx;Mercedes;GF;39.580;64.603;35.589;
61;3;132;2:19.930;0;;39.299;2;1:04.875;0;35.756;0;180.2;5:45:42.749;19:46:33.912;0:39.299;1:04.875;0:35.756;268.9;Maxime MARTIN;;LMGT3;;Iron Lynx;Mercedes;GF;39.299;64.875;35.756;
61;3;133;2:19.923;0;;39.476;0;1:04.599;0;35.848;0;180.2;5:48:02.672;19:48:53.835;0:39.476;1:04.599;0:35.848;266.2;Maxime MARTIN;;LMGT3;;Iron Lynx;Mercedes;GF;39.476;64.599;35.848;
61;3;134;2:20.345;0;;40.776;0;1:04.064;0;35.505;2;179.7;5:50:23.017;19:51:14.180;0:40.776;1:04.064;0:35.505;256.8;Maxime MARTIN;;LMGT3;;Iron Lynx;Mercedes;GF;40.776;64.064;35.505;
61;3;135;2:19.067;2;;39.586;0;1:03.862;2;35.619;0;181.3;5:52:42.084;19:53:33.247;0:39.586;1:03.862;0:35.619;263.6;Maxime MARTIN;;LMGT3;;Iron Lynx;Mercedes;GF;39.586;63.862;35.619;
61;3;136;2:19.525;0;;39.533;0;1:04.298;0;35.694;0;180.7;5:55:01.609;19:55:52.772;0:39.533;1:04.298;0:35.694;264.9;Maxime MARTIN;;LMGT3;;Iron Lynx;Mercedes;GF;39.533;64.298;35.694;
61;3;137;2:20.154;0;;39.564;0;1:05.004;0;35.586;0;179.9;5:57:21.763;19:58:12.926;0:39.564;1:05.004;0:35.586;264.9;Maxime MARTIN;;LMGT3;;Iron Lynx;Mercedes;GF;39.564;65.004;35.586;
61;3;138;2:20.739;0;;39.442;0;1:05.200;0;36.097;0;179.2;5:59:42.502;20:00:33.665;0:39.442;1:05.200;0:36.097;266.2;Maxime MARTIN;;LMGT3;;Iron Lynx;Mercedes;GF;39.442;65.200;36.097;
61;3;139;2:19.267;0;;39.421;0;1:04.296;0;35.550;0;181.0;6:02:01.769;20:02:52.932;0:39.421;1:04.296;0:35.550;266.9;Maxime MARTIN;;LMGT3;;Iron Lynx;Mercedes;FF;39.421;64.296;35.550;
69;1;1;2:33.727;0;;49.723;0;1:07.272;0;36.732;0;161.2;2:33.727;14:03:24.890;0:49.723;1:07.272;0:36.732;258.6;Anthony MCINTOSH;;LMGT3;;Team WRT;BMW;GF;49.723;67.272;36.732;
69;1;2;2:22.114;0;;39.970;1;1:05.956;0;36.188;0;177.4;4:55.841;14:05:47.004;0:39.970;1:05.956;0:36.188;263.6;Anthony MCINTOSH;;LMGT3;;Team WRT;BMW;GF;39.970;65.956;36.188;
69;1;3;2:21.425;0;;40.268;0;1:04.937;1;36.220;0;178.3;7:17.266;14:08:08.429;0:40.268;1:04.937;0:36.220;263.0;Anthony MCINTOSH;;LMGT3;;Team WRT;BMW;GF;40.268;64.937;36.220;
69;1;4;2:21.858;0;;40.174;0;1:05.283;0;36.401;0;177.7;9:39.124;14:10:30.287;0:40.174;1:05.283;0:36.401;263.0;Anthony MCINTOSH;;LMGT3;;Team WRT;BMW;GF;40.174;65.283;36.401;
69;1;5;2:22.160;0;;40.427;0;1:05.345;0;36.388;0;177.4;12:01.284;14:12:52.447;0:40.427;1:05.345;0:36.388;260.5;Anthony MCINTOSH;;LMGT3;;Team WRT;BMW;GF;40.427;65.345;36.388;
69;1;6;2:24.634;0;;40.746;0;1:05.514;0;38.374;0;174.3;14:25.918;14:15:17.081;0:40.746;1:05.514;0:38.374;261.1;Anthony MCINTOSH;;LMGT3;;Team WRT;BMW;SF;40.746;65.514;38.374;
69;1;7;3:02.733;0;;59.083;0;1:14.043;0;49.607;0;138.0;17:28.651;14:18:19.814;0:59.083;1:14.043;0:49.607;172.3;Anthony MCINTOSH;;LMGT3;;Team WRT;BMW;SF;59.083;74.043;49.607;
69;1;8;2:45.740;0;;46.933;0;1:10.316;0;48.491;0;152.1;20:14.391;14:21:05.554;0:46.933;1:10.316;0:48.491;208.4;Anthony MCINTOSH;;LMGT3;;Team WRT;BMW;SF;46.933;70.316;48.491;
69;1;9;3:11.102;0;;1:06.330;0;1:18.921;0;45.851;0;131.9;23:25.493;14:24:16.656;1:06.330;1:18.921;0:45.851;192.8;Anthony MCINTOSH;;LMGT3;;Team WRT;BMW;SF;66.330;78.921;45.851;
69;1;10;2:45.816;0;;47.729;0;1:13.652;0;44.435;0;152.1;26:11.309;14:27:02.472;0:47.729;1:13.652;0:44.435;183.0;Anthony MCINTOSH;;LMGT3;;Team WRT;BMW;GF;47.729;73.652;44.435;
69;1;11;2:24.928;0;;40.364;0;1:08.313;0;36.251;0;174.0;28:36.237;14:29:27.400;0:40.364;1:08.313;0:36.251;264.3;Anthony MCINTOSH;;LMGT3;;Team WRT;BMW;GF;40.364;68.313;36.251;
69;1;12;2:22.243;0;;40.245;0;1:05.591;0;36.407;0;177.3;30:58.480;14:31:49.643;0:40.245;1:05.591;0:36.407;263.6;Anthony MCINTOSH;;LMGT3;;Team WRT;BMW;GF;40.245;65.591;36.407;
69;1;13;2:23.513;0;;40.381;0;1:06.170;0;36.962;0;175.7;33:21.993;14:34:13.156;0:40.381;1:06.170;0:36.962;263.6;Anthony MCINTOSH;;LMGT3;;Team WRT;BMW;GF;40.381;66.170;36.962;
69;1;14;2:26.251;0;;40.631;0;1:07.196;0;38.424;0;172.4;35:48.244;14:36:39.407;0:40.631;1:07.196;0:38.424;263.0;Anthony MCINTOSH;;LMGT3;;Team WRT;BMW;GF;40.631;67.196;38.424;
69;1;15;2:23.259;0;;40.441;0;1:05.918;0;36.900;0;176.0;38:11.503;14:39:02.666;0:40.441;1:05.918;0:36.900;262.4;Anthony MCINTOSH;;LMGT3;;Team WRT;BMW;GF;40.441;65.918;36.900;
69;1;16;2:23.278;0;;40.625;0;1:06.145;0;36.508;0;176.0;40:34.781;14:41:25.944;0:40.625;1:06.145;0:36.508;261.1;Anthony MCINTOSH;;LMGT3;;Team WRT;BMW;GF;40.625;66.145;36.508;
69;1;17;2:25.809;0;;40.456;0;1:07.914;0;37.439;0;172.9;43:00.590;14:43:51.753;0:40.456;1:07.914;0:37.439;263.0;Anthony MCINTOSH;;LMGT3;;Team WRT;BMW;GF;40.456;67.914;37.439;
69;1;18;2:24.291;0;;41.243;0;1:06.393;0;36.655;0;174.7;45:24.881;14:46:16.044;0:41.243;1:06.393;0:36.655;262.4;Anthony MCINTOSH;;LMGT3;;Team WRT;BMW;GF;41.243;66.393;36.655;
69;1;19;2:23.791;0;;40.542;0;1:06.445;0;36.804;0;175.4;47:48.672;14:48:39.835;0:40.542;1:06.445;0:36.804;262.4;Anthony MCINTOSH;;LMGT3;;Team WRT;BMW;GF;40.542;66.445;36.804;
69;1;20;2:23.084;0;;40.405;0;1:06.102;0;36.577;0;176.2;50:11.756;14:51:02.919;0:40.405;1:06.102;0:36.577;264.3;Anthony MCINTOSH;;LMGT3;;Team WRT;BMW;GF;40.405;66.102;36.577;
69;1;21;2:23.818;0;;40.287;0;1:06.639;0;36.892;0;175.3;52:35.574;14:53:26.737;0:40.287;1:06.639;0:36.892;264.3;Anthony MCINTOSH;;LMGT3;;Team WRT;BMW;GF;40.287;66.639;36.892;
69;1;22;2:23.911;0;;40.513;0;1:06.673;0;36.725;0;175.2;54:59.485;14:55:50.648;0:40.513;1:06.673;0:36.725;263.0;Anthony MCINTOSH;;LMGT3;;Team WRT;BMW;GF;40.513;66.673;36.725;
69;1;23;2:24.044;0;;40.496;0;1:06.683;0;36.865;0;175.0;57:23.529;14:58:14.692;0:40.496;1:06.683;0:36.865;263.0;Anthony MCINTOSH;;LMGT3;;Team WRT;BMW;GF;40.496;66.683;36.865;
69;1;24;2:25.545;0;;40.490;0;1:07.906;0;37.149;0;173.2;59:49.074;15:00:40.237;0:40.490;1:07.906;0:37.149;263.0;Anthony MCINTOSH;;LMGT3;;Team WRT;BMW;GF;40.490;67.906;37.149;
69;1;25;2:24.817;0;;40.631;0;1:07.426;0;36.760;0;174.1;1:02:13.891;15:03:05.054;0:40.631;1:07.426;0:36.760;261.7;Anthony MCINTOSH;;LMGT3;;Team WRT;BMW;GF;40.631;67.426;36.760;
69;1;26;2:30.666;0;B;40.589;0;1:06.791;0;43.286;0;167.4;1:04:44.557;15:05:35.720;0:40.589;1:06.791;0:43.286;261.1;Anthony MCINTOSH;;LMGT3;;Team WRT;BMW;GF;40.589;66.791;43.286;
69;1;27;3:36.577;0;;1:53.202;0;1:07.104;0;36.271;0;116.4;1:08:21.134;15:09:12.297;1:53.202;1:07.104;0:36.271;250.3;Anthony MCINTOSH;0:01:21.429;LMGT3;;Team WRT;BMW;GF;113.202;67.104;36.271;
69;1;28;2:21.347;0;;40.265;0;1:05.050;0;36.032;0;178.4;1:10:42.481;15:11:33.644;0:40.265;1:05.050;0:36.032;259.9;Anthony MCINTOSH;;LMGT3;;Team WRT;BMW;GF;40.265;65.050;36.032;
69;1;29;2:21.109;0;;40.104;0;1:05.105;0;35.900;1;178.7;1:13:03.590;15:13:54.753;0:40.104;1:05.105;0:35.900;263.0;Anthony MCINTOSH;;LMGT3;;Team WRT;BMW;GF;40.104;65.105;35.900;
69;1;30;2:21.841;0;;40.036;0;1:05.716;0;36.089;0;177.8;1:15:25.431;15:16:16.594;0:40.036;1:05.716;0:36.089;262.4;Anthony MCINTOSH;;LMGT3;;Team WRT;BMW;GF;40.036;65.716;36.089;
69;1;31;2:23.325;0;;40.244;0;1:06.041;0;37.040;0;175.9;1:17:48.756;15:18:39.919;0:40.244;1:06.041;0:37.040;262.4;Anthony MCINTOSH;;LMGT3;;Team WRT;BMW;GF;40.244;66.041;37.040;
69;1;32;2:22.608;0;;40.295;0;1:05.512;0;36.801;0;176.8;1:20:11.364;15:21:02.527;0:40.295;1:05.512;0:36.801;264.3;Anthony MCINTOSH;;LMGT3;;Team WRT;BMW;GF;40.295;65.512;36.801;
69;1;33;2:23.059;0;;40.452;0;1:05.865;0;36.742;0;176.2;1:22:34.423;15:23:25.586;0:40.452;1:05.865;0:36.742;259.9;Anthony MCINTOSH;;LMGT3;;Team WRT;BMW;GF;40.452;65.865;36.742;
69;1;34;2:22.273;0;;40.215;0;1:05.721;0;36.337;0;177.2;1:24:56.696;15:25:47.859;0:40.215;1:05.721;0:36.337;263.6;Anthony MCINTOSH;;LMGT3;;Team WRT;BMW;GF;40.215;65.721;36.337;
69;1;35;2:22.618;0;;40.328;0;1:05.837;0;36.453;0;176.8;1:27:19.314;15:28:10.477;0:40.328;1:05.837;0:36.453;264.3;Anthony MCINTOSH;;LMGT3;;Team WRT;BMW;GF;40.328;65.837;36.453;
69;1;36;2:22.729;0;;40.508;0;1:05.653;0;36.568;0;176.7;1:29:42.043;15:30:33.206;0:40.508;1:05.653;0:36.568;263.0;Anthony MCINTOSH;;LMGT3;;Team WRT;BMW;GF;40.508;65.653;36.568;
69;1;37;2:23.219;0;;40.473;0;1:06.250;0;36.496;0;176.1;1:32:05.262;15:32:56.425;0:40.473;1:06.250;0:36.496;262.4;Anthony MCINTOSH;;LMGT3;;Team WRT;BMW;GF;40.473;66.250;36.496;
69;1;38;2:22.175;0;;40.135;0;1:05.898;0;36.142;0;177.3;1:34:27.437;15:35:18.600;0:40.135;1:05.898;0:36.142;263.0;Anthony MCINTOSH;;LMGT3;;Team WRT;BMW;GF;40.135;65.898;36.142;
69;1;39;2:25.028;0;;40.941;0;1:07.403;0;36.684;0;173.9;1:36:52.465;15:37:43.628;0:40.941;1:07.403;0:36.684;261.1;Anthony MCINTOSH;;LMGT3;;Team WRT;BMW;GF;40.941;67.403;36.684;
69;1;40;2:23.736;0;;40.505;0;1:06.408;0;36.823;0;175.4;1:39:16.201;15:40:07.364;0:40.505;1:06.408;0:36.823;263.6;Anthony MCINTOSH;;LMGT3;;Team WRT;BMW;GF;40.505;66.408;36.823;
69;1;41;2:23.172;0;;40.219;0;1:06.470;0;36.483;0;176.1;1:41:39.373;15:42:30.536;0:40.219;1:06.470;0:36.483;265.6;Anthony MCINTOSH;;LMGT3;;Team WRT;BMW;GF;40.219;66.470;36.483;
69;1;42;2:24.900;0;;40.541;0;1:07.343;0;37.016;0;174.0;1:44:04.273;15:44:55.436;0:40.541;1:07.343;0:37.016;256.8;Anthony MCINTOSH;;LMGT3;;Team WRT;BMW;GF;40.541;67.343;37.016;
69;1;43;2:24.698;0;;40.563;0;1:07.658;0;36.477;0;174.3;1:46:28.971;15:47:20.134;0:40.563;1:07.658;0:36.477;261.1;Anthony MCINTOSH;;LMGT3;;Team WRT;BMW;GF;40.563;67.658;36.477;
69;1;44;2:24.141;0;;40.516;0;1:06.676;0;36.949;0;174.9;1:48:53.112;15:49:44.275;0:40.516;1:06.676;0:36.949;260.5;Anthony MCINTOSH;;LMGT3;;Team WRT;BMW;GF;40.516;66.676;36.949;
69;1;45;2:23.066;0;;40.461;0;1:06.209;0;36.396;0;176.2;1:51:16.178;15:52:07.341;0:40.461;1:06.209;0:36.396;261.7;Anthony MCINTOSH;;LMGT3;;Team WRT;BMW;GF;40.461;66.209;36.396;
69;1;46;2:24.229;0;;40.784;0;1:06.126;0;37.319;0;174.8;1:53:40.407;15:54:31.570;0:40.784;1:06.126;0:37.319;259.2;Anthony MCINTOSH;;LMGT3;;Team WRT;BMW;GF;40.784;66.126;37.319;
69;1;47;2:24.004;0;;40.886;0;1:06.391;0;36.727;0;175.1;1:56:04.411;15:56:55.574;0:40.886;1:06.391;0:36.727;263.6;Anthony MCINTOSH;;LMGT3;;Team WRT;BMW;GF;40.886;66.391;36.727;
69;1;48;2:23.938;0;;40.611;0;1:06.483;0;36.844;0;175.2;1:58:28.349;15:59:19.512;0:40.611;1:06.483;0:36.844;260.5;Anthony MCINTOSH;;LMGT3;;Team WRT;BMW;GF;40.611;66.483;36.844;
69;1;49;2:23.992;0;;40.518;0;1:06.500;0;36.974;0;175.1;2:00:52.341;16:01:43.504;0:40.518;1:06.500;0:36.974;262.4;Anthony MCINTOSH;;LMGT3;;Team WRT;BMW;GF;40.518;66.500;36.974;
69;1;50;2:23.940;0;;40.648;0;1:06.458;0;36.834;0;175.2;2:03:16.281;16:04:07.444;0:40.648;1:06.458;0:36.834;259.9;Anthony MCINTOSH;;LMGT3;;Team WRT;BMW;GF;40.648;66.458;36.834;
69;1;51;2:24.406;0;;40.412;0;1:06.919;0;37.075;0;174.6;2:05:40.687;16:06:31.850;0:40.412;1:06.919;0:37.075;260.5;Anthony MCINTOSH;;LMGT3;;Team WRT;BMW;GF;40.412;66.919;37.075;
69;1;52;2:31.900;0;B;40.843;0;1:07.603;0;43.454;0;166.0;2:08:12.587;16:09:03.750;0:40.843;1:07.603;0:43.454;260.5;Anthony MCINTOSH;;LMGT3;;Team WRT;BMW;GF;40.843;67.603;43.454;
69;2;53;3:33.552;0;;1:49.966;0;1:06.550;0;37.036;0;118.1;2:11:46.139;16:12:37.302;1:49.966;1:06.550;0:37.036;252.0;Parker THOMPSON;0:01:19.053;LMGT3;;Team WRT;BMW;GF;109.966;66.550;37.036;
69;2;54;2:23.076;0;;40.700;0;1:06.228;0;36.148;0;176.2;2:14:09.215;16:15:00.378;0:40.700;1:06.228;0:36.148;259.9;Parker THOMPSON;;LMGT3;;Team WRT;BMW;GF;40.700;66.228;36.148;
69;2;55;2:21.786;0;;40.009;0;1:05.519;0;36.258;0;177.8;2:16:31.001;16:17:22.164;0:40.009;1:05.519;0:36.258;263.6;Parker THOMPSON;;LMGT3;;Team WRT;BMW;GF;40.009;65.519;36.258;
69;2;56;2:20.933;0;;39.945;1;1:05.096;0;35.892;0;178.9;2:18:51.934;16:19:43.097;0:39.945;1:05.096;0:35.892;265.6;Parker THOMPSON;;LMGT3;;Team WRT;BMW;GF;39.945;65.096;35.892;
69;2;57;2:21.079;0;;39.986;0;1:05.196;0;35.897;0;178.7;2:21:13.013;16:22:04.176;0:39.986;1:05.196;0:35.897;265.6;Parker THOMPSON;;LMGT3;;Team WRT;BMW;GF;39.986;65.196;35.897;
69;2;58;2:21.430;0;;39.959;0;1:05.398;0;36.073;0;178.3;2:23:34.443;16:24:25.606;0:39.959;1:05.398;0:36.073;263.6;Parker THOMPSON;;LMGT3;;Team WRT;BMW;GF;39.959;65.398;36.073;
69;2;59;2:21.949;0;;40.004;0;1:05.620;0;36.325;0;177.6;2:25:56.392;16:26:47.555;0:40.004;1:05.620;0:36.325;263.0;Parker THOMPSON;;LMGT3;;Team WRT;BMW;GF;40.004;65.620;36.325;
69;2;60;2:22.288;0;;40.269;0;1:05.760;0;36.259;0;177.2;2:28:18.680;16:29:09.843;0:40.269;1:05.760;0:36.259;261.7;Parker THOMPSON;;LMGT3;;Team WRT;BMW;GF;40.269;65.760;36.259;
69;2;61;2:21.606;0;;40.053;0;1:05.448;0;36.105;0;178.1;2:30:40.286;16:31:31.449;0:40.053;1:05.448;0:36.105;263.0;Parker THOMPSON;;LMGT3;;Team WRT;BMW;GF;40.053;65.448;36.105;
69;2;62;2:22.169;0;;40.072;0;1:05.744;0;36.353;0;177.4;2:33:02.455;16:33:53.618;0:40.072;1:05.744;0:36.353;263.0;Parker THOMPSON;;LMGT3;;Team WRT;BMW;GF;40.072;65.744;36.353;
69;2;63;2:22.967;0;;40.081;0;1:06.329;0;36.557;0;176.4;2:35:25.422;16:36:16.585;0:40.081;1:06.329;0:36.557;266.2;Parker THOMPSON;;LMGT3;;Team WRT;BMW;GF;40.081;66.329;36.557;
69;2;64;2:22.659;0;;40.146;0;1:06.065;0;36.448;0;176.7;2:37:48.081;16:38:39.244;0:40.146;1:06.065;0:36.448;263.6;Parker THOMPSON;;LMGT3;;Team WRT;BMW;GF;40.146;66.065;36.448;
69;2;65;2:22.699;0;;40.206;0;1:06.051;0;36.442;0;176.7;2:40:10.780;16:41:01.943;0:40.206;1:06.051;0:36.442;262.4;Parker THOMPSON;;LMGT3;;Team WRT;BMW;GF;40.206;66.051;36.442;
69;2;66;2:22.629;0;;40.338;0;1:05.889;0;36.402;0;176.8;2:42:33.409;16:43:24.572;0:40.338;1:05.889;0:36.402;261.7;Parker THOMPSON;;LMGT3;;Team WRT;BMW;GF;40.338;65.889;36.402;
69;2;67;2:22.733;0;;40.212;0;1:06.090;0;36.431;0;176.7;2:44:56.142;16:45:47.305;0:40.212;1:06.090;0:36.431;264.9;Parker THOMPSON;;LMGT3;;Team WRT;BMW;FCY;40.212;66.090;36.431;
69;2;68;3:40.030;0;;1:41.266;0;1:22.277;0;36.487;0;114.6;2:48:36.172;16:49:27.335;1:41.266;1:22.277;0:36.487;78.9;Parker THOMPSON;;LMGT3;;Team WRT;BMW;GF;101.266;82.277;36.487;
69;2;69;2:23.044;0;;40.332;0;1:06.252;0;36.460;0;176.3;2:50:59.216;16:51:50.379;0:40.332;1:06.252;0:36.460;260.5;Parker THOMPSON;;LMGT3;;Team WRT;BMW;GF;40.332;66.252;36.460;
69;2;70;2:22.708;0;;40.196;0;1:06.213;0;36.299;0;176.7;2:53:21.924;16:54:13.087;0:40.196;1:06.213;0:36.299;261.7;Parker THOMPSON;;LMGT3;;Team WRT;BMW;GF;40.196;66.213;36.299;
69;2;71;2:22.984;0;;40.191;0;1:06.239;0;36.554;0;176.3;2:55:44.908;16:56:36.071;0:40.191;1:06.239;0:36.554;262.4;Parker THOMPSON;;LMGT3;;Team WRT;BMW;GF;40.191;66.239;36.554;
69;2;72;2:22.723;0;;40.174;0;1:05.938;0;36.611;0;176.7;2:58:07.631;16:58:58.794;0:40.174;1:05.938;0:36.611;263.6;Parker THOMPSON;;LMGT3;;Team WRT;BMW;GF;40.174;65.938;36.611;
69;2;73;2:23.333;0;;40.180;0;1:06.593;0;36.560;0;175.9;3:00:30.964;17:01:22.127;0:40.180;1:06.593;0:36.560;262.4;Parker THOMPSON;;LMGT3;;Team WRT;BMW;GF;40.180;66.593;36.560;
69;2;74;2:23.746;0;;40.518;0;1:06.586;0;36.642;0;175.4;3:02:54.710;17:03:45.873;0:40.518;1:06.586;0:36.642;260.5;Parker THOMPSON;;LMGT3;;Team WRT;BMW;GF;40.518;66.586;36.642;
69;2;75;2:23.689;0;;40.229;0;1:06.934;0;36.526;0;175.5;3:05:18.399;17:06:09.562;0:40.229;1:06.934;0:36.526;263.6;Parker THOMPSON;;LMGT3;;Team WRT;BMW;GF;40.229;66.934;36.526;
69;2;76;2:27.218;0;;41.481;0;1:08.895;0;36.842;0;171.3;3:07:45.617;17:08:36.780;0:41.481;1:08.895;0:36.842;257.4;Parker THOMPSON;;LMGT3;;Team WRT;BMW;GF;41.481;68.895;36.842;
69;2;77;2:23.659;0;;40.338;0;1:06.383;0;36.938;0;175.5;3:10:09.276;17:11:00.439;0:40.338;1:06.383;0:36.938;262.4;Parker THOMPSON;;LMGT3;;Team WRT;BMW;GF;40.338;66.383;36.938;
69;2;78;2:29.223;0;B;40.304;0;1:06.420;0;42.499;0;169.0;3:12:38.499;17:13:29.662;0:40.304;1:06.420;0:42.499;261.1;Parker THOMPSON;;LMGT3;;Team WRT;BMW;GF;40.304;66.420;42.499;
69;2;79;3:34.118;0;;1:49.920;0;1:07.511;0;36.687;0;117.8;3:16:12.617;17:17:03.780;1:49.920;1:07.511;0:36.687;251.4;Parker THOMPSON;0:01:18.876;LMGT3;;Team WRT;BMW;GF;109.920;67.511;36.687;
69;2;80;2:22.414;0;;40.399;0;1:05.850;0;36.165;0;177.0;3:18:35.031;17:19:26.194;0:40.399;1:05.850;0:36.165;259.9;Parker THOMPSON;;LMGT3;;Team WRT;BMW;GF;40.399;65.850;36.165;
69;2;81;2:20.487;0;;40.090;0;1:04.528;0;35.869;0;179.5;3:20:55.518;17:21:46.681;0:40.090;1:04.528;0:35.869;259.9;Parker THOMPSON;;LMGT3;;Team WRT;BMW;GF;40.090;64.528;35.869;
69;2;82;2:19.803;0;;39.977;0;1:04.178;2;35.648;1;180.4;3:23:15.321;17:24:06.484;0:39.977;1:04.178;0:35.648;261.7;Parker THOMPSON;;LMGT3;;Team WRT;BMW;GF;39.977;64.178;35.648;
69;2;83;2:20.813;0;;39.980;0;1:04.706;0;36.127;0;179.1;3:25:36.134;17:26:27.297;0:39.980;1:04.706;0:36.127;261.7;Parker THOMPSON;;LMGT3;;Team WRT;BMW;GF;39.980;64.706;36.127;
69;2;84;2:20.693;0;;40.025;0;1:04.682;0;35.986;0;179.2;3:27:56.827;17:28:47.990;0:40.025;1:04.682;0:35.986;262.4;Parker THOMPSON;;LMGT3;;Team WRT;BMW;GF;40.025;64.682;35.986;
69;2;85;2:21.041;0;;40.059;0;1:04.867;0;36.115;0;178.8;3:30:17.868;17:31:09.031;0:40.059;1:04.867;0:36.115;261.7;Parker THOMPSON;;LMGT3;;Team WRT;BMW;GF;40.059;64.867;36.115;
69;2;86;2:21.154;0;;39.999;0;1:05.160;0;35.995;0;178.6;3:32:39.022;17:33:30.185;0:39.999;1:05.160;0:35.995;263.0;Parker THOMPSON;;LMGT3;;Team WRT;BMW;GF;39.999;65.160;35.995;
69;2;87;2:20.936;0;;39.978;0;1:04.971;0;35.987;0;178.9;3:34:59.958;17:35:51.121;0:39.978;1:04.971;0:35.987;261.1;Parker THOMPSON;;LMGT3;;Team WRT;BMW;GF;39.978;64.971;35.987;
69;2;88;2:23.901;0;;40.041;0;1:06.897;0;36.963;0;175.2;3:37:23.859;17:38:15.022;0:40.041;1:06.897;0:36.963;262.4;Parker THOMPSON;;LMGT3;;Team WRT;BMW;GF;40.041;66.897;36.963;
69;2;89;2:21.405;0;;40.127;0;1:05.235;0;36.043;0;178.3;3:39:45.264;17:40:36.427;0:40.127;1:05.235;0:36.043;263.0;Parker THOMPSON;;LMGT3;;Team WRT;BMW;GF;40.127;65.235;36.043;
69;2;90;2:21.033;0;;40.007;0;1:05.013;0;36.013;0;178.8;3:42:06.297;17:42:57.460;0:40.007;1:05.013;0:36.013;263.0;Parker THOMPSON;;LMGT3;;Team WRT;BMW;GF;40.007;65.013;36.013;
69;2;91;2:21.150;0;;40.010;0;1:04.996;0;36.144;0;178.6;3:44:27.447;17:45:18.610;0:40.010;1:04.996;0:36.144;263.0;Parker THOMPSON;;LMGT3;;Team WRT;BMW;GF;40.010;64.996;36.144;
69;2;92;2:21.640;0;;39.961;0;1:05.480;0;36.199;0;178.0;3:46:49.087;17:47:40.250;0:39.961;1:05.480;0:36.199;265.6;Parker THOMPSON;;LMGT3;;Team WRT;BMW;GF;39.961;65.480;36.199;
69;2;93;2:21.532;0;;40.014;0;1:05.276;0;36.242;0;178.2;3:49:10.619;17:50:01.782;0:40.014;1:05.276;0:36.242;262.4;Parker THOMPSON;;LMGT3;;Team WRT;BMW;GF;40.014;65.276;36.242;
69;2;94;3:21.069;0;;40.084;0;1:16.286;0;1:24.699;0;125.4;3:52:31.688;17:53:22.851;0:40.084;1:16.286;1:24.699;262.4;Parker THOMPSON;;LMGT3;;Team WRT;BMW;GF;40.084;76.286;84.699;
69;2;95;5:18.161;0;B;1:41.078;0;2:08.194;0;1:28.889;0;79.2;3:57:49.849;17:58:41.012;1:41.078;2:08.194;1:28.889;80.7;Parker THOMPSON;;LMGT3;;Team WRT;BMW;GF;101.078;128.194;88.889;
69;3;96;5:12.483;0;;2:26.046;0;2:03.382;0;43.055;0;80.7;4:03:02.332;18:03:53.495;2:26.046;2:03.382;0:43.055;79.1;Daniel HARPER;0:01:05.238;LMGT3;;Team WRT;BMW;SF;146.046;123.382;43.055;
69;3;97;2:43.443;0;;50.618;0;1:11.287;0;41.538;0;154.3;4:05:45.775;18:06:36.938;0:50.618;1:11.287;0:41.538;189.8;Daniel HARPER;;LMGT3;;Team WRT;BMW;SF;50.618;71.287;41.538;
69;3;98;3:16.793;0;;1:01.227;0;1:36.566;0;39.000;0;128.1;4:09:02.568;18:09:53.731;1:01.227;1:36.566;0:39.000;71.1;Daniel HARPER;;LMGT3;;Team WRT;BMW;SF;61.227;96.566;39.000;
69;3;99;2:33.468;0;;43.513;0;1:11.985;0;37.970;0;164.3;4:11:36.036;18:12:27.199;0:43.513;1:11.985;0:37.970;172.5;Daniel HARPER;;LMGT3;;Team WRT;BMW;SF;43.513;71.985;37.970;
69;3;100;3:14.556;0;;41.968;0;1:09.796;0;1:22.792;0;129.6;4:14:50.592;18:15:41.755;0:41.968;1:09.796;1:22.792;223.0;Daniel HARPER;;LMGT3;;Team WRT;BMW;SF;41.968;69.796;82.792;
69;3;101;3:00.330;0;;1:01.564;0;1:10.479;0;48.287;0;139.8;4:17:50.922;18:18:42.085;1:01.564;1:10.479;0:48.287;175.3;Daniel HARPER;;LMGT3;;Team WRT;BMW;GF;61.564;70.479;48.287;
69;3;102;2:20.769;0;;39.933;0;1:04.935;0;35.901;0;179.1;4:20:11.691;18:21:02.854;0:39.933;1:04.935;0:35.901;264.3;Daniel HARPER;;LMGT3;;Team WRT;BMW;GF;39.933;64.935;35.901;
69;3;103;2:21.039;0;;40.491;0;1:04.899;0;35.649;0;178.8;4:22:32.730;18:23:23.893;0:40.491;1:04.899;0:35.649;264.3;Daniel HARPER;;LMGT3;;Team WRT;BMW;GF;40.491;64.899;35.649;
69;3;104;2:20.881;0;;39.763;0;1:04.987;0;36.131;0;179.0;4:24:53.611;18:25:44.774;0:39.763;1:04.987;0:36.131;266.2;Daniel HARPER;;LMGT3;;Team WRT;BMW;GF;39.763;64.987;36.131;
69;3;105;2:21.016;0;;40.210;0;1:04.947;0;35.859;0;178.8;4:27:14.627;18:28:05.790;0:40.210;1:04.947;0:35.859;263.6;Daniel HARPER;;LMGT3;;Team WRT;BMW;GF;40.210;64.947;35.859;
69;3;106;2:20.835;0;;39.926;0;1:05.034;0;35.875;0;179.0;4:29:35.462;18:30:26.625;0:39.926;1:05.034;0:35.875;264.9;Daniel HARPER;;LMGT3;;Team WRT;BMW;GF;39.926;65.034;35.875;
69;3;107;2:20.725;0;;39.862;0;1:04.930;0;35.933;0;179.2;4:31:56.187;18:32:47.350;0:39.862;1:04.930;0:35.933;264.3;Daniel HARPER;;LMGT3;;Team WRT;BMW;GF;39.862;64.930;35.933;
69;3;108;2:21.118;0;;39.928;0;1:05.188;0;36.002;0;178.7;4:34:17.305;18:35:08.468;0:39.928;1:05.188;0:36.002;265.6;Daniel HARPER;;LMGT3;;Team WRT;BMW;GF;39.928;65.188;36.002;
69;3;109;2:22.432;0;;40.100;0;1:05.754;0;36.578;0;177.0;4:36:39.737;18:37:30.900;0:40.100;1:05.754;0:36.578;264.3;Daniel HARPER;;LMGT3;;Team WRT;BMW;GF;40.100;65.754;36.578;
69;3;110;2:21.015;0;;39.959;0;1:05.048;0;36.008;0;178.8;4:39:00.752;18:39:51.915;0:39.959;1:05.048;0:36.008;266.2;Daniel HARPER;;LMGT3;;Team WRT;BMW;GF;39.959;65.048;36.008;
69;3;111;2:21.365;0;;39.852;0;1:05.482;0;36.031;0;178.4;4:41:22.117;18:42:13.280;0:39.852;1:05.482;0:36.031;266.2;Daniel HARPER;;LMGT3;;Team WRT;BMW;GF;39.852;65.482;36.031;
69;3;112;2:21.131;0;;39.759;0;1:05.237;0;36.135;0;178.7;4:43:43.248;18:44:34.411;0:39.759;1:05.237;0:36.135;266.9;Daniel HARPER;;LMGT3;;Team WRT;BMW;GF;39.759;65.237;36.135;
69;3;113;2:21.247;0;;39.899;0;1:05.307;0;36.041;0;178.5;4:46:04.495;18:46:55.658;0:39.899;1:05.307;0:36.041;265.6;Daniel HARPER;;LMGT3;;Team WRT;BMW;GF;39.899;65.307;36.041;
69;3;114;2:21.553;0;;39.836;0;1:05.474;0;36.243;0;178.1;4:48:26.048;18:49:17.211;0:39.836;1:05.474;0:36.243;264.9;Daniel HARPER;;LMGT3;;Team WRT;BMW;GF;39.836;65.474;36.243;
69;3;115;2:21.807;0;;40.135;0;1:05.510;0;36.162;0;177.8;4:50:47.855;18:51:39.018;0:40.135;1:05.510;0:36.162;263.0;Daniel HARPER;;LMGT3;;Team WRT;BMW;GF;40.135;65.510;36.162;
69;3;116;2:22.093;0;;40.193;0;1:05.620;0;36.280;0;177.4;4:53:09.948;18:54:01.111;0:40.193;1:05.620;0:36.280;263.0;Daniel HARPER;;LMGT3;;Team WRT;BMW;GF;40.193;65.620;36.280;
69;3;117;2:23.576;0;;40.186;0;1:06.519;0;36.871;0;175.6;4:55:33.524;18:56:24.687;0:40.186;1:06.519;0:36.871;263.6;Daniel HARPER;;LMGT3;;Team WRT;BMW;GF;40.186;66.519;36.871;
69;3;118;2:23.322;0;;40.278;0;1:05.880;0;37.164;0;175.9;4:57:56.846;18:58:48.009;0:40.278;1:05.880;0:37.164;263.6;Daniel HARPER;;LMGT3;;Team WRT;BMW;GF;40.278;65.880;37.164;
69;3;119;2:23.247;0;;40.595;0;1:06.360;0;36.292;0;176.0;5:00:20.093;19:01:11.256;0:40.595;1:06.360;0:36.292;264.3;Daniel HARPER;;LMGT3;;Team WRT;BMW;GF;40.595;66.360;36.292;
69;3;120;4:06.529;0;B;40.186;0;1:57.722;0;1:28.621;0;102.3;5:04:26.622;19:05:17.785;0:40.186;1:57.722;1:28.621;263.6;Daniel HARPER;;LMGT3;;Team WRT;BMW;GF;40.186;117.722;88.621;
69;3;121;6:12.426;0;;2:36.675;0;2:09.604;0;1:26.147;0;67.7;5:10:39.048;19:11:30.211;2:36.675;2:09.604;1:26.147;79.3;Daniel HARPER;0:01:15.358;LMGT3;;Team WRT;BMW;GF;156.675;129.604;86.147;
69;3;122;3:52.893;0;;1:43.056;0;1:28.309;0;41.528;0;108.3;5:14:31.941;19:15:23.104;1:43.056;1:28.309;0:41.528;79.6;Daniel HARPER;;LMGT3;;Team WRT;BMW;SF;103.056;88.309;41.528;
69;3;123;4:17.259;0;;1:00.654;0;1:59.051;0;1:17.554;0;98.0;5:18:49.200;19:19:40.363;1:00.654;1:59.051;1:17.554;81.6;Daniel HARPER;;LMGT3;;Team WRT;BMW;SF;60.654;119.051;77.554;
69;3;124;4:03.357;0;;1:32.555;0;1:31.476;0;59.326;0;103.6;5:22:52.557;19:23:43.720;1:32.555;1:31.476;0:59.326;76.9;Daniel HARPER;;LMGT3;;Team WRT;BMW;SF;92.555;91.476;59.326;
69;3;125;2:54.040;0;;48.633;0;1:17.524;0;47.883;0;144.9;5:25:46.597;19:26:37.760;0:48.633;1:17.524;0:47.883;211.2;Daniel HARPER;;LMGT3;;Team WRT;BMW;GF;48.633;77.524;47.883;
69;3;126;2:45.911;0;;41.466;0;1:21.179;0;43.266;0;152.0;5:28:32.508;19:29:23.671;0:41.466;1:21.179;0:43.266;161.7;Daniel HARPER;;LMGT3;;Team WRT;BMW;SF;41.466;81.179;43.266;
69;3;127;4:13.320;0;;1:15.353;0;1:43.044;0;1:14.923;0;99.5;5:32:45.828;19:33:36.991;1:15.353;1:43.044;1:14.923;54.3;Daniel HARPER;;LMGT3;;Team WRT;BMW;SF;75.353;103.044;74.923;
69;3;128;3:35.319;0;;1:33.428;0;1:15.173;0;46.718;0;117.1;5:36:21.147;19:37:12.310;1:33.428;1:15.173;0:46.718;95.1;Daniel HARPER;;LMGT3;;Team WRT;BMW;GF;93.428;75.173;46.718;
69;3;129;2:21.260;0;;40.976;0;1:04.594;0;35.690;0;178.5;5:38:42.407;19:39:33.570;0:40.976;1:04.594;0:35.690;259.9;Daniel HARPER;;LMGT3;;Team WRT;BMW;GF;40.976;64.594;35.690;
69;3;130;2:19.648;2;;39.736;0;1:04.276;0;35.636;2;180.6;5:41:02.055;19:41:53.218;0:39.736;1:04.276;0:35.636;264.9;Daniel HARPER;;LMGT3;;Team WRT;BMW;GF;39.736;64.276;35.636;
69;3;131;2:19.757;0;;39.688;0;1:04.243;1;35.826;0;180.4;5:43:21.812;19:44:12.975;0:39.688;1:04.243;0:35.826;264.9;Daniel HARPER;;LMGT3;;Team WRT;BMW;GF;39.688;64.243;35.826;
69;3;132;2:20.111;0;;39.667;2;1:04.648;0;35.796;0;180.0;5:45:41.923;19:46:33.086;0:39.667;1:04.648;0:35.796;264.3;Daniel HARPER;;LMGT3;;Team WRT;BMW;GF;39.667;64.648;35.796;
69;3;133;2:20.550;0;;39.739;0;1:04.803;0;36.008;0;179.4;5:48:02.473;19:48:53.636;0:39.739;1:04.803;0:36.008;265.6;Daniel HARPER;;LMGT3;;Team WRT;BMW;GF;39.739;64.803;36.008;
69;3;134;2:22.594;0;;41.047;0;1:05.475;0;36.072;0;176.8;5:50:25.067;19:51:16.230;0:41.047;1:05.475;0:36.072;258.0;Daniel HARPER;;LMGT3;;Team WRT;BMW;GF;41.047;65.475;36.072;
69;3;135;2:21.256;0;;39.794;0;1:05.059;0;36.403;0;178.5;5:52:46.323;19:53:37.486;0:39.794;1:05.059;0:36.403;263.0;Daniel HARPER;;LMGT3;;Team WRT;BMW;GF;39.794;65.059;36.403;
69;3;136;2:21.871;0;;39.960;0;1:05.494;0;36.417;0;177.7;5:55:08.194;19:55:59.357;0:39.960;1:05.494;0:36.417;264.9;Daniel HARPER;;LMGT3;;Team WRT;BMW;GF;39.960;65.494;36.417;
69;3;137;2:21.462;0;;39.819;0;1:05.369;0;36.274;0;178.2;5:57:29.656;19:58:20.819;0:39.819;1:05.369;0:36.274;264.3;Daniel HARPER;;LMGT3;;Team WRT;BMW;GF;39.819;65.369;36.274;
69;3;138;2:21.009;0;;39.939;0;1:05.158;0;35.912;0;178.8;5:59:50.665;20:00:41.828;0:39.939;1:05.158;0:35.912;265.6;Daniel HARPER;;LMGT3;;Team WRT;BMW;GF;39.939;65.158;35.912;
69;3;139;2:21.937;0;;39.736;0;1:06.047;0;36.154;0;177.6;6:02:12.602;20:03:03.765;0:39.736;1:06.047;0:36.154;263.0;Daniel HARPER;;LMGT3;;Team WRT;BMW;FF;39.736;66.047;36.154;
7;1;1;2:11.375;0;;37.213;0;1:02.012;0;32.150;0;188.6;2:11.375;14:03:02.538;0:37.213;1:02.012;0:32.150;303.5;Mike CONWAY;;HYPERCAR;;Toyota Racing;Toyota;GF;37.213;62.012;32.150;
7;1;2;2:05.655;0;;34.799;0;59.256;0;31.600;0;200.7;4:17.030;14:05:08.193;0:34.799;0:59.256;0:31.600;305.2;Mike CONWAY;;HYPERCAR;;Toyota Racing;Toyota;GF;34.799;59.256;31.600;
7;1;3;2:05.745;0;;34.879;0;59.198;0;31.668;0;200.5;6:22.775;14:07:13.938;0:34.879;0:59.198;0:31.668;305.2;Mike CONWAY;;HYPERCAR;;Toyota Racing;Toyota;GF;34.879;59.198;31.668;
7;1;4;2:05.780;0;;34.777;0;59.185;1;31.818;0;200.5;8:28.555;14:09:19.718;0:34.777;0:59.185;0:31.818;302.7;Mike CONWAY;;HYPERCAR;;Toyota Racing;Toyota;GF;34.777;59.185;31.818;
7;1;5;2:06.218;0;;34.756;0;59.730;0;31.732;0;199.8;10:34.773;14:11:25.936;0:34.756;0:59.730;0:31.732;300.2;Mike CONWAY;;HYPERCAR;;Toyota Racing;Toyota;GF;34.756;59.730;31.732;
7;1;6;2:05.844;0;;34.841;0;59.312;0;31.691;0;200.4;12:40.617;14:13:31.780;0:34.841;0:59.312;0:31.691;301.0;Mike CONWAY;;HYPERCAR;;Toyota Racing;Toyota;GF;34.841;59.312;31.691;
7;1;7;2:31.071;0;;34.779;0;1:01.049;0;55.243;0;166.9;15:11.688;14:16:02.851;0:34.779;1:01.049;0:55.243;301.0;Mike CONWAY;;HYPERCAR;;Toyota Racing;Toyota;SF;34.779;61.049;55.243;
7;1;8;4:45.641;0;;1:29.667;0;1:53.604;0;1:22.370;0;88.3;19:57.329;14:20:48.492;1:29.667;1:53.604;1:22.370;92.0;Mike CONWAY;;HYPERCAR;;Toyota Racing;Toyota;SF;89.667;113.604;82.370;
7;1;9;3:07.329;0;;1:07.939;0;1:18.475;0;40.915;0;134.6;23:04.658;14:23:55.821;1:07.939;1:18.475;0:40.915;110.1;Mike CONWAY;;HYPERCAR;;Toyota Racing;Toyota;SF;67.939;78.475;40.915;
7;1;10;2:56.569;0;;48.055;0;1:19.928;0;48.586;0;142.8;26:01.227;14:26:52.390;0:48.055;1:19.928;0:48.586;202.5;Mike CONWAY;;HYPERCAR;;Toyota Racing;Toyota;GF;48.055;79.928;48.586;
7;1;11;2:07.011;0;;34.853;0;1:00.170;0;31.988;0;198.5;28:08.238;14:28:59.401;0:34.853;1:00.170;0:31.988;296.9;Mike CONWAY;;HYPERCAR;;Toyota Racing;Toyota;GF;34.853;60.170;31.988;
7;1;12;2:06.464;0;;34.884;0;59.615;0;31.965;0;199.4;30:14.702;14:31:05.865;0:34.884;0:59.615;0:31.965;300.2;Mike CONWAY;;HYPERCAR;;Toyota Racing;Toyota;GF;34.884;59.615;31.965;
7;1;13;2:07.722;0;;35.009;0;1:00.811;0;31.902;0;197.4;32:22.424;14:33:13.587;0:35.009;1:00.811;0:31.902;299.3;Mike CONWAY;;HYPERCAR;;Toyota Racing;Toyota;GF;35.009;60.811;31.902;
7;1;14;2:05.927;0;;34.726;0;59.478;0;31.723;0;200.2;34:28.351;14:35:19.514;0:34.726;0:59.478;0:31.723;301.0;Mike CONWAY;;HYPERCAR;;Toyota Racing;Toyota;GF;34.726;59.478;31.723;
7;1;15;2:06.658;0;;34.789;0;1:00.099;0;31.770;0;199.1;36:35.009;14:37:26.172;0:34.789;1:00.099;0:31.770;297.7;Mike CONWAY;;HYPERCAR;;Toyota Racing;Toyota;GF;34.789;60.099;31.770;
7;1;16;2:06.298;0;;34.913;0;59.571;0;31.814;0;199.6;38:41.307;14:39:32.470;0:34.913;0:59.571;0:31.814;296.9;Mike CONWAY;;HYPERCAR;;Toyota Racing;Toyota;GF;34.913;59.571;31.814;
7;1;17;2:07.653;0;;34.787;0;59.722;0;33.144;0;197.5;40:48.960;14:41:40.123;0:34.787;0:59.722;0:33.144;295.3;Mike CONWAY;;HYPERCAR;;Toyota Racing;Toyota;GF;34.787;59.722;33.144;
7;1;18;2:10.033;0;;34.744;0;1:01.644;0;33.645;0;193.9;42:58.993;14:43:50.156;0:34.744;1:01.644;0:33.645;294.5;Mike CONWAY;;HYPERCAR;;Toyota Racing;Toyota;GF;34.744;61.644;33.645;
7;1;19;2:09.974;0;;36.373;0;1:01.314;0;32.287;0;194.0;45:08.967;14:46:00.130;0:36.373;1:01.314;0:32.287;279.3;Mike CONWAY;;HYPERCAR;;Toyota Racing;Toyota;GF;36.373;61.314;32.287;
7;1;20;2:07.537;0;;36.012;0;59.730;0;31.795;0;197.7;47:16.504;14:48:07.667;0:36.012;0:59.730;0:31.795;293.7;Mike CONWAY;;HYPERCAR;;Toyota Racing;Toyota;GF;36.012;59.730;31.795;
7;1;21;2:06.438;0;;34.842;0;59.801;0;31.795;0;199.4;49:22.942;14:50:14.105;0:34.842;0:59.801;0:31.795;293.7;Mike CONWAY;;HYPERCAR;;Toyota Racing;Toyota;GF;34.842;59.801;31.795;
7;1;22;2:06.243;0;;35.093;0;59.588;0;31.562;0;199.7;51:29.185;14:52:20.348;0:35.093;0:59.588;0:31.562;294.5;Mike CONWAY;;HYPERCAR;;Toyota Racing;Toyota;GF;35.093;59.588;31.562;
7;1;23;2:06.714;0;;34.738;0;1:00.192;0;31.784;0;199.0;53:35.899;14:54:27.062;0:34.738;1:00.192;0:31.784;297.7;Mike CONWAY;;HYPERCAR;;Toyota Racing;Toyota;GF;34.738;60.192;31.784;
7;1;24;2:06.350;0;;34.685;0;1:00.029;0;31.636;0;199.6;55:42.249;14:56:33.412;0:34.685;1:00.029;0:31.636;301.0;Mike CONWAY;;HYPERCAR;;Toyota Racing;Toyota;GF;34.685;60.029;31.636;
7;1;25;2:07.069;0;;34.616;0;1:00.824;0;31.629;0;198.4;57:49.318;14:58:40.481;0:34.616;1:00.824;0:31.629;301.8;Mike CONWAY;;HYPERCAR;;Toyota Racing;Toyota;GF;34.616;60.824;31.629;
7;1;26;2:07.437;0;;34.747;0;1:01.202;0;31.488;1;197.9;59:56.755;15:00:47.918;0:34.747;1:01.202;0:31.488;299.3;Mike CONWAY;;HYPERCAR;;Toyota Racing;Toyota;GF;34.747;61.202;31.488;
7;1;27;2:14.594;0;B;34.803;0;1:00.955;0;38.836;0;187.3;1:02:11.349;15:03:02.512;0:34.803;1:00.955;0:38.836;299.3;Mike CONWAY;;HYPERCAR;;Toyota Racing;Toyota;GF;34.803;60.955;38.836;
7;1;28;3:00.001;0;;1:27.293;0;1:00.879;0;31.829;0;140.1;1:05:11.350;15:06:02.513;1:27.293;1:00.879;0:31.829;300.2;Mike CONWAY;0:01:03.116;HYPERCAR;;Toyota Racing;Toyota;GF;87.293;60.879;31.829;
7;1;29;2:06.398;0;;34.966;0;59.757;0;31.675;0;199.5;1:07:17.748;15:08:08.911;0:34.966;0:59.757;0:31.675;299.3;Mike CONWAY;;HYPERCAR;;Toyota Racing;Toyota;GF;34.966;59.757;31.675;
7;1;30;2:06.555;0;;34.820;0;1:00.094;0;31.641;0;199.2;1:09:24.303;15:10:15.466;0:34.820;1:00.094;0:31.641;298.5;Mike CONWAY;;HYPERCAR;;Toyota Racing;Toyota;GF;34.820;60.094;31.641;
7;1;31;2:06.276;0;;34.685;0;59.746;0;31.845;0;199.7;1:11:30.579;15:12:21.742;0:34.685;0:59.746;0:31.845;300.2;Mike CONWAY;;HYPERCAR;;Toyota Racing;Toyota;GF;34.685;59.746;31.845;
7;1;32;2:06.477;0;;34.914;0;59.840;0;31.723;0;199.4;1:13:37.056;15:14:28.219;0:34.914;0:59.840;0:31.723;300.2;Mike CONWAY;;HYPERCAR;;Toyota Racing;Toyota;GF;34.914;59.840;31.723;
7;1;33;2:06.480;0;;34.664;0;1:00.179;0;31.637;0;199.4;1:15:43.536;15:16:34.699;0:34.664;1:00.179;0:31.637;301.8;Mike CONWAY;;HYPERCAR;;Toyota Racing;Toyota;GF;34.664;60.179;31.637;
7;1;34;2:07.376;0;;34.771;0;1:00.551;0;32.054;0;198.0;1:17:50.912;15:18:42.075;0:34.771;1:00.551;0:32.054;311.4;Mike CONWAY;;HYPERCAR;;Toyota Racing;Toyota;GF;34.771;60.551;32.054;
7;1;35;2:09.403;0;;35.171;0;1:02.534;0;31.698;0;194.8;1:20:00.315;15:20:51.478;0:35.171;1:02.534;0:31.698;295.3;Mike CONWAY;;HYPERCAR;;Toyota Racing;Toyota;GF;35.171;62.534;31.698;
7;1;36;2:07.528;0;;35.728;0;59.906;0;31.894;0;197.7;1:22:07.843;15:22:59.006;0:35.728;0:59.906;0:31.894;306.1;Mike CONWAY;;HYPERCAR;;Toyota Racing;Toyota;GF;35.728;59.906;31.894;
7;1;37;2:06.675;0;;34.885;0;1:00.134;0;31.656;0;199.0;1:24:14.518;15:25:05.681;0:34.885;1:00.134;0:31.656;303.5;Mike CONWAY;;HYPERCAR;;Toyota Racing;Toyota;GF;34.885;60.134;31.656;
7;1;38;2:05.760;0;;34.660;0;59.354;0;31.746;0;200.5;1:26:20.278;15:27:11.441;0:34.660;0:59.354;0:31.746;304.4;Mike CONWAY;;HYPERCAR;;Toyota Racing;Toyota;GF;34.660;59.354;31.746;
7;1;39;2:06.427;0;;34.697;0;1:00.101;0;31.629;0;199.4;1:28:26.705;15:29:17.868;0:34.697;1:00.101;0:31.629;305.2;Mike CONWAY;;HYPERCAR;;Toyota Racing;Toyota;GF;34.697;60.101;31.629;
7;1;40;2:06.560;0;;34.701;0;1:00.122;0;31.737;0;199.2;1:30:33.265;15:31:24.428;0:34.701;1:00.122;0:31.737;306.1;Mike CONWAY;;HYPERCAR;;Toyota Racing;Toyota;GF;34.701;60.122;31.737;
7;1;41;2:07.857;0;;36.447;0;59.821;0;31.589;0;197.2;1:32:41.122;15:33:32.285;0:36.447;0:59.821;0:31.589;301.0;Mike CONWAY;;HYPERCAR;;Toyota Racing;Toyota;GF;36.447;59.821;31.589;
7;1;42;2:06.076;0;;34.470;1;59.961;0;31.645;0;200.0;1:34:47.198;15:35:38.361;0:34.470;0:59.961;0:31.645;305.2;Mike CONWAY;;HYPERCAR;;Toyota Racing;Toyota;GF;34.470;59.961;31.645;
7;1;43;2:07.244;0;;35.642;0;59.749;0;31.853;0;198.2;1:36:54.442;15:37:45.605;0:35.642;0:59.749;0:31.853;303.5;Mike CONWAY;;HYPERCAR;;Toyota Racing;Toyota;GF;35.642;59.749;31.853;
7;1;44;2:09.856;0;;35.267;0;1:02.581;0;32.008;0;194.2;1:39:04.298;15:39:55.461;0:35.267;1:02.581;0:32.008;301.8;Mike CONWAY;;HYPERCAR;;Toyota Racing;Toyota;GF;35.267;62.581;32.008;
7;1;45;2:07.406;0;;34.631;0;1:00.690;0;32.085;0;197.9;1:41:11.704;15:42:02.867;0:34.631;1:00.690;0:32.085;306.1;Mike CONWAY;;HYPERCAR;;Toyota Racing;Toyota;GF;34.631;60.690;32.085;
7;1;46;2:07.489;0;;34.910;0;1:00.598;0;31.981;0;197.8;1:43:19.193;15:44:10.356;0:34.910;1:00.598;0:31.981;301.8;Mike CONWAY;;HYPERCAR;;Toyota Racing;Toyota;GF;34.910;60.598;31.981;
7;1;47;2:08.842;0;;36.100;0;1:00.978;0;31.764;0;195.7;1:45:28.035;15:46:19.198;0:36.100;1:00.978;0:31.764;302.7;Mike CONWAY;;HYPERCAR;;Toyota Racing;Toyota;GF;36.100;60.978;31.764;
7;1;48;2:06.600;0;;34.644;0;1:00.075;0;31.881;0;199.2;1:47:34.635;15:48:25.798;0:34.644;1:00.075;0:31.881;304.4;Mike CONWAY;;HYPERCAR;;Toyota Racing;Toyota;GF;34.644;60.075;31.881;
7;1;49;2:12.058;0;B;34.780;0;59.758;0;37.520;0;190.9;1:49:46.693;15:50:37.856;0:34.780;0:59.758;0:37.520;304.4;Mike CONWAY;;HYPERCAR;;Toyota Racing;Toyota;GF;34.780;59.758;37.520;
7;3;50;3:21.265;0;;1:46.909;0;1:01.698;0;32.658;0;125.3;1:53:07.958;15:53:59.121;1:46.909;1:01.698;0:32.658;277.8;Nyck DE VRIES;0:01:20.004;HYPERCAR;;Toyota Racing;Toyota;GF;106.909;61.698;32.658;
7;3;51;2:06.560;0;;34.948;0;59.719;0;31.893;0;199.2;1:55:14.518;15:56:05.681;0:34.948;0:59.719;0:31.893;302.7;Nyck DE VRIES;;HYPERCAR;;Toyota Racing;Toyota;GF;34.948;59.719;31.893;
7;3;52;2:09.469;0;;34.964;0;1:01.945;0;32.560;0;194.8;1:57:23.987;15:58:15.150;0:34.964;1:01.945;0:32.560;303.5;Nyck DE VRIES;;HYPERCAR;;Toyota Racing;Toyota;GF;34.964;61.945;32.560;
7;3;53;2:09.227;0;;34.828;0;1:00.461;0;33.938;0;195.1;1:59:33.214;16:00:24.377;0:34.828;1:00.461;0:33.938;302.7;Nyck DE VRIES;;HYPERCAR;;Toyota Racing;Toyota;GF;34.828;60.461;33.938;
7;3;54;2:07.330;0;;35.311;0;59.892;0;32.127;0;198.0;2:01:40.544;16:02:31.707;0:35.311;0:59.892;0:32.127;306.1;Nyck DE VRIES;;HYPERCAR;;Toyota Racing;Toyota;GF;35.311;59.892;32.127;
7;3;55;2:08.033;0;;36.368;0;59.619;0;32.046;0;196.9;2:03:48.577;16:04:39.740;0:36.368;0:59.619;0:32.046;302.7;Nyck DE VRIES;;HYPERCAR;;Toyota Racing;Toyota;GF;36.368;59.619;32.046;
7;3;56;2:08.412;0;;36.126;0;1:00.463;0;31.823;0;196.4;2:05:56.989;16:06:48.152;0:36.126;1:00.463;0:31.823;271.6;Nyck DE VRIES;;HYPERCAR;;Toyota Racing;Toyota;GF;36.126;60.463;31.823;
7;3;57;2:06.641;0;;34.863;0;59.501;0;32.277;0;199.1;2:08:03.630;16:08:54.793;0:34.863;0:59.501;0:32.277;304.4;Nyck DE VRIES;;HYPERCAR;;Toyota Racing;Toyota;GF;34.863;59.501;32.277;
7;3;58;2:05.972;0;;34.655;0;59.493;0;31.824;0;200.2;2:10:09.602;16:11:00.765;0:34.655;0:59.493;0:31.824;305.2;Nyck DE VRIES;;HYPERCAR;;Toyota Racing;Toyota;GF;34.655;59.493;31.824;
7;3;59;2:06.413;0;;34.821;0;59.756;0;31.836;0;199.5;2:12:16.015;16:13:07.178;0:34.821;0:59.756;0:31.836;304.4;Nyck DE VRIES;;HYPERCAR;;Toyota Racing;Toyota;GF;34.821;59.756;31.836;
7;3;60;2:05.963;0;;34.758;0;59.421;0;31.784;0;200.2;2:14:21.978;16:15:13.141;0:34.758;0:59.421;0:31.784;303.5;Nyck DE VRIES;;HYPERCAR;;Toyota Racing;Toyota;GF;34.758;59.421;31.784;
7;3;61;2:06.028;0;;34.696;0;59.256;0;32.076;0;200.1;2:16:28.006;16:17:19.169;0:34.696;0:59.256;0:32.076;304.4;Nyck DE VRIES;;HYPERCAR;;Toyota Racing;Toyota;GF;34.696;59.256;32.076;
7;3;62;2:06.545;0;;34.641;0;59.588;0;32.316;0;199.3;2:18:34.551;16:19:25.714;0:34.641;0:59.588;0:32.316;305.2;Nyck DE VRIES;;HYPERCAR;;Toyota Racing;Toyota;GF;34.641;59.588;32.316;
7;3;63;2:05.824;0;;34.620;0;59.581;0;31.623;0;200.4;2:20:40.375;16:21:31.538;0:34.620;0:59.581;0:31.623;306.1;Nyck DE VRIES;;HYPERCAR;;Toyota Racing;Toyota;GF;34.620;59.581;31.623;
7;3;64;2:07.997;0;;34.462;1;1:00.602;0;32.933;0;197.0;2:22:48.372;16:23:39.535;0:34.462;1:00.602;0:32.933;306.1;Nyck DE VRIES;;HYPERCAR;;Toyota Racing;Toyota;GF;34.462;60.602;32.933;
7;3;65;2:07.038;0;;34.672;0;1:00.803;0;31.563;0;198.5;2:24:55.410;16:25:46.573;0:34.672;1:00.803;0:31.563;305.2;Nyck DE VRIES;;HYPERCAR;;Toyota Racing;Toyota;GF;34.672;60.803;31.563;
7;3;66;2:06.936;0;;34.624;0;1:00.646;0;31.666;0;198.6;2:27:02.346;16:27:53.509;0:34.624;1:00.646;0:31.666;305.2;Nyck DE VRIES;;HYPERCAR;;Toyota Racing;Toyota;GF;34.624;60.646;31.666;
7;3;67;2:07.010;0;;34.663;0;59.966;0;32.381;0;198.5;2:29:09.356;16:30:00.519;0:34.663;0:59.966;0:32.381;305.2;Nyck DE VRIES;;HYPERCAR;;Toyota Racing;Toyota;GF;34.663;59.966;32.381;
7;3;68;2:05.518;0;;34.842;0;59.234;1;31.442;2;200.9;2:31:14.874;16:32:06.037;0:34.842;0:59.234;0:31.442;304.4;Nyck DE VRIES;;HYPERCAR;;Toyota Racing;Toyota;GF;34.842;59.234;31.442;
7;3;69;2:05.374;0;;34.639;0;59.265;0;31.470;0;201.1;2:33:20.248;16:34:11.411;0:34.639;0:59.265;0:31.470;304.4;Nyck DE VRIES;;HYPERCAR;;Toyota Racing;Toyota;GF;34.639;59.265;31.470;
7;3;70;2:05.581;0;;34.563;0;59.540;0;31.478;0;200.8;2:35:25.829;16:36:16.992;0:34.563;0:59.540;0:31.478;305.2;Nyck DE VRIES;;HYPERCAR;;Toyota Racing;Toyota;GF;34.563;59.540;31.478;
7;3;71;2:07.180;0;;34.606;0;1:00.263;0;32.311;0;198.3;2:37:33.009;16:38:24.172;0:34.606;1:00.263;0:32.311;305.2;Nyck DE VRIES;;HYPERCAR;;Toyota Racing;Toyota;GF;34.606;60.263;32.311;
7;3;72;2:07.769;0;;36.189;0;1:00.096;0;31.484;0;197.3;2:39:40.778;16:40:31.941;0:36.189;1:00.096;0:31.484;302.7;Nyck DE VRIES;;HYPERCAR;;Toyota Racing;Toyota;GF;36.189;60.096;31.484;
7;3;73;2:08.194;0;;34.510;0;1:01.904;0;31.780;0;196.7;2:41:48.972;16:42:40.135;0:34.510;1:01.904;0:31.780;279.3;Nyck DE VRIES;;HYPERCAR;;Toyota Racing;Toyota;GF;34.510;61.904;31.780;
7;3;74;2:12.969;0;B;34.727;0;1:00.699;0;37.543;0;189.6;2:44:01.941;16:44:53.104;0:34.727;1:00.699;0:37.543;305.2;Nyck DE VRIES;;HYPERCAR;;Toyota Racing;Toyota;GF;34.727;60.699;37.543;
7;3;75;4:19.217;0;;2:27.940;0;1:19.624;0;31.653;0;97.3;2:48:21.158;16:49:12.321;2:27.940;1:19.624;0:31.653;80.1;Nyck DE VRIES;0:01:08.972;HYPERCAR;;Toyota Racing;Toyota;GF;147.940;79.624;31.653;
7;3;76;2:07.632;0;;35.570;0;1:00.417;0;31.645;0;197.6;2:50:28.790;16:51:19.953;0:35.570;1:00.417;0:31.645;303.5;Nyck DE VRIES;;HYPERCAR;;Toyota Racing;Toyota;GF;35.570;60.417;31.645;
7;3;77;2:07.937;0;;34.805;0;1:00.235;0;32.897;0;197.1;2:52:36.727;16:53:27.890;0:34.805;1:00.235;0:32.897;306.1;Nyck DE VRIES;;HYPERCAR;;Toyota Racing;Toyota;GF;34.805;60.235;32.897;
7;3;78;2:12.138;0;;36.211;0;1:03.218;0;32.709;0;190.8;2:54:48.865;16:55:40.028;0:36.211;1:03.218;0:32.709;283.7;Nyck DE VRIES;;HYPERCAR;;Toyota Racing;Toyota;GF;36.211;63.218;32.709;
7;3;79;2:08.742;0;;34.914;0;1:01.713;0;32.115;0;195.9;2:56:57.607;16:57:48.770;0:34.914;1:01.713;0:32.115;305.2;Nyck DE VRIES;;HYPERCAR;;Toyota Racing;Toyota;GF;34.914;61.713;32.115;
7;3;80;2:07.321;0;;34.757;0;1:00.703;0;31.861;0;198.0;2:59:04.928;16:59:56.091;0:34.757;1:00.703;0:31.861;301.8;Nyck DE VRIES;;HYPERCAR;;Toyota Racing;Toyota;GF;34.757;60.703;31.861;
7;3;81;2:07.539;0;;34.644;0;1:00.940;0;31.955;0;197.7;3:01:12.467;17:02:03.630;0:34.644;1:00.940;0:31.955;297.7;Nyck DE VRIES;;HYPERCAR;;Toyota Racing;Toyota;GF;34.644;60.940;31.955;
7;3;82;2:09.111;0;;34.923;0;1:01.295;0;32.893;0;195.3;3:03:21.578;17:04:12.741;0:34.923;1:01.295;0:32.893;300.2;Nyck DE VRIES;;HYPERCAR;;Toyota Racing;Toyota;GF;34.923;61.295;32.893;
7;3;83;2:08.614;0;;35.855;0;1:01.023;0;31.736;0;196.0;3:05:30.192;17:06:21.355;0:35.855;1:01.023;0:31.736;306.1;Nyck DE VRIES;;HYPERCAR;;Toyota Racing;Toyota;GF;35.855;61.023;31.736;
7;3;84;2:08.190;0;;34.697;0;1:01.688;0;31.805;0;196.7;3:07:38.382;17:08:29.545;0:34.697;1:01.688;0:31.805;305.2;Nyck DE VRIES;;HYPERCAR;;Toyota Racing;Toyota;GF;34.697;61.688;31.805;
7;3;85;2:06.085;0;;34.685;0;59.828;0;31.572;0;200.0;3:09:44.467;17:10:35.630;0:34.685;0:59.828;0:31.572;304.4;Nyck DE VRIES;;HYPERCAR;;Toyota Racing;Toyota;GF;34.685;59.828;31.572;
7;3;86;2:06.833;0;;34.616;0;1:00.254;0;31.963;0;198.8;3:11:51.300;17:12:42.463;0:34.616;1:00.254;0:31.963;304.4;Nyck DE VRIES;;HYPERCAR;;Toyota Racing;Toyota;GF;34.616;60.254;31.963;
7;3;87;2:07.478;0;;34.578;0;1:00.467;0;32.433;0;197.8;3:13:58.778;17:14:49.941;0:34.578;1:00.467;0:32.433;288.2;Nyck DE VRIES;;HYPERCAR;;Toyota Racing;Toyota;GF;34.578;60.467;32.433;
7;3;88;2:07.348;0;;34.638;0;1:00.805;0;31.905;0;198.0;3:16:06.126;17:16:57.289;0:34.638;1:00.805;0:31.905;291.3;Nyck DE VRIES;;HYPERCAR;;Toyota Racing;Toyota;GF;34.638;60.805;31.905;
7;3;89;2:06.615;0;;34.539;0;1:00.199;0;31.877;0;199.1;3:18:12.741;17:19:03.904;0:34.539;1:00.199;0:31.877;301.0;Nyck DE VRIES;;HYPERCAR;;Toyota Racing;Toyota;GF;34.539;60.199;31.877;
7;3;90;2:06.385;0;;34.633;0;59.921;0;31.831;0;199.5;3:20:19.126;17:21:10.289;0:34.633;0:59.921;0:31.831;304.4;Nyck DE VRIES;;HYPERCAR;;Toyota Racing;Toyota;GF;34.633;59.921;31.831;
7;3;91;2:08.705;0;;35.299;0;1:01.217;0;32.189;0;195.9;3:22:27.831;17:23:18.994;0:35.299;1:01.217;0:32.189;275.7;Nyck DE VRIES;;HYPERCAR;;Toyota Racing;Toyota;GF;35.299;61.217;32.189;
7;3;92;2:06.939;0;;34.681;0;1:00.138;0;32.120;0;198.6;3:24:34.770;17:25:25.933;0:34.681;1:00.138;0:32.120;302.7;Nyck DE VRIES;;HYPERCAR;;Toyota Racing;Toyota;GF;34.681;60.138;32.120;
7;3;93;2:07.169;0;;34.582;0;1:00.452;0;32.135;0;198.3;3:26:41.939;17:27:33.102;0:34.582;1:00.452;0:32.135;304.4;Nyck DE VRIES;;HYPERCAR;;Toyota Racing;Toyota;GF;34.582;60.452;32.135;
7;3;94;2:08.792;0;;34.565;0;1:02.003;0;32.224;0;195.8;3:28:50.731;17:29:41.894;0:34.565;1:02.003;0:32.224;300.2;Nyck DE VRIES;;HYPERCAR;;Toyota Racing;Toyota;GF;34.565;62.003;32.224;
7;3;95;2:08.192;0;;34.764;0;1:00.809;0;32.619;0;196.7;3:30:58.923;17:31:50.086;0:34.764;1:00.809;0:32.619;297.7;Nyck DE VRIES;;HYPERCAR;;Toyota Racing;Toyota;GF;34.764;60.809;32.619;
7;3;96;2:07.464;0;;34.572;0;1:00.573;0;32.319;0;197.8;3:33:06.387;17:33:57.550;0:34.572;1:00.573;0:32.319;303.5;Nyck DE VRIES;;HYPERCAR;;Toyota Racing;Toyota;GF;34.572;60.573;32.319;
7;3;97;2:08.688;0;;34.566;0;1:02.234;0;31.888;0;195.9;3:35:15.075;17:36:06.238;0:34.566;1:02.234;0:31.888;289.0;Nyck DE VRIES;;HYPERCAR;;Toyota Racing;Toyota;GF;34.566;62.234;31.888;
7;3;98;2:07.845;0;;34.540;0;1:00.534;0;32.771;0;197.2;3:37:22.920;17:38:14.083;0:34.540;1:00.534;0:32.771;305.2;Nyck DE VRIES;;HYPERCAR;;Toyota Racing;Toyota;GF;34.540;60.534;32.771;
7;3;99;2:12.690;0;B;34.690;0;1:00.325;0;37.675;0;190.0;3:39:35.610;17:40:26.773;0:34.690;1:00.325;0:37.675;304.4;Nyck DE VRIES;;HYPERCAR;;Toyota Racing;Toyota;GF;34.690;60.325;37.675;
7;2;100;3:20.173;0;;1:46.929;0;1:01.482;0;31.762;0;126.0;3:42:55.783;17:43:46.946;1:46.929;1:01.482;0:31.762;293.7;Kamui KOBAYASHI;0:01:19.810;HYPERCAR;;Toyota Racing;Toyota;GF;106.929;61.482;31.762;
7;2;101;2:06.698;0;;34.887;0;59.850;0;31.961;0;199.0;3:45:02.481;17:45:53.644;0:34.887;0:59.850;0:31.961;307.8;Kamui KOBAYASHI;;HYPERCAR;;Toyota Racing;Toyota;GF;34.887;59.850;31.961;
7;2;102;2:06.998;0;;34.879;0;1:00.357;0;31.762;0;198.5;3:47:09.479;17:48:00.642;0:34.879;1:00.357;0:31.762;308.7;Kamui KOBAYASHI;;HYPERCAR;;Toyota Racing;Toyota;GF;34.879;60.357;31.762;
7;2;103;2:06.939;0;;35.093;0;1:00.072;0;31.774;0;198.6;3:49:16.418;17:50:07.581;0:35.093;1:00.072;0:31.774;312.3;Kamui KOBAYASHI;;HYPERCAR;;Toyota Racing;Toyota;GF;35.093;60.072;31.774;
7;2;104;3:08.651;0;;34.870;0;1:09.211;0;1:24.570;0;133.7;3:52:25.069;17:53:16.232;0:34.870;1:09.211;1:24.570;295.3;Kamui KOBAYASHI;;HYPERCAR;;Toyota Racing;Toyota;GF;34.870;69.211;84.570;
7;2;105;5:18.233;0;B;1:41.161;0;2:08.333;0;1:28.739;0;79.2;3:57:43.302;17:58:34.465;1:41.161;2:08.333;1:28.739;80.1;Kamui KOBAYASHI;;HYPERCAR;;Toyota Racing;Toyota;GF;101.161;128.333;88.739;
7;2;106;5:04.502;0;;1:56.528;0;2:07.899;0;1:00.075;0;82.8;4:02:47.804;18:03:38.967;1:56.528;2:07.899;1:00.075;80.1;Kamui KOBAYASHI;0:00:37.385;HYPERCAR;;Toyota Racing;Toyota;SF;116.528;127.899;60.075;
7;2;107;2:47.869;0;;48.152;0;1:15.678;0;44.039;0;150.2;4:05:35.673;18:06:26.836;0:48.152;1:15.678;0:44.039;168.5;Kamui KOBAYASHI;;HYPERCAR;;Toyota Racing;Toyota;SF;48.152;75.678;44.039;
7;2;108;4:25.307;0;;1:05.996;0;1:58.686;0;1:20.625;0;95.0;4:10:00.980;18:10:52.143;1:05.996;1:58.686;1:20.625;87.0;Kamui KOBAYASHI;;HYPERCAR;;Toyota Racing;Toyota;SF;65.996;118.686;80.625;
7;2;109;4:27.278;0;;1:22.873;0;1:48.111;0;1:16.294;0;94.3;4:14:28.258;18:15:19.421;1:22.873;1:48.111;1:16.294;84.5;Kamui KOBAYASHI;;HYPERCAR;;Toyota Racing;Toyota;SF;82.873;108.111;76.294;
7;2;110;3:07.374;0;;1:04.076;0;1:15.046;0;48.252;0;134.6;4:17:35.632;18:18:26.795;1:04.076;1:15.046;0:48.252;189.8;Kamui KOBAYASHI;;HYPERCAR;;Toyota Racing;Toyota;GF;64.076;75.046;48.252;
7;2;111;2:06.850;0;;34.910;0;1:00.157;0;31.783;0;198.8;4:19:42.482;18:20:33.645;0:34.910;1:00.157;0:31.783;308.7;Kamui KOBAYASHI;;HYPERCAR;;Toyota Racing;Toyota;GF;34.910;60.157;31.783;
7;2;112;2:05.796;0;;34.639;0;59.629;0;31.528;0;200.4;4:21:48.278;18:22:39.441;0:34.639;0:59.629;0:31.528;296.1;Kamui KOBAYASHI;;HYPERCAR;;Toyota Racing;Toyota;GF;34.639;59.629;31.528;
7;2;113;2:05.967;0;;34.870;0;59.314;0;31.783;0;200.2;4:23:54.245;18:24:45.408;0:34.870;0:59.314;0:31.783;299.3;Kamui KOBAYASHI;;HYPERCAR;;Toyota Racing;Toyota;GF;34.870;59.314;31.783;
7;2;114;2:06.379;0;;34.649;0;59.959;0;31.771;0;199.5;4:26:00.624;18:26:51.787;0:34.649;0:59.959;0:31.771;301.8;Kamui KOBAYASHI;;HYPERCAR;;Toyota Racing;Toyota;GF;34.649;59.959;31.771;
7;2;115;2:06.211;0;;34.747;0;59.695;0;31.769;0;199.8;4:28:06.835;18:28:57.998;0:34.747;0:59.695;0:31.769;301.0;Kamui KOBAYASHI;;HYPERCAR;;Toyota Racing;Toyota;GF;34.747;59.695;31.769;
7;2;116;2:06.611;0;;34.834;0;59.980;0;31.797;0;199.1;4:30:13.446;18:31:04.609;0:34.834;0:59.980;0:31.797;301.8;Kamui KOBAYASHI;;HYPERCAR;;Toyota Racing;Toyota;GF;34.834;59.980;31.797;
7;2;117;2:06.158;0;;34.647;0;59.749;0;31.762;0;199.9;4:32:19.604;18:33:10.767;0:34.647;0:59.749;0:31.762;301.8;Kamui KOBAYASHI;;HYPERCAR;;Toyota Racing;Toyota;GF;34.647;59.749;31.762;
7;2;118;2:06.443;0;;34.688;0;59.932;0;31.823;0;199.4;4:34:26.047;18:35:17.210;0:34.688;0:59.932;0:31.823;301.0;Kamui KOBAYASHI;;HYPERCAR;;Toyota Racing;Toyota;GF;34.688;59.932;31.823;
7;2;119;2:09.979;0;;35.031;0;1:01.005;0;33.943;0;194.0;4:36:36.026;18:37:27.189;0:35.031;1:01.005;0:33.943;300.2;Kamui KOBAYASHI;;HYPERCAR;;Toyota Racing;Toyota;GF;35.031;61.005;33.943;
7;2;120;2:10.115;0;;35.414;0;1:01.674;0;33.027;0;193.8;4:38:46.141;18:39:37.304;0:35.414;1:01.674;0:33.027;312.3;Kamui KOBAYASHI;;HYPERCAR;;Toyota Racing;Toyota;GF;35.414;61.674;33.027;
7;2;121;2:07.688;0;;34.699;0;1:01.013;0;31.976;0;197.5;4:40:53.829;18:41:44.992;0:34.699;1:01.013;0:31.976;301.0;Kamui KOBAYASHI;;HYPERCAR;;Toyota Racing;Toyota;GF;34.699;61.013;31.976;
7;2;122;2:06.380;0;;34.440;0;1:00.151;0;31.789;0;199.5;4:43:00.209;18:43:51.372;0:34.440;1:00.151;0:31.789;306.1;Kamui KOBAYASHI;;HYPERCAR;;Toyota Racing;Toyota;GF;34.440;60.151;31.789;
7;2;123;2:05.981;0;;34.432;0;59.735;0;31.814;0;200.1;4:45:06.190;18:45:57.353;0:34.432;0:59.735;0:31.814;303.5;Kamui KOBAYASHI;;HYPERCAR;;Toyota Racing;Toyota;GF;34.432;59.735;31.814;
7;2;124;2:06.208;0;;34.606;0;59.880;0;31.722;0;199.8;4:47:12.398;18:48:03.561;0:34.606;0:59.880;0:31.722;316.8;Kamui KOBAYASHI;;HYPERCAR;;Toyota Racing;Toyota;GF;34.606;59.880;31.722;
7;2;125;2:05.404;0;;34.624;0;59.134;2;31.646;0;201.1;4:49:17.802;18:50:08.965;0:34.624;0:59.134;0:31.646;301.0;Kamui KOBAYASHI;;HYPERCAR;;Toyota Racing;Toyota;GF;34.624;59.134;31.646;
7;2;126;2:05.478;0;;34.626;0;59.326;0;31.526;1;200.9;4:51:23.280;18:52:14.443;0:34.626;0:59.326;0:31.526;300.2;Kamui KOBAYASHI;;HYPERCAR;;Toyota Racing;Toyota;GF;34.626;59.326;31.526;
7;2;127;2:05.518;0;;34.575;0;59.322;0;31.621;0;200.9;4:53:28.798;18:54:19.961;0:34.575;0:59.322;0:31.621;296.9;Kamui KOBAYASHI;;HYPERCAR;;Toyota Racing;Toyota;GF;34.575;59.322;31.621;
7;2;128;2:05.797;0;;34.624;0;59.395;0;31.778;0;200.4;4:55:34.595;18:56:25.758;0:34.624;0:59.395;0:31.778;296.1;Kamui KOBAYASHI;;HYPERCAR;;Toyota Racing;Toyota;GF;34.624;59.395;31.778;
7;2;129;2:07.650;0;;34.747;0;1:00.716;0;32.187;0;197.5;4:57:42.245;18:58:33.408;0:34.747;1:00.716;0:32.187;296.1;Kamui KOBAYASHI;;HYPERCAR;;Toyota Racing;Toyota;GF;34.747;60.716;32.187;
7;2;130;2:08.575;0;;35.853;0;1:00.574;0;32.148;0;196.1;4:59:50.820;19:00:41.983;0:35.853;1:00.574;0:32.148;294.5;Kamui KOBAYASHI;;HYPERCAR;;Toyota Racing;Toyota;GF;35.853;60.574;32.148;
7;2;131;3:15.268;0;B;34.887;0;1:12.022;0;1:28.359;0;129.1;5:03:06.088;19:03:57.251;0:34.887;1:12.022;1:28.359;296.9;Kamui KOBAYASHI;;HYPERCAR;;Toyota Racing;Toyota;GF;34.887;72.022;88.359;
7;2;132;6:09.824;0;;2:35.183;0;2:08.678;0;1:25.963;0;68.2;5:09:15.912;19:10:07.075;2:35.183;2:08.678;1:25.963;79.6;Kamui KOBAYASHI;0:01:15.362;HYPERCAR;;Toyota Racing;Toyota;GF;155.183;128.678;85.963;
7;2;133;4:30.862;0;;1:41.912;0;2:04.173;0;44.777;0;93.1;5:13:46.774;19:14:37.937;1:41.912;2:04.173;0:44.777;79.6;Kamui KOBAYASHI;;HYPERCAR;;Toyota Racing;Toyota;SF;101.912;124.173;44.777;
7;2;134;4:41.580;0;;1:22.948;0;2:02.502;0;1:16.130;0;89.5;5:18:28.354;19:19:19.517;1:22.948;2:02.502;1:16.130;100.0;Kamui KOBAYASHI;;HYPERCAR;;Toyota Racing;Toyota;SF;82.948;122.502;76.130;
7;2;135;4:02.013;0;;1:29.677;0;1:35.541;0;56.795;0;104.2;5:22:30.367;19:23:21.530;1:29.677;1:35.541;0:56.795;130.7;Kamui KOBAYASHI;;HYPERCAR;;Toyota Racing;Toyota;SF;89.677;95.541;56.795;
7;2;136;2:58.747;0;;49.984;0;1:24.504;0;44.259;0;141.1;5:25:29.114;19:26:20.277;0:49.984;1:24.504;0:44.259;199.6;Kamui KOBAYASHI;;HYPERCAR;;Toyota Racing;Toyota;GF;49.984;84.504;44.259;
7;2;137;2:26.341;0;;34.632;0;1:03.625;0;48.084;0;172.3;5:27:55.455;19:28:46.618;0:34.632;1:03.625;0:48.084;302.7;Kamui KOBAYASHI;;HYPERCAR;;Toyota Racing;Toyota;SF;34.632;63.625;48.084;
7;2;138;4:24.406;0;;1:21.528;0;1:53.314;0;1:09.564;0;95.4;5:32:19.861;19:33:11.024;1:21.528;1:53.314;1:09.564;65.9;Kamui KOBAYASHI;;HYPERCAR;;Toyota Racing;Toyota;SF;81.528;113.314;69.564;
7;2;139;3:43.982;0;;1:29.237;0;1:28.745;0;46.000;0;112.6;5:36:03.843;19:36:55.006;1:29.237;1:28.745;0:46.000;78.7;Kamui KOBAYASHI;;HYPERCAR;;Toyota Racing;Toyota;GF;89.237;88.745;46.000;
7;2;140;2:06.343;0;;34.706;0;1:00.042;0;31.595;0;199.6;5:38:10.186;19:39:01.349;0:34.706;1:00.042;0:31.595;312.3;Kamui KOBAYASHI;;HYPERCAR;;Toyota Racing;Toyota;GF;34.706;60.042;31.595;
7;2;141;2:05.487;0;;34.291;0;59.458;0;31.738;0;200.9;5:40:15.673;19:41:06.836;0:34.291;0:59.458;0:31.738;307.8;Kamui KOBAYASHI;;HYPERCAR;;Toyota Racing;Toyota;GF;34.291;59.458;31.738;
7;2;142;2:05.244;0;;34.306;0;59.358;0;31.580;0;201.3;5:42:20.917;19:43:12.080;0:34.306;0:59.358;0:31.580;309.6;Kamui KOBAYASHI;;HYPERCAR;;Toyota Racing;Toyota;GF;34.306;59.358;31.580;
7;2;143;2:06.030;0;;34.310;0;59.592;0;32.128;0;200.1;5:44:26.947;19:45:18.110;0:34.310;0:59.592;0:32.128;316.8;Kamui KOBAYASHI;;HYPERCAR;;Toyota Racing;Toyota;GF;34.310;59.592;32.128;
7;2;144;2:06.200;0;;34.424;0;1:00.072;0;31.704;0;199.8;5:46:33.147;19:47:24.310;0:34.424;1:00.072;0:31.704;313.2;Kamui KOBAYASHI;;HYPERCAR;;Toyota Racing;Toyota;GF;34.424;60.072;31.704;
7;2;145;2:05.748;0;;34.338;0;59.567;0;31.843;0;200.5;5:48:38.895;19:49:30.058;0:34.338;0:59.567;0:31.843;317.8;Kamui KOBAYASHI;;HYPERCAR;;Toyota Racing;Toyota;GF;34.338;59.567;31.843;
7;2;146;2:05.079;2;;34.216;2;59.332;0;31.531;0;201.6;5:50:43.974;19:51:35.137;0:34.216;0:59.332;0:31.531;310.5;Kamui KOBAYASHI;;HYPERCAR;;Toyota Racing;Toyota;GF;34.216;59.332;31.531;
7;2;147;2:06.250;0;;34.335;0;59.724;0;32.191;0;199.7;5:52:50.224;19:53:41.387;0:34.335;0:59.724;0:32.191;299.3;Kamui KOBAYASHI;;HYPERCAR;;Toyota Racing;Toyota;GF;34.335;59.724;32.191;
7;2;148;2:09.901;0;;35.742;0;1:00.728;0;33.431;0;194.1;5:55:00.125;19:55:51.288;0:35.742;1:00.728;0:33.431;315.0;Kamui KOBAYASHI;;HYPERCAR;;Toyota Racing;Toyota;GF;35.742;60.728;33.431;
7;2;149;2:10.334;0;;36.083;0;1:01.524;0;32.727;0;193.5;5:57:10.459;19:58:01.622;0:36.083;1:01.524;0:32.727;283.7;Kamui KOBAYASHI;;HYPERCAR;;Toyota Racing;Toyota;GF;36.083;61.524;32.727;
7;2;150;2:06.728;0;;35.353;0;59.711;0;31.664;0;199.0;5:59:17.187;20:00:08.350;0:35.353;0:59.711;0:31.664;310.5;Kamui KOBAYASHI;;HYPERCAR;;Toyota Racing;Toyota;GF;35.353;59.711;31.664;
7;2;151;2:05.864;0;;34.405;0;59.644;0;31.815;0;200.3;6:01:23.051;20:02:14.214;0:34.405;0:59.644;0:31.815;319.6;Kamui KOBAYASHI;;HYPERCAR;;Toyota Racing;Toyota;FF;34.405;59.644;31.815;
77;1;1;2:26.805;0;;46.673;0;1:04.494;0;35.638;0;168.8;2:26.805;14:03:17.968;0:46.673;1:04.494;0:35.638;258.0;Eric POWELL;;LMGT3;;Proton Competition;Ford;GF;46.673;64.494;35.638;
77;1;2;2:19.833;0;;39.779;1;1:04.256;1;35.798;0;180.3;4:46.638;14:05:37.801;0:39.779;1:04.256;0:35.798;262.4;Eric POWELL;;LMGT3;;Proton Competition;Ford;GF;39.779;64.256;35.798;
77;1;3;2:20.912;0;;40.024;0;1:05.121;0;35.767;0;178.9;7:07.550;14:07:58.713;0:40.024;1:05.121;0:35.767;261.1;Eric POWELL;;LMGT3;;Proton Competition;Ford;GF;40.024;65.121;35.767;
77;1;4;2:21.326;0;;39.924;0;1:05.247;0;36.155;0;178.4;9:28.876;14:10:20.039;0:39.924;1:05.247;0:36.155;261.7;Eric POWELL;;LMGT3;;Proton Competition;Ford;GF;39.924;65.247;36.155;
77;1;5;2:21.853;0;;41.383;0;1:04.675;0;35.795;0;177.7;11:50.729;14:12:41.892;0:41.383;1:04.675;0:35.795;253.8;Eric POWELL;;LMGT3;;Proton Competition;Ford;GF;41.383;64.675;35.795;
77;1;6;9:51.256;0;;40.082;0;1:04.960;0;8:06.214;0;42.6;21:41.985;14:22:33.148;0:40.082;1:04.960;8:06.214;259.9;Eric POWELL;;LMGT3;;Proton Competition;Ford;SF;40.082;64.960;486.214;
77;1;7;2:26.712;0;;42.852;0;1:06.430;0;37.430;0;171.9;24:08.697;14:24:59.860;0:42.852;1:06.430;0:37.430;231.5;Eric POWELL;;LMGT3;;Proton Competition;Ford;SF;42.852;66.430;37.430;
77;1;8;2:22.887;0;;41.152;0;1:05.476;0;36.259;0;176.5;26:31.584;14:27:22.747;0:41.152;1:05.476;0:36.259;256.8;Eric POWELL;;LMGT3;;Proton Competition;Ford;GF;41.152;65.476;36.259;
77;1;9;2:21.384;0;;39.992;0;1:05.235;0;36.157;0;178.3;28:52.968;14:29:44.131;0:39.992;1:05.235;0:36.157;260.5;Eric POWELL;;LMGT3;;Proton Competition;Ford;GF;39.992;65.235;36.157;
77;1;10;2:22.503;0;;40.354;0;1:05.749;0;36.400;0;176.9;31:15.471;14:32:06.634;0:40.354;1:05.749;0:36.400;248.5;Eric POWELL;;LMGT3;;Proton Competition;Ford;GF;40.354;65.749;36.400;
77;1;11;2:23.043;0;;40.364;0;1:06.049;0;36.630;0;176.3;33:38.514;14:34:29.677;0:40.364;1:06.049;0:36.630;248.0;Eric POWELL;;LMGT3;;Proton Competition;Ford;GF;40.364;66.049;36.630;
77;1;12;2:22.503;0;;40.296;0;1:05.958;0;36.249;0;176.9;36:01.017;14:36:52.180;0:40.296;1:05.958;0:36.249;249.1;Eric POWELL;;LMGT3;;Proton Competition;Ford;GF;40.296;65.958;36.249;
77;1;13;2:22.838;0;;40.349;0;1:05.985;0;36.504;0;176.5;38:23.855;14:39:15.018;0:40.349;1:05.985;0:36.504;248.0;Eric POWELL;;LMGT3;;Proton Competition;Ford;GF;40.349;65.985;36.504;
77;1;14;2:26.029;0;;40.410;0;1:07.798;0;37.821;0;172.7;40:49.884;14:41:41.047;0:40.410;1:07.798;0:37.821;249.1;Eric POWELL;;LMGT3;;Proton Competition;Ford;GF;40.410;67.798;37.821;
77;1;15;2:24.781;0;;40.355;0;1:07.734;0;36.692;0;174.2;43:14.665;14:44:05.828;0:40.355;1:07.734;0:36.692;249.7;Eric POWELL;;LMGT3;;Proton Competition;Ford;GF;40.355;67.734;36.692;
77;1;16;2:23.408;0;;40.270;0;1:06.362;0;36.776;0;175.8;45:38.073;14:46:29.236;0:40.270;1:06.362;0:36.776;250.3;Eric POWELL;;LMGT3;;Proton Competition;Ford;GF;40.270;66.362;36.776;
77;1;17;2:22.922;0;;40.195;0;1:06.307;0;36.420;0;176.4;48:00.995;14:48:52.158;0:40.195;1:06.307;0:36.420;248.0;Eric POWELL;;LMGT3;;Proton Competition;Ford;GF;40.195;66.307;36.420;
77;1;18;2:22.768;0;;40.137;0;1:06.245;0;36.386;0;176.6;50:23.763;14:51:14.926;0:40.137;1:06.245;0:36.386;250.3;Eric POWELL;;LMGT3;;Proton Competition;Ford;GF;40.137;66.245;36.386;
77;1;19;2:22.903;0;;40.220;0;1:06.340;0;36.343;0;176.4;52:46.666;14:53:37.829;0:40.220;1:06.340;0:36.343;250.3;Eric POWELL;;LMGT3;;Proton Competition;Ford;GF;40.220;66.340;36.343;
77;1;20;2:24.499;0;;40.441;0;1:07.482;0;36.576;0;174.5;55:11.165;14:56:02.328;0:40.441;1:07.482;0:36.576;251.4;Eric POWELL;;LMGT3;;Proton Competition;Ford;GF;40.441;67.482;36.576;
77;1;21;2:25.096;0;;40.232;0;1:07.081;0;37.783;0;173.8;57:36.261;14:58:27.424;0:40.232;1:07.081;0:37.783;247.4;Eric POWELL;;LMGT3;;Proton Competition;Ford;GF;40.232;67.081;37.783;
77;1;22;2:24.609;0;;40.148;0;1:07.146;0;37.315;0;174.4;1:00:00.870;15:00:52.033;0:40.148;1:07.146;0:37.315;263.6;Eric POWELL;;LMGT3;;Proton Competition;Ford;GF;40.148;67.146;37.315;
77;1;23;2:23.192;0;;40.286;0;1:06.540;0;36.366;0;176.1;1:02:24.062;15:03:15.225;0:40.286;1:06.540;0:36.366;247.4;Eric POWELL;;LMGT3;;Proton Competition;Ford;GF;40.286;66.540;36.366;
77;1;24;2:23.433;0;;40.194;0;1:06.462;0;36.777;0;175.8;1:04:47.495;15:05:38.658;0:40.194;1:06.462;0:36.777;248.5;Eric POWELL;;LMGT3;;Proton Competition;Ford;GF;40.194;66.462;36.777;
77;1;25;2:24.307;0;;40.132;0;1:07.260;0;36.915;0;174.7;1:07:11.802;15:08:02.965;0:40.132;1:07.260;0:36.915;248.5;Eric POWELL;;LMGT3;;Proton Competition;Ford;GF;40.132;67.260;36.915;
77;1;26;2:23.856;0;;40.132;0;1:07.089;0;36.635;0;175.3;1:09:35.658;15:10:26.821;0:40.132;1:07.089;0:36.635;249.7;Eric POWELL;;LMGT3;;Proton Competition;Ford;GF;40.132;67.089;36.635;
77;1;27;2:24.224;0;;40.329;0;1:07.070;0;36.825;0;174.8;1:11:59.882;15:12:51.045;0:40.329;1:07.070;0:36.825;248.0;Eric POWELL;;LMGT3;;Proton Competition;Ford;GF;40.329;67.070;36.825;
77;1;28;2:29.165;0;B;40.203;0;1:06.604;0;42.358;0;169.0;1:14:29.047;15:15:20.210;0:40.203;1:06.604;0:42.358;248.0;Eric POWELL;;LMGT3;;Proton Competition;Ford;GF;40.203;66.604;42.358;
77;1;29;3:44.037;0;;1:56.853;0;1:09.714;0;37.470;0;112.5;1:18:13.084;15:19:04.247;1:56.853;1:09.714;0:37.470;234.0;Eric POWELL;0:01:25.373;LMGT3;;Proton Competition;Ford;GF;116.853;69.714;37.470;
77;1;30;2:30.054;0;B;40.477;0;1:06.694;0;42.883;0;168.0;1:20:43.138;15:21:34.301;0:40.477;1:06.694;0:42.883;246.3;Eric POWELL;;LMGT3;;Proton Competition;Ford;GF;40.477;66.694;42.883;
77;1;31;21:24.321;0;;19:42.437;0;1:05.628;0;36.256;0;19.6;1:42:07.459;15:42:58.622;19:42.437;1:05.628;0:36.256;258.0;Eric POWELL;0:19:12.116;LMGT3;;Proton Competition;Ford;GF;1182.437;65.628;36.256;
77;1;32;2:19.979;0;;40.047;0;1:04.382;0;35.550;1;180.1;1:44:27.438;15:45:18.601;0:40.047;1:04.382;0:35.550;260.5;Eric POWELL;;LMGT3;;Proton Competition;Ford;GF;40.047;64.382;35.550;
77;1;33;2:25.782;0;B;39.852;0;1:04.527;0;41.403;0;173.0;1:46:53.220;15:47:44.383;0:39.852;1:04.527;0:41.403;261.7;Eric POWELL;;LMGT3;;Proton Competition;Ford;GF;39.852;64.527;41.403;
77;1;34;3:16.355;0;;1:34.606;0;1:05.645;0;36.104;0;128.4;1:50:09.575;15:51:00.738;1:34.606;1:05.645;0:36.104;260.5;Eric POWELL;0:01:05.194;LMGT3;;Proton Competition;Ford;GF;94.606;65.645;36.104;
77;1;35;2:20.425;0;;39.987;0;1:04.458;0;35.980;0;179.6;1:52:30.000;15:53:21.163;0:39.987;1:04.458;0:35.980;259.9;Eric POWELL;;LMGT3;;Proton Competition;Ford;GF;39.987;64.458;35.980;
77;1;36;2:20.519;0;;39.993;0;1:04.671;0;35.855;0;179.4;1:54:50.519;15:55:41.682;0:39.993;1:04.671;0:35.855;258.6;Eric POWELL;;LMGT3;;Proton Competition;Ford;GF;39.993;64.671;35.855;
77;1;37;2:21.735;0;;40.078;0;1:05.386;0;36.271;0;177.9;1:57:12.254;15:58:03.417;0:40.078;1:05.386;0:36.271;258.0;Eric POWELL;;LMGT3;;Proton Competition;Ford;GF;40.078;65.386;36.271;
77;1;38;2:28.636;0;;39.968;0;1:05.548;0;43.120;0;169.6;1:59:40.890;16:00:32.053;0:39.968;1:05.548;0:43.120;260.5;Eric POWELL;;LMGT3;;Proton Competition;Ford;GF;39.968;65.548;43.120;
77;1;39;2:22.710;0;;40.406;0;1:05.773;0;36.531;0;176.7;2:02:03.600;16:02:54.763;0:40.406;1:05.773;0:36.531;258.0;Eric POWELL;;LMGT3;;Proton Competition;Ford;GF;40.406;65.773;36.531;
77;1;40;2:22.316;0;;40.252;0;1:05.793;0;36.271;0;177.2;2:04:25.916;16:05:17.079;0:40.252;1:05.793;0:36.271;258.0;Eric POWELL;;LMGT3;;Proton Competition;Ford;GF;40.252;65.793;36.271;
77;1;41;2:21.315;0;;40.060;0;1:05.250;0;36.005;0;178.4;2:06:47.231;16:07:38.394;0:40.060;1:05.250;0:36.005;258.0;Eric POWELL;;LMGT3;;Proton Competition;Ford;GF;40.060;65.250;36.005;
77;1;42;2:28.452;0;B;41.404;0;1:05.218;0;41.830;0;169.8;2:09:15.683;16:10:06.846;0:41.404;1:05.218;0:41.830;259.9;Eric POWELL;;LMGT3;;Proton Competition;Ford;GF;41.404;65.218;41.830;
77;3;43;3:33.262;0;;1:48.148;0;1:08.480;0;36.634;0;118.2;2:12:48.945;16:13:40.108;1:48.148;1:08.480;0:36.634;252.0;Sebastian PRIAULX;0:01:16.759;LMGT3;;Proton Competition;Ford;GF;108.148;68.480;36.634;
77;3;44;2:20.455;0;;40.027;0;1:04.813;0;35.615;0;179.5;2:15:09.400;16:16:00.563;0:40.027;1:04.813;0:35.615;258.0;Sebastian PRIAULX;;LMGT3;;Proton Competition;Ford;GF;40.027;64.813;35.615;
77;3;45;2:20.022;0;;39.714;0;1:04.539;0;35.769;0;180.1;2:17:29.422;16:18:20.585;0:39.714;1:04.539;0:35.769;259.9;Sebastian PRIAULX;;LMGT3;;Proton Competition;Ford;GF;39.714;64.539;35.769;
77;3;46;2:19.984;0;;39.792;0;1:04.522;0;35.670;0;180.1;2:19:49.406;16:20:40.569;0:39.792;1:04.522;0:35.670;261.7;Sebastian PRIAULX;;LMGT3;;Proton Competition;Ford;GF;39.792;64.522;35.670;
77;3;47;2:20.011;0;;39.887;0;1:04.350;0;35.774;0;180.1;2:22:09.417;16:23:00.580;0:39.887;1:04.350;0:35.774;261.7;Sebastian PRIAULX;;LMGT3;;Proton Competition;Ford;GF;39.887;64.350;35.774;
77;3;48;2:19.848;0;;39.712;0;1:04.385;0;35.751;0;180.3;2:24:29.265;16:25:20.428;0:39.712;1:04.385;0:35.751;260.5;Sebastian PRIAULX;;LMGT3;;Proton Competition;Ford;GF;39.712;64.385;35.751;
77;3;49;2:22.478;0;;39.990;0;1:05.632;0;36.856;0;177.0;2:26:51.743;16:27:42.906;0:39.990;1:05.632;0:36.856;259.2;Sebastian PRIAULX;;LMGT3;;Proton Competition;Ford;GF;39.990;65.632;36.856;
77;3;50;2:20.776;0;;39.870;0;1:04.957;0;35.949;0;179.1;2:29:12.519;16:30:03.682;0:39.870;1:04.957;0:35.949;259.2;Sebastian PRIAULX;;LMGT3;;Proton Competition;Ford;GF;39.870;64.957;35.949;
77;3;51;2:21.006;0;;39.962;0;1:04.764;0;36.280;0;178.8;2:31:33.525;16:32:24.688;0:39.962;1:04.764;0:36.280;258.0;Sebastian PRIAULX;;LMGT3;;Proton Competition;Ford;GF;39.962;64.764;36.280;
77;3;52;2:20.812;0;;39.853;0;1:04.958;0;36.001;0;179.1;2:33:54.337;16:34:45.500;0:39.853;1:04.958;0:36.001;257.4;Sebastian PRIAULX;;LMGT3;;Proton Competition;Ford;GF;39.853;64.958;36.001;
77;3;53;2:20.968;0;;39.994;0;1:04.807;0;36.167;0;178.9;2:36:15.305;16:37:06.468;0:39.994;1:04.807;0:36.167;256.8;Sebastian PRIAULX;;LMGT3;;Proton Competition;Ford;GF;39.994;64.807;36.167;
77;3;54;2:20.693;0;;39.706;1;1:05.246;0;35.741;0;179.2;2:38:35.998;16:39:27.161;0:39.706;1:05.246;0:35.741;259.9;Sebastian PRIAULX;;LMGT3;;Proton Competition;Ford;GF;39.706;65.246;35.741;
77;3;55;2:20.946;0;;39.861;0;1:05.173;0;35.912;0;178.9;2:40:56.944;16:41:48.107;0:39.861;1:05.173;0:35.912;256.8;Sebastian PRIAULX;;LMGT3;;Proton Competition;Ford;GF;39.861;65.173;35.912;
77;3;56;2:21.402;0;;40.274;0;1:05.314;0;35.814;0;178.3;2:43:18.346;16:44:09.509;0:40.274;1:05.314;0:35.814;255.6;Sebastian PRIAULX;;LMGT3;;Proton Competition;Ford;GF;40.274;65.314;35.814;
77;3;57;3:17.423;0;;40.028;0;1:12.799;0;1:24.596;0;127.7;2:46:35.769;16:47:26.932;0:40.028;1:12.799;1:24.596;255.6;Sebastian PRIAULX;;LMGT3;;Proton Competition;Ford;FCY;40.028;72.799;84.596;
77;3;58;2:41.905;0;;59.523;0;1:06.468;0;35.914;0;155.7;2:49:17.674;16:50:08.837;0:59.523;1:06.468;0:35.914;258.6;Sebastian PRIAULX;;LMGT3;;Proton Competition;Ford;GF;59.523;66.468;35.914;
77;3;59;2:21.966;0;;39.831;0;1:05.756;0;36.379;0;177.6;2:51:39.640;16:52:30.803;0:39.831;1:05.756;0:36.379;256.2;Sebastian PRIAULX;;LMGT3;;Proton Competition;Ford;GF;39.831;65.756;36.379;
77;3;60;2:21.778;0;;40.191;0;1:05.568;0;36.019;0;177.8;2:54:01.418;16:54:52.581;0:40.191;1:05.568;0:36.019;255.6;Sebastian PRIAULX;;LMGT3;;Proton Competition;Ford;GF;40.191;65.568;36.019;
77;3;61;2:21.462;0;;40.187;0;1:05.229;0;36.046;0;178.2;2:56:22.880;16:57:14.043;0:40.187;1:05.229;0:36.046;256.8;Sebastian PRIAULX;;LMGT3;;Proton Competition;Ford;GF;40.187;65.229;36.046;
77;3;62;2:21.311;0;;39.978;0;1:05.247;0;36.086;0;178.4;2:58:44.191;16:59:35.354;0:39.978;1:05.247;0:36.086;256.2;Sebastian PRIAULX;;LMGT3;;Proton Competition;Ford;GF;39.978;65.247;36.086;
77;3;63;2:21.713;0;;40.037;0;1:05.488;0;36.188;0;177.9;3:01:05.904;17:01:57.067;0:40.037;1:05.488;0:36.188;258.0;Sebastian PRIAULX;;LMGT3;;Proton Competition;Ford;GF;40.037;65.488;36.188;
77;3;64;2:22.938;0;;40.053;0;1:06.178;0;36.707;0;176.4;3:03:28.842;17:04:20.005;0:40.053;1:06.178;0:36.707;258.0;Sebastian PRIAULX;;LMGT3;;Proton Competition;Ford;GF;40.053;66.178;36.707;
77;3;65;2:21.985;0;;40.089;0;1:05.572;0;36.324;0;177.6;3:05:50.827;17:06:41.990;0:40.089;1:05.572;0:36.324;258.6;Sebastian PRIAULX;;LMGT3;;Proton Competition;Ford;GF;40.089;65.572;36.324;
77;3;66;2:22.051;0;;39.973;0;1:05.906;0;36.172;0;177.5;3:08:12.878;17:09:04.041;0:39.973;1:05.906;0:36.172;256.2;Sebastian PRIAULX;;LMGT3;;Proton Competition;Ford;GF;39.973;65.906;36.172;
77;3;67;2:22.618;0;;40.036;0;1:05.985;0;36.597;0;176.8;3:10:35.496;17:11:26.659;0:40.036;1:05.985;0:36.597;258.6;Sebastian PRIAULX;;LMGT3;;Proton Competition;Ford;GF;40.036;65.985;36.597;
77;3;68;2:27.527;0;B;39.975;0;1:05.556;0;41.996;0;170.9;3:13:03.023;17:13:54.186;0:39.975;1:05.556;0:41.996;257.4;Sebastian PRIAULX;;LMGT3;;Proton Competition;Ford;GF;39.975;65.556;41.996;
77;2;69;3:40.947;0;B;1:50.415;0;1:08.342;0;42.190;0;114.1;3:16:43.970;17:17:35.133;1:50.415;1:08.342;0:42.190;246.3;Ben TUCK;0:01:18.698;LMGT3;;Proton Competition;Ford;GF;110.415;68.342;42.190;
77;2;70;2:33.091;0;;52.282;0;1:04.899;0;35.910;0;164.7;3:19:17.061;17:20:08.224;0:52.282;1:04.899;0:35.910;253.8;Ben TUCK;0:00:23.406;LMGT3;;Proton Competition;Ford;GF;52.282;64.899;35.910;
77;2;71;2:20.015;0;;39.725;0;1:04.414;0;35.876;0;180.1;3:21:37.076;17:22:28.239;0:39.725;1:04.414;0:35.876;257.4;Ben TUCK;;LMGT3;;Proton Competition;Ford;GF;39.725;64.414;35.876;
77;2;72;2:19.734;0;;39.799;0;1:04.294;1;35.641;1;180.4;3:23:56.810;17:24:47.973;0:39.799;1:04.294;0:35.641;258.0;Ben TUCK;;LMGT3;;Proton Competition;Ford;GF;39.799;64.294;35.641;
77;2;73;2:22.769;0;;42.549;0;1:04.388;0;35.832;0;176.6;3:26:19.579;17:27:10.742;0:42.549;1:04.388;0:35.832;255.6;Ben TUCK;;LMGT3;;Proton Competition;Ford;GF;42.549;64.388;35.832;
77;2;74;2:20.192;0;;39.749;0;1:04.687;0;35.756;0;179.9;3:28:39.771;17:29:30.934;0:39.749;1:04.687;0:35.756;258.6;Ben TUCK;;LMGT3;;Proton Competition;Ford;GF;39.749;64.687;35.756;
77;2;75;2:20.676;0;;39.771;0;1:04.618;0;36.287;0;179.2;3:31:00.447;17:31:51.610;0:39.771;1:04.618;0:36.287;259.2;Ben TUCK;;LMGT3;;Proton Competition;Ford;GF;39.771;64.618;36.287;
77;2;76;2:20.150;0;;39.694;0;1:04.732;0;35.724;0;179.9;3:33:20.597;17:34:11.760;0:39.694;1:04.732;0:35.724;259.2;Ben TUCK;;LMGT3;;Proton Competition;Ford;GF;39.694;64.732;35.724;
77;2;77;2:20.865;0;;39.769;0;1:05.253;0;35.843;0;179.0;3:35:41.462;17:36:32.625;0:39.769;1:05.253;0:35.843;259.9;Ben TUCK;;LMGT3;;Proton Competition;Ford;GF;39.769;65.253;35.843;
77;2;78;2:20.568;0;;39.964;0;1:04.810;0;35.794;0;179.4;3:38:02.030;17:38:53.193;0:39.964;1:04.810;0:35.794;255.0;Ben TUCK;;LMGT3;;Proton Competition;Ford;GF;39.964;64.810;35.794;
77;2;79;2:21.016;0;;39.741;0;1:05.218;0;36.057;0;178.8;3:40:23.046;17:41:14.209;0:39.741;1:05.218;0:36.057;256.8;Ben TUCK;;LMGT3;;Proton Competition;Ford;GF;39.741;65.218;36.057;
77;2;80;2:20.480;0;;39.742;0;1:04.933;0;35.805;0;179.5;3:42:43.526;17:43:34.689;0:39.742;1:04.933;0:35.805;258.6;Ben TUCK;;LMGT3;;Proton Competition;Ford;GF;39.742;64.933;35.805;
77;2;81;2:21.205;0;;39.665;0;1:04.949;0;36.591;0;178.6;3:45:04.731;17:45:55.894;0:39.665;1:04.949;0:36.591;258.0;Ben TUCK;;LMGT3;;Proton Competition;Ford;GF;39.665;64.949;36.591;
77;2;82;2:20.957;0;;39.848;0;1:05.021;0;36.088;0;178.9;3:47:25.688;17:48:16.851;0:39.848;1:05.021;0:36.088;256.8;Ben TUCK;;LMGT3;;Proton Competition;Ford;GF;39.848;65.021;36.088;
77;2;83;2:23.219;0;;39.917;0;1:07.321;0;35.981;0;176.1;3:49:48.907;17:50:40.070;0:39.917;1:07.321;0:35.981;229.6;Ben TUCK;;LMGT3;;Proton Competition;Ford;GF;39.917;67.321;35.981;
77;2;84;4:03.823;0;;39.875;0;1:59.443;0;1:24.505;0;103.4;3:53:52.730;17:54:43.893;0:39.875;1:59.443;1:24.505;253.2;Ben TUCK;;LMGT3;;Proton Competition;Ford;GF;39.875;119.443;84.505;
77;2;85;5:14.072;0;;1:41.206;0;2:08.196;0;1:24.670;0;80.3;3:59:06.802;17:59:57.965;1:41.206;2:08.196;1:24.670;80.1;Ben TUCK;;LMGT3;;Proton Competition;Ford;GF;101.206;128.196;84.670;
77;2;86;4:03.624;0;;1:41.278;0;1:45.868;0;36.478;0;103.5;4:03:10.426;18:04:01.589;1:41.278;1:45.868;0:36.478;80.1;Ben TUCK;;LMGT3;;Proton Competition;Ford;SF;101.278;105.868;36.478;
77;2;87;2:37.442;0;;45.486;0;1:10.857;0;41.099;0;160.1;4:05:47.868;18:06:39.031;0:45.486;1:10.857;0:41.099;184.9;Ben TUCK;;LMGT3;;Proton Competition;Ford;SF;45.486;70.857;41.099;
77;2;88;3:16.756;0;;1:01.728;0;1:36.739;0;38.289;0;128.1;4:09:04.624;18:09:55.787;1:01.728;1:36.739;0:38.289;68.3;Ben TUCK;;LMGT3;;Proton Competition;Ford;SF;61.728;96.739;38.289;
77;2;89;2:32.759;0;;42.994;0;1:11.455;0;38.310;0;165.1;4:11:37.383;18:12:28.546;0:42.994;1:11.455;0:38.310;159.4;Ben TUCK;;LMGT3;;Proton Competition;Ford;SF;42.994;71.455;38.310;
77;2;90;3:14.680;0;;42.164;0;1:09.625;0;1:22.891;0;129.5;4:14:52.063;18:15:43.226;0:42.164;1:09.625;1:22.891;209.2;Ben TUCK;;LMGT3;;Proton Competition;Ford;SF;42.164;69.625;82.891;
77;2;91;2:59.807;0;;1:02.315;0;1:10.418;0;47.074;0;140.2;4:17:51.870;18:18:43.033;1:02.315;1:10.418;0:47.074;190.4;Ben TUCK;;LMGT3;;Proton Competition;Ford;GF;62.315;70.418;47.074;
77;2;92;2:21.862;0;;40.781;0;1:05.399;0;35.682;0;177.7;4:20:13.732;18:21:04.895;0:40.781;1:05.399;0:35.682;264.3;Ben TUCK;;LMGT3;;Proton Competition;Ford;GF;40.781;65.399;35.682;
77;2;93;2:20.881;0;;39.527;2;1:05.484;0;35.870;0;179.0;4:22:34.613;18:23:25.776;0:39.527;1:05.484;0:35.870;250.3;Ben TUCK;;LMGT3;;Proton Competition;Ford;GF;39.527;65.484;35.870;
77;2;94;2:20.654;0;;39.638;0;1:05.207;0;35.809;0;179.3;4:24:55.267;18:25:46.430;0:39.638;1:05.207;0:35.809;256.2;Ben TUCK;;LMGT3;;Proton Competition;Ford;GF;39.638;65.207;35.809;
77;2;95;2:20.636;0;;39.648;0;1:05.346;0;35.642;0;179.3;4:27:15.903;18:28:07.066;0:39.648;1:05.346;0:35.642;264.9;Ben TUCK;;LMGT3;;Proton Competition;Ford;GF;39.648;65.346;35.642;
77;2;96;2:21.023;0;;39.607;0;1:05.676;0;35.740;0;178.8;4:29:36.926;18:30:28.089;0:39.607;1:05.676;0:35.740;264.9;Ben TUCK;;LMGT3;;Proton Competition;Ford;GF;39.607;65.676;35.740;
77;2;97;2:20.583;0;;39.566;0;1:05.359;0;35.658;0;179.4;4:31:57.509;18:32:48.672;0:39.566;1:05.359;0:35.658;257.4;Ben TUCK;;LMGT3;;Proton Competition;Ford;GF;39.566;65.359;35.658;
77;2;98;2:27.747;0;B;39.561;0;1:05.679;0;42.507;0;170.7;4:34:25.256;18:35:16.419;0:39.561;1:05.679;0:42.507;262.4;Ben TUCK;;LMGT3;;Proton Competition;Ford;GF;39.561;65.679;42.507;
77;3;99;3:36.678;0;;1:53.261;0;1:07.236;0;36.181;0;116.4;4:38:01.934;18:38:53.097;1:53.261;1:07.236;0:36.181;252.0;Sebastian PRIAULX;0:01:21.907;LMGT3;;Proton Competition;Ford;GF;113.261;67.236;36.181;
77;3;100;2:19.463;2;;39.943;0;1:04.033;2;35.487;2;180.8;4:40:21.397;18:41:12.560;0:39.943;1:04.033;0:35.487;259.9;Sebastian PRIAULX;;LMGT3;;Proton Competition;Ford;GF;39.943;64.033;35.487;
77;3;101;2:20.146;0;;39.967;0;1:04.043;0;36.136;0;179.9;4:42:41.543;18:43:32.706;0:39.967;1:04.043;0:36.136;256.2;Sebastian PRIAULX;;LMGT3;;Proton Competition;Ford;GF;39.967;64.043;36.136;
77;3;102;2:20.977;0;;39.894;0;1:04.871;0;36.212;0;178.9;4:45:02.520;18:45:53.683;0:39.894;1:04.871;0:36.212;260.5;Sebastian PRIAULX;;LMGT3;;Proton Competition;Ford;GF;39.894;64.871;36.212;
77;3;103;2:22.094;0;;39.746;0;1:06.326;0;36.022;0;177.4;4:47:24.614;18:48:15.777;0:39.746;1:06.326;0:36.022;261.7;Sebastian PRIAULX;;LMGT3;;Proton Competition;Ford;GF;39.746;66.326;36.022;
77;3;104;2:19.924;0;;39.909;0;1:04.277;0;35.738;0;180.2;4:49:44.538;18:50:35.701;0:39.909;1:04.277;0:35.738;261.1;Sebastian PRIAULX;;LMGT3;;Proton Competition;Ford;GF;39.909;64.277;35.738;
77;3;105;2:20.241;0;;40.114;0;1:04.255;0;35.872;0;179.8;4:52:04.779;18:52:55.942;0:40.114;1:04.255;0:35.872;258.0;Sebastian PRIAULX;;LMGT3;;Proton Competition;Ford;GF;40.114;64.255;35.872;
77;3;106;2:20.142;0;;40.153;0;1:04.228;0;35.761;0;179.9;4:54:24.921;18:55:16.084;0:40.153;1:04.228;0:35.761;258.6;Sebastian PRIAULX;;LMGT3;;Proton Competition;Ford;GF;40.153;64.228;35.761;
77;3;107;2:20.457;0;;40.126;0;1:04.431;0;35.900;0;179.5;4:56:45.378;18:57:36.541;0:40.126;1:04.431;0:35.900;258.6;Sebastian PRIAULX;;LMGT3;;Proton Competition;Ford;GF;40.126;64.431;35.900;
77;3;108;2:20.485;0;;40.013;0;1:04.554;0;35.918;0;179.5;4:59:05.863;18:59:57.026;0:40.013;1:04.554;0:35.918;258.6;Sebastian PRIAULX;;LMGT3;;Proton Competition;Ford;GF;40.013;64.554;35.918;
77;3;109;2:41.223;0;;40.658;0;1:05.294;0;55.271;0;156.4;5:01:47.086;19:02:38.249;0:40.658;1:05.294;0:55.271;257.4;Sebastian PRIAULX;;LMGT3;;Proton Competition;Ford;GF;40.658;65.294;55.271;
77;3;110;5:15.617;0;;1:42.105;0;2:08.376;0;1:25.136;0;79.9;5:07:02.703;19:07:53.866;1:42.105;2:08.376;1:25.136;80.2;Sebastian PRIAULX;;LMGT3;;Proton Competition;Ford;GF;102.105;128.376;85.136;
77;3;111;5:17.331;0;;1:43.428;0;2:08.380;0;1:25.523;0;79.5;5:12:20.034;19:13:11.197;1:43.428;2:08.380;1:25.523;80.1;Sebastian PRIAULX;;LMGT3;;Proton Competition;Ford;GF;103.428;128.380;85.523;
77;3;112;2:46.059;0;;58.629;0;1:08.360;0;39.070;0;151.8;5:15:06.093;19:15:57.256;0:58.629;1:08.360;0:39.070;241.3;Sebastian PRIAULX;;LMGT3;;Proton Competition;Ford;SF;58.629;68.360;39.070;
77;3;113;3:49.754;0;;42.506;0;1:48.438;0;1:18.810;0;109.7;5:18:55.847;19:19:47.010;0:42.506;1:48.438;1:18.810;226.7;Sebastian PRIAULX;;LMGT3;;Proton Competition;Ford;SF;42.506;108.438;78.810;
77;3;114;4:03.232;0;;1:32.525;0;1:29.809;0;1:00.898;0;103.7;5:22:59.079;19:23:50.242;1:32.525;1:29.809;1:00.898;51.7;Sebastian PRIAULX;;LMGT3;;Proton Competition;Ford;SF;92.525;89.809;60.898;
77;3;115;2:50.867;0;;48.849;0;1:15.295;0;46.723;0;147.6;5:25:49.946;19:26:41.109;0:48.849;1:15.295;0:46.723;190.1;Sebastian PRIAULX;;LMGT3;;Proton Competition;Ford;GF;48.849;75.295;46.723;
77;3;116;2:48.133;0;;40.325;0;1:21.878;0;45.930;0;150.0;5:28:38.079;19:29:29.242;0:40.325;1:21.878;0:45.930;162.9;Sebastian PRIAULX;;LMGT3;;Proton Competition;Ford;SF;40.325;81.878;45.930;
77;3;117;4:14.129;0;;1:18.513;0;1:39.544;0;1:16.072;0;99.2;5:32:52.208;19:33:43.371;1:18.513;1:39.544;1:16.072;48.9;Sebastian PRIAULX;;LMGT3;;Proton Competition;Ford;SF;78.513;99.544;76.072;
77;3;118;3:31.407;0;;1:34.976;0;1:12.189;0;44.242;0;119.3;5:36:23.615;19:37:14.778;1:34.976;1:12.189;0:44.242;100.2;Sebastian PRIAULX;;LMGT3;;Proton Competition;Ford;GF;94.976;72.189;44.242;
77;3;119;2:28.675;0;B;41.592;0;1:05.383;0;41.700;0;169.6;5:38:52.290;19:39:43.453;0:41.592;1:05.383;0:41.700;258.0;Sebastian PRIAULX;;LMGT3;;Proton Competition;Ford;GF;41.592;65.383;41.700;
77;2;120;3:05.070;0;;1:23.417;0;1:05.274;0;36.379;0;136.2;5:41:57.360;19:42:48.523;1:23.417;1:05.274;0:36.379;258.0;Ben TUCK;0:00:54.126;LMGT3;;Proton Competition;Ford;GF;83.417;65.274;36.379;
77;2;121;2:20.187;0;;39.862;0;1:04.680;0;35.645;0;179.9;5:44:17.547;19:45:08.710;0:39.862;1:04.680;0:35.645;261.7;Ben TUCK;;LMGT3;;Proton Competition;Ford;GF;39.862;64.680;35.645;
77;2;122;2:22.359;0;;39.738;0;1:06.621;0;36.000;0;177.1;5:46:39.906;19:47:31.069;0:39.738;1:06.621;0:36.000;263.0;Ben TUCK;;LMGT3;;Proton Competition;Ford;GF;39.738;66.621;36.000;
77;2;123;2:21.521;0;;39.816;0;1:05.156;0;36.549;0;178.2;5:49:01.427;19:49:52.590;0:39.816;1:05.156;0:36.549;261.1;Ben TUCK;;LMGT3;;Proton Competition;Ford;GF;39.816;65.156;36.549;
77;2;124;2:21.481;0;;40.598;0;1:05.227;0;35.656;0;178.2;5:51:22.908;19:52:14.071;0:40.598;1:05.227;0:35.656;263.6;Ben TUCK;;LMGT3;;Proton Competition;Ford;GF;40.598;65.227;35.656;
77;2;125;2:27.287;0;B;39.685;0;1:05.210;0;42.392;0;171.2;5:53:50.195;19:54:41.358;0:39.685;1:05.210;0:42.392;262.4;Ben TUCK;;LMGT3;;Proton Competition;Ford;GF;39.685;65.210;42.392;
77;2;126;2:47.155;0;;1:05.691;0;1:05.619;0;35.845;0;150.8;5:56:37.350;19:57:28.513;1:05.691;1:05.619;0:35.845;255.6;Ben TUCK;0:00:35.871;LMGT3;;Proton Competition;Ford;GF;65.691;65.619;35.845;
77;2;127;2:20.973;0;;39.801;0;1:05.357;0;35.815;0;178.9;5:58:58.323;19:59:49.486;0:39.801;1:05.357;0:35.815;261.1;Ben TUCK;;LMGT3;;Proton Competition;Ford;GF;39.801;65.357;35.815;
77;2;128;2:22.382;0;;39.707;0;1:04.944;0;37.731;0;177.1;6:01:20.705;20:02:11.868;0:39.707;1:04.944;0:37.731;261.7;Ben TUCK;;LMGT3;;Proton Competition;Ford;FF;39.707;64.944;37.731;
78;1;1;2:25.618;0;;45.431;0;1:04.019;0;36.168;0;170.1;2:25.618;14:03:16.781;0:45.431;1:04.019;0:36.168;261.7;Tom VAN ROMPUY;;LMGT3;;Akkodis ASP Team;Lexus;GF;45.431;64.019;36.168;
78;1;2;2:20.676;0;;40.673;0;1:03.902;2;36.101;0;179.2;4:46.294;14:05:37.457;0:40.673;1:03.902;0:36.101;258.6;Tom VAN ROMPUY;;LMGT3;;Akkodis ASP Team;Lexus;GF;40.673;63.902;36.101;
78;1;3;2:20.712;0;;40.220;0;1:04.404;0;36.088;1;179.2;7:07.006;14:07:58.169;0:40.220;1:04.404;0:36.088;261.7;Tom VAN ROMPUY;;LMGT3;;Akkodis ASP Team;Lexus;GF;40.220;64.404;36.088;
78;1;4;2:21.895;0;;40.405;0;1:04.785;0;36.705;0;177.7;9:28.901;14:10:20.064;0:40.405;1:04.785;0:36.705;261.1;Tom VAN ROMPUY;;LMGT3;;Akkodis ASP Team;Lexus;GF;40.405;64.785;36.705;
78;1;5;2:23.795;0;;42.401;0;1:05.006;0;36.388;0;175.3;11:52.696;14:12:43.859;0:42.401;1:05.006;0:36.388;253.8;Tom VAN ROMPUY;;LMGT3;;Akkodis ASP Team;Lexus;GF;42.401;65.006;36.388;
78;1;6;2:21.875;0;;40.299;0;1:04.884;0;36.692;0;177.7;14:14.571;14:15:05.734;0:40.299;1:04.884;0:36.692;261.7;Tom VAN ROMPUY;;LMGT3;;Akkodis ASP Team;Lexus;SF;40.299;64.884;36.692;
78;1;7;3:00.928;0;;56.196;0;1:16.430;0;48.302;0;139.4;17:15.499;14:18:06.662;0:56.196;1:16.430;0:48.302;191.1;Tom VAN ROMPUY;;LMGT3;;Akkodis ASP Team;Lexus;SF;56.196;76.430;48.302;
78;1;8;2:47.954;0;;43.481;0;1:13.377;0;51.096;0;150.1;20:03.453;14:20:54.616;0:43.481;1:13.377;0:51.096;245.2;Tom VAN ROMPUY;;LMGT3;;Akkodis ASP Team;Lexus;SF;43.481;73.377;51.096;
78;1;9;3:09.530;0;;1:06.606;0;1:19.288;0;43.636;0;133.0;23:12.983;14:24:04.146;1:06.606;1:19.288;0:43.636;148.0;Tom VAN ROMPUY;;LMGT3;;Akkodis ASP Team;Lexus;SF;66.606;79.288;43.636;
78;1;10;2:53.005;0;;48.446;0;1:16.327;0;48.232;0;145.7;26:05.988;14:26:57.151;0:48.446;1:16.327;0:48.232;252.6;Tom VAN ROMPUY;;LMGT3;;Akkodis ASP Team;Lexus;GF;48.446;76.327;48.232;
78;1;11;2:21.825;0;;40.271;0;1:05.003;0;36.551;0;177.8;28:27.813;14:29:18.976;0:40.271;1:05.003;0:36.551;261.1;Tom VAN ROMPUY;;LMGT3;;Akkodis ASP Team;Lexus;GF;40.271;65.003;36.551;
78;1;12;2:21.764;0;;40.375;0;1:05.140;0;36.249;0;177.9;30:49.577;14:31:40.740;0:40.375;1:05.140;0:36.249;259.9;Tom VAN ROMPUY;;LMGT3;;Akkodis ASP Team;Lexus;GF;40.375;65.140;36.249;
78;1;13;2:21.994;0;;40.400;0;1:05.166;0;36.428;0;177.6;33:11.571;14:34:02.734;0:40.400;1:05.166;0:36.428;260.5;Tom VAN ROMPUY;;LMGT3;;Akkodis ASP Team;Lexus;GF;40.400;65.166;36.428;
78;1;14;2:22.090;0;;40.446;0;1:05.227;0;36.417;0;177.5;35:33.661;14:36:24.824;0:40.446;1:05.227;0:36.417;261.1;Tom VAN ROMPUY;;LMGT3;;Akkodis ASP Team;Lexus;GF;40.446;65.227;36.417;
78;1;15;2:22.039;0;;40.344;0;1:05.156;0;36.539;0;177.5;37:55.700;14:38:46.863;0:40.344;1:05.156;0:36.539;260.5;Tom VAN ROMPUY;;LMGT3;;Akkodis ASP Team;Lexus;GF;40.344;65.156;36.539;
78;1;16;2:22.412;0;;40.450;0;1:05.474;0;36.488;0;177.1;40:18.112;14:41:09.275;0:40.450;1:05.474;0:36.488;259.9;Tom VAN ROMPUY;;LMGT3;;Akkodis ASP Team;Lexus;GF;40.450;65.474;36.488;
78;1;17;2:22.639;0;;40.674;0;1:05.509;0;36.456;0;176.8;42:40.751;14:43:31.914;0:40.674;1:05.509;0:36.456;258.6;Tom VAN ROMPUY;;LMGT3;;Akkodis ASP Team;Lexus;GF;40.674;65.509;36.456;
78;1;18;2:23.863;0;;40.431;0;1:06.517;0;36.915;0;175.3;45:04.614;14:45:55.777;0:40.431;1:06.517;0:36.915;259.2;Tom VAN ROMPUY;;LMGT3;;Akkodis ASP Team;Lexus;GF;40.431;66.517;36.915;
78;1;19;2:23.556;0;;40.888;0;1:06.234;0;36.434;0;175.6;47:28.170;14:48:19.333;0:40.888;1:06.234;0:36.434;263.6;Tom VAN ROMPUY;;LMGT3;;Akkodis ASP Team;Lexus;GF;40.888;66.234;36.434;
78;1;20;2:22.476;0;;40.446;0;1:05.517;0;36.513;0;177.0;49:50.646;14:50:41.809;0:40.446;1:05.517;0:36.513;259.9;Tom VAN ROMPUY;;LMGT3;;Akkodis ASP Team;Lexus;GF;40.446;65.517;36.513;
78;1;21;2:22.850;0;;40.608;0;1:05.800;0;36.442;0;176.5;52:13.496;14:53:04.659;0:40.608;1:05.800;0:36.442;260.5;Tom VAN ROMPUY;;LMGT3;;Akkodis ASP Team;Lexus;GF;40.608;65.800;36.442;
78;1;22;2:23.030;0;;40.653;0;1:06.182;0;36.195;0;176.3;54:36.526;14:55:27.689;0:40.653;1:06.182;0:36.195;263.0;Tom VAN ROMPUY;;LMGT3;;Akkodis ASP Team;Lexus;GF;40.653;66.182;36.195;
78;1;23;2:22.808;0;;40.455;0;1:05.842;0;36.511;0;176.6;56:59.334;14:57:50.497;0:40.455;1:05.842;0:36.511;260.5;Tom VAN ROMPUY;;LMGT3;;Akkodis ASP Team;Lexus;GF;40.455;65.842;36.511;
78;1;24;2:22.766;0;;40.267;0;1:06.166;0;36.333;0;176.6;59:22.100;15:00:13.263;0:40.267;1:06.166;0:36.333;259.9;Tom VAN ROMPUY;;LMGT3;;Akkodis ASP Team;Lexus;GF;40.267;66.166;36.333;
78;1;25;2:22.576;0;;40.371;0;1:05.576;0;36.629;0;176.8;1:01:44.676;15:02:35.839;0:40.371;1:05.576;0:36.629;261.1;Tom VAN ROMPUY;;LMGT3;;Akkodis ASP Team;Lexus;GF;40.371;65.576;36.629;
78;1;26;2:22.350;0;;40.447;0;1:05.632;0;36.271;0;177.1;1:04:07.026;15:04:58.189;0:40.447;1:05.632;0:36.271;261.1;Tom VAN ROMPUY;;LMGT3;;Akkodis ASP Team;Lexus;GF;40.447;65.632;36.271;
78;1;27;2:28.311;0;B;40.519;0;1:05.769;0;42.023;0;170.0;1:06:35.337;15:07:26.500;0:40.519;1:05.769;0:42.023;260.5;Tom VAN ROMPUY;;LMGT3;;Akkodis ASP Team;Lexus;GF;40.519;65.769;42.023;
78;1;28;3:38.537;0;;1:54.115;0;1:07.207;0;37.215;0;115.4;1:10:13.874;15:11:05.037;1:54.115;1:07.207;0:37.215;249.1;Tom VAN ROMPUY;0:01:21.863;LMGT3;;Akkodis ASP Team;Lexus;GF;114.115;67.207;37.215;
78;1;29;2:24.061;0;;41.608;0;1:05.882;0;36.571;0;175.0;1:12:37.935;15:13:29.098;0:41.608;1:05.882;0:36.571;255.0;Tom VAN ROMPUY;;LMGT3;;Akkodis ASP Team;Lexus;GF;41.608;65.882;36.571;
78;1;30;2:21.690;0;;40.814;0;1:04.670;0;36.206;0;178.0;1:14:59.625;15:15:50.788;0:40.814;1:04.670;0:36.206;258.6;Tom VAN ROMPUY;;LMGT3;;Akkodis ASP Team;Lexus;GF;40.814;64.670;36.206;
78;1;31;2:21.984;0;;40.802;0;1:04.930;0;36.252;0;177.6;1:17:21.609;15:18:12.772;0:40.802;1:04.930;0:36.252;257.4;Tom VAN ROMPUY;;LMGT3;;Akkodis ASP Team;Lexus;GF;40.802;64.930;36.252;
78;1;32;2:22.389;0;;40.402;0;1:05.106;0;36.881;0;177.1;1:19:43.998;15:20:35.161;0:40.402;1:05.106;0:36.881;260.5;Tom VAN ROMPUY;;LMGT3;;Akkodis ASP Team;Lexus;GF;40.402;65.106;36.881;
78;1;33;2:22.856;0;;40.528;0;1:05.748;0;36.580;0;176.5;1:22:06.854;15:22:58.017;0:40.528;1:05.748;0:36.580;262.4;Tom VAN ROMPUY;;LMGT3;;Akkodis ASP Team;Lexus;GF;40.528;65.748;36.580;
78;1;34;2:21.546;0;;40.271;0;1:04.885;0;36.390;0;178.1;1:24:28.400;15:25:19.563;0:40.271;1:04.885;0:36.390;264.9;Tom VAN ROMPUY;;LMGT3;;Akkodis ASP Team;Lexus;GF;40.271;64.885;36.390;
78;1;35;2:21.648;0;;40.295;0;1:05.090;0;36.263;0;178.0;1:26:50.048;15:27:41.211;0:40.295;1:05.090;0:36.263;263.0;Tom VAN ROMPUY;;LMGT3;;Akkodis ASP Team;Lexus;GF;40.295;65.090;36.263;
78;1;36;2:22.329;0;;40.225;0;1:05.329;0;36.775;0;177.2;1:29:12.377;15:30:03.540;0:40.225;1:05.329;0:36.775;261.7;Tom VAN ROMPUY;;LMGT3;;Akkodis ASP Team;Lexus;GF;40.225;65.329;36.775;
78;1;37;2:21.845;0;;40.403;0;1:05.352;0;36.090;0;177.8;1:31:34.222;15:32:25.385;0:40.403;1:05.352;0:36.090;261.1;Tom VAN ROMPUY;;LMGT3;;Akkodis ASP Team;Lexus;GF;40.403;65.352;36.090;
78;1;38;2:22.298;0;;40.345;0;1:05.393;0;36.560;0;177.2;1:33:56.520;15:34:47.683;0:40.345;1:05.393;0:36.560;260.5;Tom VAN ROMPUY;;LMGT3;;Akkodis ASP Team;Lexus;GF;40.345;65.393;36.560;
78;1;39;2:22.326;0;;40.627;0;1:05.460;0;36.239;0;177.2;1:36:18.846;15:37:10.009;0:40.627;1:05.460;0:36.239;261.1;Tom VAN ROMPUY;;LMGT3;;Akkodis ASP Team;Lexus;GF;40.627;65.460;36.239;
78;1;40;2:22.237;0;;40.433;0;1:05.502;0;36.302;0;177.3;1:38:41.083;15:39:32.246;0:40.433;1:05.502;0:36.302;261.7;Tom VAN ROMPUY;;LMGT3;;Akkodis ASP Team;Lexus;GF;40.433;65.502;36.302;
78;1;41;2:24.166;0;;40.198;1;1:07.213;0;36.755;0;174.9;1:41:05.249;15:41:56.412;0:40.198;1:07.213;0:36.755;264.9;Tom VAN ROMPUY;;LMGT3;;Akkodis ASP Team;Lexus;GF;40.198;67.213;36.755;
78;1;42;2:23.926;0;;40.546;0;1:06.530;0;36.850;0;175.2;1:43:29.175;15:44:20.338;0:40.546;1:06.530;0:36.850;263.0;Tom VAN ROMPUY;;LMGT3;;Akkodis ASP Team;Lexus;GF;40.546;66.530;36.850;
78;1;43;2:23.150;0;;40.801;0;1:05.572;0;36.777;0;176.1;1:45:52.325;15:46:43.488;0:40.801;1:05.572;0:36.777;260.5;Tom VAN ROMPUY;;LMGT3;;Akkodis ASP Team;Lexus;GF;40.801;65.572;36.777;
78;1;44;2:29.289;0;B;40.478;0;1:06.351;0;42.460;0;168.9;1:48:21.614;15:49:12.777;0:40.478;1:06.351;0:42.460;260.5;Tom VAN ROMPUY;;LMGT3;;Akkodis ASP Team;Lexus;GF;40.478;66.351;42.460;
78;2;45;3:29.922;0;B;1:40.029;0;1:07.132;0;42.761;0;120.1;1:51:51.536;15:52:42.699;1:40.029;1:07.132;0:42.761;253.8;Hadrien DAVID;0:01:07.918;LMGT3;;Akkodis ASP Team;Lexus;GF;100.029;67.132;42.761;
78;2;46;2:34.503;0;;52.491;0;1:06.022;0;35.990;0;163.2;1:54:26.039;15:55:17.202;0:52.491;1:06.022;0:35.990;257.4;Hadrien DAVID;0:00:23.272;LMGT3;;Akkodis ASP Team;Lexus;GF;52.491;66.022;35.990;
78;2;47;2:22.657;0;;40.268;0;1:06.381;0;36.008;0;176.7;1:56:48.696;15:57:39.859;0:40.268;1:06.381;0:36.008;237.1;Hadrien DAVID;;LMGT3;;Akkodis ASP Team;Lexus;GF;40.268;66.381;36.008;
78;2;48;2:20.189;0;;40.018;0;1:04.478;0;35.693;0;179.9;1:59:08.885;16:00:00.048;0:40.018;1:04.478;0:35.693;261.1;Hadrien DAVID;;LMGT3;;Akkodis ASP Team;Lexus;GF;40.018;64.478;35.693;
78;2;49;2:21.208;0;;40.079;0;1:04.607;0;36.522;0;178.6;2:01:30.093;16:02:21.256;0:40.079;1:04.607;0:36.522;260.5;Hadrien DAVID;;LMGT3;;Akkodis ASP Team;Lexus;GF;40.079;64.607;36.522;
78;2;50;2:20.998;0;;40.133;0;1:05.170;0;35.695;0;178.8;2:03:51.091;16:04:42.254;0:40.133;1:05.170;0:35.695;262.4;Hadrien DAVID;;LMGT3;;Akkodis ASP Team;Lexus;GF;40.133;65.170;35.695;
78;2;51;2:20.521;0;;39.949;0;1:04.824;0;35.748;0;179.4;2:06:11.612;16:07:02.775;0:39.949;1:04.824;0:35.748;262.4;Hadrien DAVID;;LMGT3;;Akkodis ASP Team;Lexus;GF;39.949;64.824;35.748;
78;2;52;2:20.471;0;;39.710;0;1:05.012;0;35.749;0;179.5;2:08:32.083;16:09:23.246;0:39.710;1:05.012;0:35.749;258.6;Hadrien DAVID;;LMGT3;;Akkodis ASP Team;Lexus;GF;39.710;65.012;35.749;
78;2;53;2:20.773;0;;39.858;0;1:05.054;0;35.861;0;179.1;2:10:52.856;16:11:44.019;0:39.858;1:05.054;0:35.861;262.4;Hadrien DAVID;;LMGT3;;Akkodis ASP Team;Lexus;GF;39.858;65.054;35.861;
78;2;54;2:20.979;0;;40.037;0;1:05.118;0;35.824;0;178.9;2:13:13.835;16:14:04.998;0:40.037;1:05.118;0:35.824;262.4;Hadrien DAVID;;LMGT3;;Akkodis ASP Team;Lexus;GF;40.037;65.118;35.824;
78;2;55;2:20.783;0;;39.785;0;1:05.021;0;35.977;0;179.1;2:15:34.618;16:16:25.781;0:39.785;1:05.021;0:35.977;263.0;Hadrien DAVID;;LMGT3;;Akkodis ASP Team;Lexus;GF;39.785;65.021;35.977;
78;2;56;2:21.445;0;;40.031;0;1:05.384;0;36.030;0;178.3;2:17:56.063;16:18:47.226;0:40.031;1:05.384;0:36.030;261.1;Hadrien DAVID;;LMGT3;;Akkodis ASP Team;Lexus;GF;40.031;65.384;36.030;
78;2;57;2:20.834;0;;39.759;0;1:05.257;0;35.818;0;179.0;2:20:16.897;16:21:08.060;0:39.759;1:05.257;0:35.818;258.6;Hadrien DAVID;;LMGT3;;Akkodis ASP Team;Lexus;GF;39.759;65.257;35.818;
78;2;58;2:23.423;0;;39.968;0;1:06.784;0;36.671;0;175.8;2:22:40.320;16:23:31.483;0:39.968;1:06.784;0:36.671;259.2;Hadrien DAVID;;LMGT3;;Akkodis ASP Team;Lexus;GF;39.968;66.784;36.671;
78;2;59;2:22.394;0;;40.067;0;1:06.236;0;36.091;0;177.1;2:25:02.714;16:25:53.877;0:40.067;1:06.236;0:36.091;253.2;Hadrien DAVID;;LMGT3;;Akkodis ASP Team;Lexus;GF;40.067;66.236;36.091;
78;2;60;2:21.695;0;;40.103;0;1:05.542;0;36.050;0;177.9;2:27:24.409;16:28:15.572;0:40.103;1:05.542;0:36.050;261.1;Hadrien DAVID;;LMGT3;;Akkodis ASP Team;Lexus;GF;40.103;65.542;36.050;
78;2;61;2:21.788;0;;39.838;0;1:05.642;0;36.308;0;177.8;2:29:46.197;16:30:37.360;0:39.838;1:05.642;0:36.308;258.0;Hadrien DAVID;;LMGT3;;Akkodis ASP Team;Lexus;GF;39.838;65.642;36.308;
78;2;62;2:21.847;0;;39.932;0;1:05.705;0;36.210;0;177.8;2:32:08.044;16:32:59.207;0:39.932;1:05.705;0:36.210;258.0;Hadrien DAVID;;LMGT3;;Akkodis ASP Team;Lexus;GF;39.932;65.705;36.210;
78;2;63;2:22.654;0;;40.335;0;1:06.123;0;36.196;0;176.8;2:34:30.698;16:35:21.861;0:40.335;1:06.123;0:36.196;266.2;Hadrien DAVID;;LMGT3;;Akkodis ASP Team;Lexus;GF;40.335;66.123;36.196;
78;2;64;2:23.694;0;;41.048;0;1:06.497;0;36.149;0;175.5;2:36:54.392;16:37:45.555;0:41.048;1:06.497;0:36.149;260.5;Hadrien DAVID;;LMGT3;;Akkodis ASP Team;Lexus;GF;41.048;66.497;36.149;
78;2;65;2:23.567;0;;40.771;0;1:06.517;0;36.279;0;175.6;2:39:17.959;16:40:09.122;0:40.771;1:06.517;0:36.279;263.6;Hadrien DAVID;;LMGT3;;Akkodis ASP Team;Lexus;GF;40.771;66.517;36.279;
78;2;66;2:23.838;0;;40.395;0;1:06.464;0;36.979;0;175.3;2:41:41.797;16:42:32.960;0:40.395;1:06.464;0:36.979;255.0;Hadrien DAVID;;LMGT3;;Akkodis ASP Team;Lexus;GF;40.395;66.464;36.979;
78;2;67;2:23.329;0;;40.213;0;1:06.455;0;36.661;0;175.9;2:44:05.126;16:44:56.289;0:40.213;1:06.455;0:36.661;256.2;Hadrien DAVID;;LMGT3;;Akkodis ASP Team;Lexus;GF;40.213;66.455;36.661;
78;2;68;3:34.842;0;;40.058;0;1:59.513;0;55.271;0;117.4;2:47:39.968;16:48:31.131;0:40.058;1:59.513;0:55.271;263.6;Hadrien DAVID;;LMGT3;;Akkodis ASP Team;Lexus;GF;40.058;119.513;55.271;
78;2;69;2:22.532;0;;40.397;0;1:05.949;0;36.186;0;176.9;2:50:02.500;16:50:53.663;0:40.397;1:05.949;0:36.186;261.7;Hadrien DAVID;;LMGT3;;Akkodis ASP Team;Lexus;GF;40.397;65.949;36.186;
78;2;70;2:22.347;0;;39.798;0;1:06.217;0;36.332;0;177.1;2:52:24.847;16:53:16.010;0:39.798;1:06.217;0:36.332;263.6;Hadrien DAVID;;LMGT3;;Akkodis ASP Team;Lexus;GF;39.798;66.217;36.332;
78;2;71;2:29.149;0;B;39.971;0;1:06.624;0;42.554;0;169.1;2:54:53.996;16:55:45.159;0:39.971;1:06.624;0:42.554;265.6;Hadrien DAVID;;LMGT3;;Akkodis ASP Team;Lexus;GF;39.971;66.624;42.554;
78;2;72;3:37.791;0;;1:54.564;0;1:06.805;0;36.422;0;115.8;2:58:31.787;16:59:22.950;1:54.564;1:06.805;0:36.422;255.0;Hadrien DAVID;0:01:23.326;LMGT3;;Akkodis ASP Team;Lexus;GF;114.564;66.805;36.422;
78;2;73;2:21.722;0;;40.610;0;1:04.762;0;36.350;0;177.9;3:00:53.509;17:01:44.672;0:40.610;1:04.762;0:36.350;258.6;Hadrien DAVID;;LMGT3;;Akkodis ASP Team;Lexus;GF;40.610;64.762;36.350;
78;2;74;2:20.400;0;;39.942;0;1:04.371;0;36.087;0;179.6;3:03:13.909;17:04:05.072;0:39.942;1:04.371;0:36.087;263.6;Hadrien DAVID;;LMGT3;;Akkodis ASP Team;Lexus;GF;39.942;64.371;36.087;
78;2;75;2:21.000;0;;40.233;0;1:04.684;0;36.083;0;178.8;3:05:34.909;17:06:26.072;0:40.233;1:04.684;0:36.083;258.6;Hadrien DAVID;;LMGT3;;Akkodis ASP Team;Lexus;GF;40.233;64.684;36.083;
78;2;76;2:20.667;0;;39.781;0;1:04.436;0;36.450;0;179.2;3:07:55.576;17:08:46.739;0:39.781;1:04.436;0:36.450;259.9;Hadrien DAVID;;LMGT3;;Akkodis ASP Team;Lexus;GF;39.781;64.436;36.450;
78;2;77;2:19.906;0;;39.824;0;1:04.346;1;35.736;0;180.2;3:10:15.482;17:11:06.645;0:39.824;1:04.346;0:35.736;256.8;Hadrien DAVID;;LMGT3;;Akkodis ASP Team;Lexus;GF;39.824;64.346;35.736;
78;2;78;2:19.705;0;;39.715;0;1:04.403;0;35.587;1;180.5;3:12:35.187;17:13:26.350;0:39.715;1:04.403;0:35.587;262.4;Hadrien DAVID;;LMGT3;;Akkodis ASP Team;Lexus;GF;39.715;64.403;35.587;
78;2;79;2:20.641;0;;40.084;0;1:04.859;0;35.698;0;179.3;3:14:55.828;17:15:46.991;0:40.084;1:04.859;0:35.698;261.1;Hadrien DAVID;;LMGT3;;Akkodis ASP Team;Lexus;GF;40.084;64.859;35.698;
78;2;80;2:19.813;0;;39.643;1;1:04.416;0;35.754;0;180.3;3:17:15.641;17:18:06.804;0:39.643;1:04.416;0:35.754;263.0;Hadrien DAVID;;LMGT3;;Akkodis ASP Team;Lexus;GF;39.643;64.416;35.754;
78;2;81;2:20.291;0;;39.701;0;1:04.847;0;35.743;0;179.7;3:19:35.932;17:20:27.095;0:39.701;1:04.847;0:35.743;263.0;Hadrien DAVID;;LMGT3;;Akkodis ASP Team;Lexus;GF;39.701;64.847;35.743;
78;2;82;2:20.610;0;;39.798;0;1:04.879;0;35.933;0;179.3;3:21:56.542;17:22:47.705;0:39.798;1:04.879;0:35.933;263.0;Hadrien DAVID;;LMGT3;;Akkodis ASP Team;Lexus;GF;39.798;64.879;35.933;
78;2;83;2:20.979;0;;39.819;0;1:05.223;0;35.937;0;178.9;3:24:17.521;17:25:08.684;0:39.819;1:05.223;0:35.937;263.0;Hadrien DAVID;;LMGT3;;Akkodis ASP Team;Lexus;GF;39.819;65.223;35.937;
78;2;84;2:20.701;0;;39.811;0;1:04.861;0;36.029;0;179.2;3:26:38.222;17:27:29.385;0:39.811;1:04.861;0:36.029;264.3;Hadrien DAVID;;LMGT3;;Akkodis ASP Team;Lexus;GF;39.811;64.861;36.029;
78;2;85;2:21.688;0;;39.896;0;1:05.881;0;35.911;0;178.0;3:28:59.910;17:29:51.073;0:39.896;1:05.881;0:35.911;264.3;Hadrien DAVID;;LMGT3;;Akkodis ASP Team;Lexus;GF;39.896;65.881;35.911;
78;2;86;2:20.647;0;;39.758;0;1:05.039;0;35.850;0;179.3;3:31:20.557;17:32:11.720;0:39.758;1:05.039;0:35.850;264.9;Hadrien DAVID;;LMGT3;;Akkodis ASP Team;Lexus;GF;39.758;65.039;35.850;
78;2;87;2:20.505;0;;39.852;0;1:04.883;0;35.770;0;179.5;3:33:41.062;17:34:32.225;0:39.852;1:04.883;0:35.770;264.3;Hadrien DAVID;;LMGT3;;Akkodis ASP Team;Lexus;GF;39.852;64.883;35.770;
78;2;88;2:20.718;0;;39.872;0;1:05.036;0;35.810;0;179.2;3:36:01.780;17:36:52.943;0:39.872;1:05.036;0:35.810;262.4;Hadrien DAVID;;LMGT3;;Akkodis ASP Team;Lexus;GF;39.872;65.036;35.810;
78;2;89;2:21.084;0;;39.801;0;1:05.458;0;35.825;0;178.7;3:38:22.864;17:39:14.027;0:39.801;1:05.458;0:35.825;265.6;Hadrien DAVID;;LMGT3;;Akkodis ASP Team;Lexus;GF;39.801;65.458;35.825;
78;2;90;2:20.764;0;;39.732;0;1:04.981;0;36.051;0;179.1;3:40:43.628;17:41:34.791;0:39.732;1:04.981;0:36.051;263.6;Hadrien DAVID;;LMGT3;;Akkodis ASP Team;Lexus;GF;39.732;64.981;36.051;
78;2;91;2:21.407;0;;40.328;0;1:05.076;0;36.003;0;178.3;3:43:05.035;17:43:56.198;0:40.328;1:05.076;0:36.003;261.7;Hadrien DAVID;;LMGT3;;Akkodis ASP Team;Lexus;GF;40.328;65.076;36.003;
78;2;92;2:21.536;0;;39.663;0;1:06.082;0;35.791;0;178.1;3:45:26.571;17:46:17.734;0:39.663;1:06.082;0:35.791;265.6;Hadrien DAVID;;LMGT3;;Akkodis ASP Team;Lexus;GF;39.663;66.082;35.791;
78;2;93;2:20.869;0;;39.901;0;1:05.014;0;35.954;0;179.0;3:47:47.440;17:48:38.603;0:39.901;1:05.014;0:35.954;264.3;Hadrien DAVID;;LMGT3;;Akkodis ASP Team;Lexus;GF;39.901;65.014;35.954;
78;2;94;2:21.833;0;;39.815;0;1:05.833;0;36.185;0;177.8;3:50:09.273;17:51:00.436;0:39.815;1:05.833;0:36.185;263.6;Hadrien DAVID;;LMGT3;;Akkodis ASP Team;Lexus;GF;39.815;65.833;36.185;
78;2;95;4:36.398;0;B;59.198;0;2:08.045;0;1:29.155;0;91.2;3:54:45.671;17:55:36.834;0:59.198;2:08.045;1:29.155;79.9;Hadrien DAVID;;LMGT3;;Akkodis ASP Team;Lexus;GF;59.198;128.045;89.155;
78;3;96;6:13.497;0;;2:37.907;0;2:09.066;0;1:26.524;0;67.5;4:00:59.168;18:01:50.331;2:37.907;2:09.066;1:26.524;79.3;Esteban MASSON;0:01:16.939;LMGT3;;Akkodis ASP Team;Lexus;GF;157.907;129.066;86.524;
78;3;97;3:58.455;0;;1:28.817;0;1:33.332;0;56.306;0;105.7;4:04:57.623;18:05:48.786;1:28.817;1:33.332;0:56.306;199.6;Esteban MASSON;;LMGT3;;Akkodis ASP Team;Lexus;SF;88.817;93.332;56.306;
78;3;98;3:48.476;0;;1:17.705;0;1:54.057;0;36.714;0;110.4;4:08:46.099;18:09:37.262;1:17.705;1:54.057;0:36.714;88.3;Esteban MASSON;;LMGT3;;Akkodis ASP Team;Lexus;SF;77.705;114.057;36.714;
78;3;99;2:27.037;0;;41.242;0;1:09.145;0;36.650;0;171.5;4:11:13.136;18:12:04.299;0:41.242;1:09.145;0:36.650;249.1;Esteban MASSON;;LMGT3;;Akkodis ASP Team;Lexus;SF;41.242;69.145;36.650;
78;3;100;3:24.243;0;;40.542;0;1:23.649;0;1:20.052;0;123.5;4:14:37.379;18:15:28.542;0:40.542;1:23.649;1:20.052;256.2;Esteban MASSON;;LMGT3;;Akkodis ASP Team;Lexus;SF;40.542;83.649;80.052;
78;3;101;3:08.821;0;;1:03.353;0;1:12.001;0;53.467;0;133.5;4:17:46.200;18:18:37.363;1:03.353;1:12.001;0:53.467;193.2;Esteban MASSON;;LMGT3;;Akkodis ASP Team;Lexus;GF;63.353;72.001;53.467;
78;3;102;2:19.232;2;;39.759;0;1:03.987;1;35.486;2;181.1;4:20:05.432;18:20:56.595;0:39.759;1:03.987;0:35.486;264.3;Esteban MASSON;;LMGT3;;Akkodis ASP Team;Lexus;GF;39.759;63.987;35.486;
78;3;103;2:19.537;0;;39.627;0;1:04.259;0;35.651;0;180.7;4:22:24.969;18:23:16.132;0:39.627;1:04.259;0:35.651;264.3;Esteban MASSON;;LMGT3;;Akkodis ASP Team;Lexus;GF;39.627;64.259;35.651;
78;3;104;2:19.709;0;;39.742;0;1:04.364;0;35.603;0;180.5;4:24:44.678;18:25:35.841;0:39.742;1:04.364;0:35.603;263.0;Esteban MASSON;;LMGT3;;Akkodis ASP Team;Lexus;GF;39.742;64.364;35.603;
78;3;105;2:19.628;0;;39.572;0;1:04.349;0;35.707;0;180.6;4:27:04.306;18:27:55.469;0:39.572;1:04.349;0:35.707;264.3;Esteban MASSON;;LMGT3;;Akkodis ASP Team;Lexus;GF;39.572;64.349;35.707;
78;3;106;2:19.628;0;;39.552;0;1:04.355;0;35.721;0;180.6;4:29:23.934;18:30:15.097;0:39.552;1:04.355;0:35.721;264.3;Esteban MASSON;;LMGT3;;Akkodis ASP Team;Lexus;GF;39.552;64.355;35.721;
78;3;107;2:19.623;0;;39.503;0;1:04.454;0;35.666;0;180.6;4:31:43.557;18:32:34.720;0:39.503;1:04.454;0:35.666;264.3;Esteban MASSON;;LMGT3;;Akkodis ASP Team;Lexus;GF;39.503;64.454;35.666;
78;3;108;2:19.700;0;;39.491;0;1:04.571;0;35.638;0;180.5;4:34:03.257;18:34:54.420;0:39.491;1:04.571;0:35.638;265.6;Esteban MASSON;;LMGT3;;Akkodis ASP Team;Lexus;GF;39.491;64.571;35.638;
78;3;109;2:20.568;0;;39.505;0;1:04.764;0;36.299;0;179.4;4:36:23.825;18:37:14.988;0:39.505;1:04.764;0:36.299;264.9;Esteban MASSON;;LMGT3;;Akkodis ASP Team;Lexus;GF;39.505;64.764;36.299;
78;3;110;2:22.325;0;;40.917;0;1:05.631;0;35.777;0;177.2;4:38:46.150;18:39:37.313;0:40.917;1:05.631;0:35.777;263.0;Esteban MASSON;;LMGT3;;Akkodis ASP Team;Lexus;GF;40.917;65.631;35.777;
78;3;111;2:21.266;0;;39.764;0;1:05.344;0;36.158;0;178.5;4:41:07.416;18:41:58.579;0:39.764;1:05.344;0:36.158;267.6;Esteban MASSON;;LMGT3;;Akkodis ASP Team;Lexus;GF;39.764;65.344;36.158;
78;3;112;2:20.481;0;;39.360;2;1:05.052;0;36.069;0;179.5;4:43:27.897;18:44:19.060;0:39.360;1:05.052;0:36.069;266.2;Esteban MASSON;;LMGT3;;Akkodis ASP Team;Lexus;GF;39.360;65.052;36.069;
78;3;113;2:20.385;0;;39.455;0;1:05.075;0;35.855;0;179.6;4:45:48.282;18:46:39.445;0:39.455;1:05.075;0:35.855;265.6;Esteban MASSON;;LMGT3;;Akkodis ASP Team;Lexus;GF;39.455;65.075;35.855;
78;3;114;2:20.489;0;;39.577;0;1:05.054;0;35.858;0;179.5;4:48:08.771;18:48:59.934;0:39.577;1:05.054;0:35.858;264.3;Esteban MASSON;;LMGT3;;Akkodis ASP Team;Lexus;GF;39.577;65.054;35.858;
78;3;115;2:20.273;0;;39.475;0;1:05.136;0;35.662;0;179.8;4:50:29.044;18:51:20.207;0:39.475;1:05.136;0:35.662;264.9;Esteban MASSON;;LMGT3;;Akkodis ASP Team;Lexus;GF;39.475;65.136;35.662;
78;3;116;2:20.048;0;;39.544;0;1:04.766;0;35.738;0;180.0;4:52:49.092;18:53:40.255;0:39.544;1:04.766;0:35.738;264.9;Esteban MASSON;;LMGT3;;Akkodis ASP Team;Lexus;GF;39.544;64.766;35.738;
78;3;117;2:20.838;0;;39.545;0;1:05.279;0;36.014;0;179.0;4:55:09.930;18:56:01.093;0:39.545;1:05.279;0:36.014;264.3;Esteban MASSON;;LMGT3;;Akkodis ASP Team;Lexus;GF;39.545;65.279;36.014;
78;3;118;2:21.086;0;;39.780;0;1:05.433;0;35.873;0;178.7;4:57:31.016;18:58:22.179;0:39.780;1:05.433;0:35.873;264.3;Esteban MASSON;;LMGT3;;Akkodis ASP Team;Lexus;GF;39.780;65.433;35.873;
79;1;1;2:35.038;0;;50.265;0;1:08.141;0;36.632;0;159.8;2:35.038;14:03:26.201;0:50.265;1:08.141;0:36.632;261.7;Johannes ZELGER;;LMGT3;;Iron Lynx;Mercedes;GF;50.265;68.141;36.632;
79;1;2;2:22.435;0;;40.513;0;1:05.652;0;36.270;0;177.0;4:57.473;14:05:48.636;0:40.513;1:05.652;0:36.270;262.4;Johannes ZELGER;;LMGT3;;Iron Lynx;Mercedes;GF;40.513;65.652;36.270;
79;1;3;2:21.995;0;;40.477;0;1:05.365;0;36.153;1;177.6;7:19.468;14:08:10.631;0:40.477;1:05.365;0:36.153;264.3;Johannes ZELGER;;LMGT3;;Iron Lynx;Mercedes;GF;40.477;65.365;36.153;
79;1;4;2:22.050;0;;40.431;1;1:05.354;0;36.265;0;177.5;9:41.518;14:10:32.681;0:40.431;1:05.354;0:36.265;261.7;Johannes ZELGER;;LMGT3;;Iron Lynx;Mercedes;GF;40.431;65.354;36.265;
79;1;5;2:21.773;0;;40.438;0;1:05.148;1;36.187;0;177.8;12:03.291;14:12:54.454;0:40.438;1:05.148;0:36.187;261.1;Johannes ZELGER;;LMGT3;;Iron Lynx;Mercedes;GF;40.438;65.148;36.187;
79;1;6;2:27.612;0;;40.501;0;1:05.913;0;41.198;0;170.8;14:30.903;14:15:22.066;0:40.501;1:05.913;0:41.198;258.6;Johannes ZELGER;;LMGT3;;Iron Lynx;Mercedes;SF;40.501;65.913;41.198;
79;1;7;3:02.713;0;;57.018;0;1:19.750;0;45.945;0;138.0;17:33.616;14:18:24.779;0:57.018;1:19.750;0:45.945;205.2;Johannes ZELGER;;LMGT3;;Iron Lynx;Mercedes;SF;57.018;79.750;45.945;
79;1;8;2:45.627;0;;47.852;0;1:11.951;0;45.824;0;152.2;20:19.243;14:21:10.406;0:47.852;1:11.951;0:45.824;183.0;Johannes ZELGER;;LMGT3;;Iron Lynx;Mercedes;SF;47.852;71.951;45.824;
79;1;9;3:09.489;0;;1:04.768;0;1:19.136;0;45.585;0;133.1;23:28.732;14:24:19.895;1:04.768;1:19.136;0:45.585;195.2;Johannes ZELGER;;LMGT3;;Iron Lynx;Mercedes;SF;64.768;79.136;45.585;
79;1;10;2:44.201;0;;47.075;0;1:13.843;0;43.283;0;153.6;26:12.933;14:27:04.096;0:47.075;1:13.843;0:43.283;191.8;Johannes ZELGER;;LMGT3;;Iron Lynx;Mercedes;GF;47.075;73.843;43.283;
79;1;11;2:25.158;0;;41.147;0;1:07.052;0;36.959;0;173.7;28:38.091;14:29:29.254;0:41.147;1:07.052;0:36.959;261.1;Johannes ZELGER;;LMGT3;;Iron Lynx;Mercedes;GF;41.147;67.052;36.959;
79;1;12;2:22.920;0;;40.628;0;1:06.063;0;36.229;0;176.4;31:01.011;14:31:52.174;0:40.628;1:06.063;0:36.229;263.6;Johannes ZELGER;;LMGT3;;Iron Lynx;Mercedes;GF;40.628;66.063;36.229;
79;1;13;2:22.886;0;;40.693;0;1:05.847;0;36.346;0;176.5;33:23.897;14:34:15.060;0:40.693;1:05.847;0:36.346;259.2;Johannes ZELGER;;LMGT3;;Iron Lynx;Mercedes;GF;40.693;65.847;36.346;
79;1;14;2:25.121;0;;40.451;0;1:06.568;0;38.102;0;173.7;35:49.018;14:36:40.181;0:40.451;1:06.568;0:38.102;263.6;Johannes ZELGER;;LMGT3;;Iron Lynx;Mercedes;GF;40.451;66.568;38.102;
79;1;15;2:24.729;0;;41.423;0;1:06.303;0;37.003;0;174.2;38:13.747;14:39:04.910;0:41.423;1:06.303;0:37.003;262.4;Johannes ZELGER;;LMGT3;;Iron Lynx;Mercedes;GF;41.423;66.303;37.003;
79;1;16;2:25.982;0;;40.993;0;1:06.411;0;38.578;0;172.7;40:39.729;14:41:30.892;0:40.993;1:06.411;0:38.578;256.8;Johannes ZELGER;;LMGT3;;Iron Lynx;Mercedes;GF;40.993;66.411;38.578;
79;1;17;2:29.962;0;;43.350;0;1:08.703;0;37.909;0;168.1;43:09.691;14:44:00.854;0:43.350;1:08.703;0:37.909;256.2;Johannes ZELGER;;LMGT3;;Iron Lynx;Mercedes;GF;43.350;68.703;37.909;
79;1;18;2:23.536;0;;40.740;0;1:06.131;0;36.665;0;175.7;45:33.227;14:46:24.390;0:40.740;1:06.131;0:36.665;260.5;Johannes ZELGER;;LMGT3;;Iron Lynx;Mercedes;GF;40.740;66.131;36.665;
79;1;19;2:23.895;0;;40.421;0;1:06.490;0;36.984;0;175.2;47:57.122;14:48:48.285;0:40.421;1:06.490;0:36.984;259.2;Johannes ZELGER;;LMGT3;;Iron Lynx;Mercedes;GF;40.421;66.490;36.984;
79;1;20;2:24.187;0;;41.085;0;1:06.570;0;36.532;0;174.9;50:21.309;14:51:12.472;0:41.085;1:06.570;0:36.532;257.4;Johannes ZELGER;;LMGT3;;Iron Lynx;Mercedes;GF;41.085;66.570;36.532;
79;1;21;2:24.410;0;;40.906;0;1:06.708;0;36.796;0;174.6;52:45.719;14:53:36.882;0:40.906;1:06.708;0:36.796;258.6;Johannes ZELGER;;LMGT3;;Iron Lynx;Mercedes;GF;40.906;66.708;36.796;
79;1;22;2:24.773;0;;40.666;0;1:07.322;0;36.785;0;174.2;55:10.492;14:56:01.655;0:40.666;1:07.322;0:36.785;261.1;Johannes ZELGER;;LMGT3;;Iron Lynx;Mercedes;GF;40.666;67.322;36.785;
79;1;23;2:27.253;0;;40.932;0;1:08.488;0;37.833;0;171.2;57:37.745;14:58:28.908;0:40.932;1:08.488;0:37.833;259.2;Johannes ZELGER;;LMGT3;;Iron Lynx;Mercedes;GF;40.932;68.488;37.833;
79;1;24;2:27.108;0;;40.913;0;1:08.012;0;38.183;0;171.4;1:00:04.853;15:00:56.016;0:40.913;1:08.012;0:38.183;260.5;Johannes ZELGER;;LMGT3;;Iron Lynx;Mercedes;GF;40.913;68.012;38.183;
79;1;25;2:31.848;0;B;41.195;0;1:07.008;0;43.645;0;166.0;1:02:36.701;15:03:27.864;0:41.195;1:07.008;0:43.645;258.6;Johannes ZELGER;;LMGT3;;Iron Lynx;Mercedes;GF;41.195;67.008;43.645;
79;1;26;3:40.727;0;;1:54.618;0;1:08.807;0;37.302;0;114.2;1:06:17.428;15:07:08.591;1:54.618;1:08.807;0:37.302;246.3;Johannes ZELGER;0:01:21.416;LMGT3;;Iron Lynx;Mercedes;GF;114.618;68.807;37.302;
79;1;27;2:33.715;0;B;41.264;0;1:08.837;0;43.614;0;164.0;1:08:51.143;15:09:42.306;0:41.264;1:08.837;0:43.614;254.4;Johannes ZELGER;;LMGT3;;Iron Lynx;Mercedes;GF;41.264;68.837;43.614;
79;1;28;2:38.709;0;;53.263;0;1:07.962;0;37.484;0;158.9;1:11:29.852;15:12:21.015;0:53.263;1:07.962;0:37.484;256.8;Johannes ZELGER;0:00:23.519;LMGT3;;Iron Lynx;Mercedes;GF;53.263;67.962;37.484;
79;1;29;2:25.305;0;;42.071;0;1:06.315;0;36.919;0;173.5;1:13:55.157;15:14:46.320;0:42.071;1:06.315;0:36.919;254.4;Johannes ZELGER;;LMGT3;;Iron Lynx;Mercedes;GF;42.071;66.315;36.919;
79;1;30;2:24.313;0;;41.072;0;1:06.581;0;36.660;0;174.7;1:16:19.470;15:17:10.633;0:41.072;1:06.581;0:36.660;256.2;Johannes ZELGER;;LMGT3;;Iron Lynx;Mercedes;GF;41.072;66.581;36.660;
79;1;31;2:24.157;0;;40.947;0;1:06.170;0;37.040;0;174.9;1:18:43.627;15:19:34.790;0:40.947;1:06.170;0:37.040;256.8;Johannes ZELGER;;LMGT3;;Iron Lynx;Mercedes;GF;40.947;66.170;37.040;
79;1;32;2:23.590;0;;40.974;0;1:05.810;0;36.806;0;175.6;1:21:07.217;15:21:58.380;0:40.974;1:05.810;0:36.806;257.4;Johannes ZELGER;;LMGT3;;Iron Lynx;Mercedes;GF;40.974;65.810;36.806;
79;1;33;2:24.034;0;;40.922;0;1:06.238;0;36.874;0;175.1;1:23:31.251;15:24:22.414;0:40.922;1:06.238;0:36.874;256.8;Johannes ZELGER;;LMGT3;;Iron Lynx;Mercedes;GF;40.922;66.238;36.874;
79;1;34;2:31.744;0;B;40.785;0;1:07.346;0;43.613;0;166.2;1:26:02.995;15:26:54.158;0:40.785;1:07.346;0:43.613;257.4;Johannes ZELGER;;LMGT3;;Iron Lynx;Mercedes;GF;40.785;67.346;43.613;
79;1;35;2:38.351;0;;53.522;0;1:07.535;0;37.294;0;159.2;1:28:41.346;15:29:32.509;0:53.522;1:07.535;0:37.294;258.0;Johannes ZELGER;0:00:23.419;LMGT3;;Iron Lynx;Mercedes;GF;53.522;67.535;37.294;
79;1;36;2:24.250;0;;40.904;0;1:06.476;0;36.870;0;174.8;1:31:05.596;15:31:56.759;0:40.904;1:06.476;0:36.870;258.0;Johannes ZELGER;;LMGT3;;Iron Lynx;Mercedes;GF;40.904;66.476;36.870;
79;1;37;2:25.326;0;;41.004;0;1:07.446;0;36.876;0;173.5;1:33:30.922;15:34:22.085;0:41.004;1:07.446;0:36.876;256.2;Johannes ZELGER;;LMGT3;;Iron Lynx;Mercedes;GF;41.004;67.446;36.876;
79;1;38;2:24.793;0;;41.228;0;1:06.628;0;36.937;0;174.1;1:35:55.715;15:36:46.878;0:41.228;1:06.628;0:36.937;256.8;Johannes ZELGER;;LMGT3;;Iron Lynx;Mercedes;GF;41.228;66.628;36.937;
79;1;39;2:24.110;0;;41.046;0;1:06.399;0;36.665;0;175.0;1:38:19.825;15:39:10.988;0:41.046;1:06.399;0:36.665;256.8;Johannes ZELGER;;LMGT3;;Iron Lynx;Mercedes;GF;41.046;66.399;36.665;
79;1;40;2:23.340;0;;40.814;0;1:05.908;0;36.618;0;175.9;1:40:43.165;15:41:34.328;0:40.814;1:05.908;0:36.618;257.4;Johannes ZELGER;;LMGT3;;Iron Lynx;Mercedes;GF;40.814;65.908;36.618;
79;1;41;2:24.883;0;;40.931;0;1:06.635;0;37.317;0;174.0;1:43:08.048;15:43:59.211;0:40.931;1:06.635;0:37.317;256.8;Johannes ZELGER;;LMGT3;;Iron Lynx;Mercedes;GF;40.931;66.635;37.317;
79;1;42;2:27.148;0;;41.085;0;1:08.573;0;37.490;0;171.4;1:45:35.196;15:46:26.359;0:41.085;1:08.573;0:37.490;256.8;Johannes ZELGER;;LMGT3;;Iron Lynx;Mercedes;GF;41.085;68.573;37.490;
79;1;43;2:31.486;0;B;41.064;0;1:07.166;0;43.256;0;166.4;1:48:06.682;15:48:57.845;0:41.064;1:07.166;0:43.256;256.8;Johannes ZELGER;;LMGT3;;Iron Lynx;Mercedes;GF;41.064;67.166;43.256;
79;2;44;3:32.103;0;;1:47.695;0;1:07.465;0;36.943;0;118.9;1:51:38.785;15:52:29.948;1:47.695;1:07.465;0:36.943;248.5;Matteo CRESSONI;0:01:15.086;LMGT3;;Iron Lynx;Mercedes;GF;107.695;67.465;36.943;
79;2;45;2:21.310;0;;40.372;0;1:05.023;0;35.915;0;178.4;1:54:00.095;15:54:51.258;0:40.372;1:05.023;0:35.915;257.4;Matteo CRESSONI;;LMGT3;;Iron Lynx;Mercedes;GF;40.372;65.023;35.915;
79;2;46;2:19.670;0;;39.860;0;1:04.017;2;35.793;0;180.5;1:56:19.765;15:57:10.928;0:39.860;1:04.017;0:35.793;260.5;Matteo CRESSONI;;LMGT3;;Iron Lynx;Mercedes;GF;39.860;64.017;35.793;
79;2;47;2:19.407;2;;39.706;0;1:04.066;0;35.635;2;180.9;1:58:39.172;15:59:30.335;0:39.706;1:04.066;0:35.635;262.4;Matteo CRESSONI;;LMGT3;;Iron Lynx;Mercedes;GF;39.706;64.066;35.635;
79;2;48;2:20.217;0;;40.162;0;1:04.147;0;35.908;0;179.8;2:00:59.389;16:01:50.552;0:40.162;1:04.147;0:35.908;261.7;Matteo CRESSONI;;LMGT3;;Iron Lynx;Mercedes;GF;40.162;64.147;35.908;
79;2;49;2:21.545;0;;39.787;0;1:05.511;0;36.247;0;178.1;2:03:20.934;16:04:12.097;0:39.787;1:05.511;0:36.247;263.0;Matteo CRESSONI;;LMGT3;;Iron Lynx;Mercedes;GF;39.787;65.511;36.247;
79;2;50;2:25.077;0;;39.855;0;1:06.188;0;39.034;0;173.8;2:05:46.011;16:06:37.174;0:39.855;1:06.188;0:39.034;263.6;Matteo CRESSONI;;LMGT3;;Iron Lynx;Mercedes;GF;39.855;66.188;39.034;
79;2;51;2:20.834;0;;39.682;0;1:05.020;0;36.132;0;179.0;2:08:06.845;16:08:58.008;0:39.682;1:05.020;0:36.132;264.9;Matteo CRESSONI;;LMGT3;;Iron Lynx;Mercedes;GF;39.682;65.020;36.132;
79;2;52;2:20.134;0;;39.627;0;1:04.636;0;35.871;0;179.9;2:10:26.979;16:11:18.142;0:39.627;1:04.636;0:35.871;263.6;Matteo CRESSONI;;LMGT3;;Iron Lynx;Mercedes;GF;39.627;64.636;35.871;
79;2;53;2:20.491;0;;39.679;0;1:04.888;0;35.924;0;179.5;2:12:47.470;16:13:38.633;0:39.679;1:04.888;0:35.924;264.9;Matteo CRESSONI;;LMGT3;;Iron Lynx;Mercedes;GF;39.679;64.888;35.924;
79;2;54;2:20.658;0;;39.706;0;1:05.099;0;35.853;0;179.3;2:15:08.128;16:15:59.291;0:39.706;1:05.099;0:35.853;263.6;Matteo CRESSONI;;LMGT3;;Iron Lynx;Mercedes;GF;39.706;65.099;35.853;
79;2;55;2:20.772;0;;39.512;2;1:05.384;0;35.876;0;179.1;2:17:28.900;16:18:20.063;0:39.512;1:05.384;0:35.876;264.9;Matteo CRESSONI;;LMGT3;;Iron Lynx;Mercedes;GF;39.512;65.384;35.876;
79;2;56;2:20.320;0;;39.726;0;1:04.680;0;35.914;0;179.7;2:19:49.220;16:20:40.383;0:39.726;1:04.680;0:35.914;264.9;Matteo CRESSONI;;LMGT3;;Iron Lynx;Mercedes;GF;39.726;64.680;35.914;
79;2;57;2:21.345;0;;40.433;0;1:04.981;0;35.931;0;178.4;2:22:10.565;16:23:01.728;0:40.433;1:04.981;0:35.931;266.2;Matteo CRESSONI;;LMGT3;;Iron Lynx;Mercedes;GF;40.433;64.981;35.931;
79;2;58;2:20.896;0;;39.637;0;1:05.062;0;36.197;0;179.0;2:24:31.461;16:25:22.624;0:39.637;1:05.062;0:36.197;265.6;Matteo CRESSONI;;LMGT3;;Iron Lynx;Mercedes;GF;39.637;65.062;36.197;
79;2;59;2:21.932;0;;39.884;0;1:05.789;0;36.259;0;177.6;2:26:53.393;16:27:44.556;0:39.884;1:05.789;0:36.259;239.7;Matteo CRESSONI;;LMGT3;;Iron Lynx;Mercedes;GF;39.884;65.789;36.259;
79;2;60;2:21.604;0;;39.660;0;1:05.750;0;36.194;0;178.1;2:29:14.997;16:30:06.160;0:39.660;1:05.750;0:36.194;246.3;Matteo CRESSONI;;LMGT3;;Iron Lynx;Mercedes;GF;39.660;65.750;36.194;
79;2;61;2:20.765;0;;39.669;0;1:05.115;0;35.981;0;179.1;2:31:35.762;16:32:26.925;0:39.669;1:05.115;0:35.981;264.9;Matteo CRESSONI;;LMGT3;;Iron Lynx;Mercedes;GF;39.669;65.115;35.981;
79;2;62;2:20.655;0;;39.678;0;1:05.084;0;35.893;0;179.3;2:33:56.417;16:34:47.580;0:39.678;1:05.084;0:35.893;265.6;Matteo CRESSONI;;LMGT3;;Iron Lynx;Mercedes;GF;39.678;65.084;35.893;
79;2;63;2:20.698;0;;39.752;0;1:05.029;0;35.917;0;179.2;2:36:17.115;16:37:08.278;0:39.752;1:05.029;0:35.917;264.3;Matteo CRESSONI;;LMGT3;;Iron Lynx;Mercedes;GF;39.752;65.029;35.917;
79;2;64;2:20.990;0;;39.498;0;1:05.454;0;36.038;0;178.8;2:38:38.105;16:39:29.268;0:39.498;1:05.454;0:36.038;266.9;Matteo CRESSONI;;LMGT3;;Iron Lynx;Mercedes;GF;39.498;65.454;36.038;
79;2;65;2:20.995;0;;39.841;0;1:05.187;0;35.967;0;178.8;2:40:59.100;16:41:50.263;0:39.841;1:05.187;0:35.967;264.9;Matteo CRESSONI;;LMGT3;;Iron Lynx;Mercedes;GF;39.841;65.187;35.967;
79;2;66;2:21.294;0;;39.761;0;1:05.488;0;36.045;0;178.5;2:43:20.394;16:44:11.557;0:39.761;1:05.488;0:36.045;264.3;Matteo CRESSONI;;LMGT3;;Iron Lynx;Mercedes;GF;39.761;65.488;36.045;
79;2;67;3:19.083;0;;39.806;0;1:14.668;0;1:24.609;0;126.7;2:46:39.477;16:47:30.640;0:39.806;1:14.668;1:24.609;264.9;Matteo CRESSONI;;LMGT3;;Iron Lynx;Mercedes;FCY;39.806;74.668;84.609;
79;2;68;2:39.675;0;;57.659;0;1:05.971;0;36.045;0;157.9;2:49:19.152;16:50:10.315;0:57.659;1:05.971;0:36.045;258.0;Matteo CRESSONI;;LMGT3;;Iron Lynx;Mercedes;GF;57.659;65.971;36.045;
79;2;69;2:28.533;0;B;39.974;0;1:06.054;0;42.505;0;169.8;2:51:47.685;16:52:38.848;0:39.974;1:06.054;0:42.505;263.0;Matteo CRESSONI;;LMGT3;;Iron Lynx;Mercedes;GF;39.974;66.054;42.505;
79;2;70;3:37.505;0;;1:55.205;0;1:06.381;0;35.919;0;115.9;2:55:25.190;16:56:16.353;1:55.205;1:06.381;0:35.919;253.2;Matteo CRESSONI;0:01:23.343;LMGT3;;Iron Lynx;Mercedes;GF;115.205;66.381;35.919;
79;2;71;2:20.323;0;;39.850;0;1:04.180;0;36.293;0;179.7;2:57:45.513;16:58:36.676;0:39.850;1:04.180;0:36.293;263.6;Matteo CRESSONI;;LMGT3;;Iron Lynx;Mercedes;GF;39.850;64.180;36.293;
79;2;72;2:22.640;0;;39.613;0;1:06.563;0;36.464;0;176.8;3:00:08.153;17:00:59.316;0:39.613;1:06.563;0:36.464;264.3;Matteo CRESSONI;;LMGT3;;Iron Lynx;Mercedes;GF;39.613;66.563;36.464;
79;2;73;2:23.682;0;;39.818;0;1:06.760;0;37.104;0;175.5;3:02:31.835;17:03:22.998;0:39.818;1:06.760;0:37.104;257.4;Matteo CRESSONI;;LMGT3;;Iron Lynx;Mercedes;GF;39.818;66.760;37.104;
79;2;74;2:19.901;0;;39.724;0;1:04.148;0;36.029;0;180.2;3:04:51.736;17:05:42.899;0:39.724;1:04.148;0:36.029;261.7;Matteo CRESSONI;;LMGT3;;Iron Lynx;Mercedes;GF;39.724;64.148;36.029;
79;2;75;2:20.934;0;;39.854;0;1:05.054;0;36.026;0;178.9;3:07:12.670;17:08:03.833;0:39.854;1:05.054;0:36.026;261.1;Matteo CRESSONI;;LMGT3;;Iron Lynx;Mercedes;GF;39.854;65.054;36.026;
79;2;76;2:20.932;0;;39.867;0;1:05.038;0;36.027;0;178.9;3:09:33.602;17:10:24.765;0:39.867;1:05.038;0:36.027;250.8;Matteo CRESSONI;;LMGT3;;Iron Lynx;Mercedes;GF;39.867;65.038;36.027;
79;2;77;2:20.468;0;;39.707;0;1:04.608;0;36.153;0;179.5;3:11:54.070;17:12:45.233;0:39.707;1:04.608;0:36.153;264.3;Matteo CRESSONI;;LMGT3;;Iron Lynx;Mercedes;GF;39.707;64.608;36.153;
79;2;78;2:20.507;0;;39.705;0;1:04.886;0;35.916;0;179.5;3:14:14.577;17:15:05.740;0:39.705;1:04.886;0:35.916;264.3;Matteo CRESSONI;;LMGT3;;Iron Lynx;Mercedes;GF;39.705;64.886;35.916;
79;2;79;2:20.710;0;;39.764;0;1:04.936;0;36.010;0;179.2;3:16:35.287;17:17:26.450;0:39.764;1:04.936;0:36.010;249.7;Matteo CRESSONI;;LMGT3;;Iron Lynx;Mercedes;GF;39.764;64.936;36.010;
79;2;80;2:20.531;0;;39.839;0;1:04.553;0;36.139;0;179.4;3:18:55.818;17:19:46.981;0:39.839;1:04.553;0:36.139;246.3;Matteo CRESSONI;;LMGT3;;Iron Lynx;Mercedes;GF;39.839;64.553;36.139;
79;2;81;2:20.158;0;;39.764;0;1:04.378;0;36.016;0;179.9;3:21:15.976;17:22:07.139;0:39.764;1:04.378;0:36.016;251.4;Matteo CRESSONI;;LMGT3;;Iron Lynx;Mercedes;GF;39.764;64.378;36.016;
79;2;82;2:20.201;0;;39.775;0;1:04.307;0;36.119;0;179.8;3:23:36.177;17:24:27.340;0:39.775;1:04.307;0:36.119;249.7;Matteo CRESSONI;;LMGT3;;Iron Lynx;Mercedes;GF;39.775;64.307;36.119;
79;2;83;2:20.091;0;;39.894;0;1:04.328;0;35.869;0;180.0;3:25:56.268;17:26:47.431;0:39.894;1:04.328;0:35.869;246.8;Matteo CRESSONI;;LMGT3;;Iron Lynx;Mercedes;GF;39.894;64.328;35.869;
79;2;84;2:21.204;0;;40.418;0;1:04.831;0;35.955;0;178.6;3:28:17.472;17:29:08.635;0:40.418;1:04.831;0:35.955;249.7;Matteo CRESSONI;;LMGT3;;Iron Lynx;Mercedes;GF;40.418;64.831;35.955;
79;2;85;2:20.672;0;;40.069;0;1:04.733;0;35.870;0;179.2;3:30:38.144;17:31:29.307;0:40.069;1:04.733;0:35.870;246.3;Matteo CRESSONI;;LMGT3;;Iron Lynx;Mercedes;GF;40.069;64.733;35.870;
79;2;86;2:20.627;0;;39.745;0;1:04.364;0;36.518;0;179.3;3:32:58.771;17:33:49.934;0:39.745;1:04.364;0:36.518;249.1;Matteo CRESSONI;;LMGT3;;Iron Lynx;Mercedes;GF;39.745;64.364;36.518;
79;2;87;2:22.621;0;;39.811;0;1:06.514;0;36.296;0;176.8;3:35:21.392;17:36:12.555;0:39.811;1:06.514;0:36.296;253.2;Matteo CRESSONI;;LMGT3;;Iron Lynx;Mercedes;GF;39.811;66.514;36.296;
79;2;88;2:20.922;0;;39.899;0;1:04.972;0;36.051;0;178.9;3:37:42.314;17:38:33.477;0:39.899;1:04.972;0:36.051;256.8;Matteo CRESSONI;;LMGT3;;Iron Lynx;Mercedes;GF;39.899;64.972;36.051;
79;2;89;2:20.624;0;;39.744;0;1:04.871;0;36.009;0;179.3;3:40:02.938;17:40:54.101;0:39.744;1:04.871;0:36.009;261.7;Matteo CRESSONI;;LMGT3;;Iron Lynx;Mercedes;GF;39.744;64.871;36.009;
79;2;90;2:20.627;0;;39.747;0;1:04.810;0;36.070;0;179.3;3:42:23.565;17:43:14.728;0:39.747;1:04.810;0:36.070;262.4;Matteo CRESSONI;;LMGT3;;Iron Lynx;Mercedes;GF;39.747;64.810;36.070;
79;2;91;2:20.458;0;;39.620;0;1:04.937;0;35.901;0;179.5;3:44:44.023;17:45:35.186;0:39.620;1:04.937;0:35.901;264.3;Matteo CRESSONI;;LMGT3;;Iron Lynx;Mercedes;GF;39.620;64.937;35.901;
79;2;92;2:20.531;0;;39.767;0;1:05.005;0;35.759;0;179.4;3:47:04.554;17:47:55.717;0:39.767;1:05.005;0:35.759;265.6;Matteo CRESSONI;;LMGT3;;Iron Lynx;Mercedes;GF;39.767;65.005;35.759;
79;2;93;3:21.381;0;B;39.861;0;1:38.459;0;1:03.061;0;125.2;3:50:25.935;17:51:17.098;0:39.861;1:38.459;1:03.061;262.4;Matteo CRESSONI;;LMGT3;;Iron Lynx;Mercedes;GF;39.861;98.459;63.061;
79;3;94;2:05:31.088;0;;2:03:43.407;0;1:09.613;0;38.068;1;3.3;5:55:57.023;19:56:48.186;2:03:43.407;1:09.613;0:38.068;241.3;Lin HODENIUS;2:03:08.261;LMGT3;;Iron Lynx;Mercedes;GF;7423.407;69.613;38.068;
79;3;95;2:31.599;0;B;41.634;1;1:06.658;1;43.307;0;166.3;5:58:28.622;19:59:19.785;0:41.634;1:06.658;0:43.307;253.8;Lin HODENIUS;;LMGT3;;Iron Lynx;Mercedes;GF;41.634;66.658;43.307;
8;2;1;2:12.542;0;;37.869;0;1:02.470;0;32.203;0;186.9;2:12.542;14:03:03.705;0:37.869;1:02.470;0:32.203;277.8;Brendon HARTLEY;;HYPERCAR;;Toyota Racing;Toyota;GF;37.869;62.470;32.203;
8;2;2;2:06.489;0;;34.705;0;1:00.018;0;31.766;0;199.3;4:19.031;14:05:10.194;0:34.705;1:00.018;0:31.766;292.9;Brendon HARTLEY;;HYPERCAR;;Toyota Racing;Toyota;GF;34.705;60.018;31.766;
8;2;3;2:06.131;0;;34.612;0;59.650;0;31.869;0;199.9;6:25.162;14:07:16.325;0:34.612;0:59.650;0:31.869;293.7;Brendon HARTLEY;;HYPERCAR;;Toyota Racing;Toyota;GF;34.612;59.650;31.869;
8;2;4;2:06.319;0;;34.610;0;59.625;0;32.084;0;199.6;8:31.481;14:09:22.644;0:34.610;0:59.625;0:32.084;293.7;Brendon HARTLEY;;HYPERCAR;;Toyota Racing;Toyota;GF;34.610;59.625;32.084;
8;2;5;2:06.003;0;;34.748;0;59.341;0;31.914;0;200.1;10:37.484;14:11:28.647;0:34.748;0:59.341;0:31.914;300.2;Brendon HARTLEY;;HYPERCAR;;Toyota Racing;Toyota;GF;34.748;59.341;31.914;
8;2;6;2:06.188;0;;34.831;0;59.507;0;31.850;0;199.8;12:43.672;14:13:34.835;0:34.831;0:59.507;0:31.850;300.2;Brendon HARTLEY;;HYPERCAR;;Toyota Racing;Toyota;GF;34.831;59.507;31.850;
8;2;7;2:33.355;0;;34.677;0;1:02.736;0;55.942;0;164.4;15:17.027;14:16:08.190;0:34.677;1:02.736;0:55.942;299.3;Brendon HARTLEY;;HYPERCAR;;Toyota Racing;Toyota;SF;34.677;62.736;55.942;
8;2;8;4:44.150;0;;1:28.011;0;1:53.358;0;1:22.781;0;88.7;20:01.177;14:20:52.340;1:28.011;1:53.358;1:22.781;77.5;Brendon HARTLEY;;HYPERCAR;;Toyota Racing;Toyota;SF;88.011;113.358;82.781;
8;2;9;3:07.241;0;;1:07.263;0;1:18.461;0;41.517;0;134.7;23:08.418;14:23:59.581;1:07.263;1:18.461;0:41.517;117.8;Brendon HARTLEY;;HYPERCAR;;Toyota Racing;Toyota;SF;67.263;78.461;41.517;
8;2;10;2:54.732;0;;49.276;0;1:17.544;0;47.912;0;144.3;26:03.150;14:26:54.313;0:49.276;1:17.544;0:47.912;242.4;Brendon HARTLEY;;HYPERCAR;;Toyota Racing;Toyota;GF;49.276;77.544;47.912;
8;2;11;2:06.731;0;;34.682;0;1:00.219;0;31.830;0;199.0;28:09.881;14:29:01.044;0:34.682;1:00.219;0:31.830;292.9;Brendon HARTLEY;;HYPERCAR;;Toyota Racing;Toyota;GF;34.682;60.219;31.830;
8;2;12;2:06.103;0;;34.498;0;59.627;0;31.978;0;199.9;30:15.984;14:31:07.147;0:34.498;0:59.627;0:31.978;301.0;Brendon HARTLEY;;HYPERCAR;;Toyota Racing;Toyota;GF;34.498;59.627;31.978;
8;2;13;2:07.307;0;;34.482;2;1:00.674;0;32.151;0;198.1;32:23.291;14:33:14.454;0:34.482;1:00.674;0:32.151;300.2;Brendon HARTLEY;;HYPERCAR;;Toyota Racing;Toyota;GF;34.482;60.674;32.151;
8;2;14;2:06.275;0;;34.759;0;59.576;0;31.940;0;199.7;34:29.566;14:35:20.729;0:34.759;0:59.576;0:31.940;301.0;Brendon HARTLEY;;HYPERCAR;;Toyota Racing;Toyota;GF;34.759;59.576;31.940;
8;2;15;2:12.065;0;B;34.660;0;59.649;0;37.756;0;190.9;36:41.631;14:37:32.794;0:34.660;0:59.649;0:37.756;300.2;Brendon HARTLEY;;HYPERCAR;;Toyota Racing;Toyota;GF;34.660;59.649;37.756;
8;2;16;2:46.127;0;;1:14.616;0;59.370;0;32.141;0;151.8;39:27.758;14:40:18.921;1:14.616;0:59.370;0:32.141;297.7;Brendon HARTLEY;0:00:50.047;HYPERCAR;;Toyota Racing;Toyota;GF;74.616;59.370;32.141;
8;2;17;2:05.952;0;;34.844;0;59.312;0;31.796;0;200.2;41:33.710;14:42:24.873;0:34.844;0:59.312;0:31.796;298.5;Brendon HARTLEY;;HYPERCAR;;Toyota Racing;Toyota;GF;34.844;59.312;31.796;
8;2;18;2:05.716;0;;34.779;0;59.133;0;31.804;0;200.6;43:39.426;14:44:30.589;0:34.779;0:59.133;0:31.804;298.5;Brendon HARTLEY;;HYPERCAR;;Toyota Racing;Toyota;GF;34.779;59.133;31.804;
8;2;19;2:05.757;0;;34.791;0;59.156;0;31.810;0;200.5;45:45.183;14:46:36.346;0:34.791;0:59.156;0:31.810;298.5;Brendon HARTLEY;;HYPERCAR;;Toyota Racing;Toyota;GF;34.791;59.156;31.810;
8;2;20;2:08.277;0;;34.653;0;1:01.095;0;32.529;0;196.6;47:53.460;14:48:44.623;0:34.653;1:01.095;0:32.529;299.3;Brendon HARTLEY;;HYPERCAR;;Toyota Racing;Toyota;GF;34.653;61.095;32.529;
8;2;21;2:09.555;0;;34.808;0;1:02.496;0;32.251;0;194.6;50:03.015;14:50:54.178;0:34.808;1:02.496;0:32.251;289.7;Brendon HARTLEY;;HYPERCAR;;Toyota Racing;Toyota;GF;34.808;62.496;32.251;
8;2;22;2:07.608;0;;34.817;0;1:00.332;0;32.459;0;197.6;52:10.623;14:53:01.786;0:34.817;1:00.332;0:32.459;306.1;Brendon HARTLEY;;HYPERCAR;;Toyota Racing;Toyota;GF;34.817;60.332;32.459;
8;2;23;2:05.776;0;;34.812;0;59.233;0;31.731;0;200.5;54:16.399;14:55:07.562;0:34.812;0:59.233;0:31.731;297.7;Brendon HARTLEY;;HYPERCAR;;Toyota Racing;Toyota;GF;34.812;59.233;31.731;
8;2;24;2:05.470;0;;34.683;0;59.049;0;31.738;0;201.0;56:21.869;14:57:13.032;0:34.683;0:59.049;0:31.738;299.3;Brendon HARTLEY;;HYPERCAR;;Toyota Racing;Toyota;GF;34.683;59.049;31.738;
8;2;25;2:05.358;0;;34.614;0;59.009;0;31.735;0;201.1;58:27.227;14:59:18.390;0:34.614;0:59.009;0:31.735;298.5;Brendon HARTLEY;;HYPERCAR;;Toyota Racing;Toyota;GF;34.614;59.009;31.735;
8;2;26;2:05.464;0;;34.701;0;59.003;1;31.760;0;201.0;1:00:32.691;15:01:23.854;0:34.701;0:59.003;0:31.760;298.5;Brendon HARTLEY;;HYPERCAR;;Toyota Racing;Toyota;GF;34.701;59.003;31.760;
8;2;27;2:06.525;0;;34.522;0;1:00.236;0;31.767;0;199.3;1:02:39.216;15:03:30.379;0:34.522;1:00.236;0:31.767;299.3;Brendon HARTLEY;;HYPERCAR;;Toyota Racing;Toyota;GF;34.522;60.236;31.767;
8;2;28;2:08.202;0;;34.659;0;1:00.912;0;32.631;0;196.7;1:04:47.418;15:05:38.581;0:34.659;1:00.912;0:32.631;289.0;Brendon HARTLEY;;HYPERCAR;;Toyota Racing;Toyota;GF;34.659;60.912;32.631;
8;2;29;2:06.916;0;;34.590;0;59.491;0;32.835;0;198.7;1:06:54.334;15:07:45.497;0:34.590;0:59.491;0:32.835;300.2;Brendon HARTLEY;;HYPERCAR;;Toyota Racing;Toyota;GF;34.590;59.491;32.835;
8;2;30;2:05.996;0;;34.687;0;59.536;0;31.773;0;200.1;1:09:00.330;15:09:51.493;0:34.687;0:59.536;0:31.773;293.7;Brendon HARTLEY;;HYPERCAR;;Toyota Racing;Toyota;GF;34.687;59.536;31.773;
8;2;31;2:05.884;0;;34.613;0;59.500;0;31.771;0;200.3;1:11:06.214;15:11:57.377;0:34.613;0:59.500;0:31.771;294.5;Brendon HARTLEY;;HYPERCAR;;Toyota Racing;Toyota;GF;34.613;59.500;31.771;
8;2;32;2:07.880;0;;34.732;0;1:00.602;0;32.546;0;197.2;1:13:14.094;15:14:05.257;0:34.732;1:00.602;0:32.546;295.3;Brendon HARTLEY;;HYPERCAR;;Toyota Racing;Toyota;GF;34.732;60.602;32.546;
8;2;33;2:06.785;0;;34.577;0;1:00.085;0;32.123;0;198.9;1:15:20.879;15:16:12.042;0:34.577;1:00.085;0:32.123;293.7;Brendon HARTLEY;;HYPERCAR;;Toyota Racing;Toyota;GF;34.577;60.085;32.123;
8;2;34;2:06.464;0;;34.775;0;59.828;0;31.861;0;199.4;1:17:27.343;15:18:18.506;0:34.775;0:59.828;0:31.861;294.5;Brendon HARTLEY;;HYPERCAR;;Toyota Racing;Toyota;GF;34.775;59.828;31.861;
8;2;35;2:07.701;0;;35.490;0;59.891;0;32.320;0;197.4;1:19:35.044;15:20:26.207;0:35.490;0:59.891;0:32.320;289.0;Brendon HARTLEY;;HYPERCAR;;Toyota Racing;Toyota;GF;35.490;59.891;32.320;
8;2;36;2:05.589;0;;34.679;0;59.154;0;31.756;0;200.8;1:21:40.633;15:22:31.796;0:34.679;0:59.154;0:31.756;294.5;Brendon HARTLEY;;HYPERCAR;;Toyota Racing;Toyota;GF;34.679;59.154;31.756;
8;2;37;2:05.394;0;;34.556;0;59.107;0;31.731;0;201.1;1:23:46.027;15:24:37.190;0:34.556;0:59.107;0:31.731;298.5;Brendon HARTLEY;;HYPERCAR;;Toyota Racing;Toyota;GF;34.556;59.107;31.731;
8;2;38;2:06.794;0;;35.481;0;59.262;0;32.051;0;198.9;1:25:52.821;15:26:43.984;0:35.481;0:59.262;0:32.051;296.9;Brendon HARTLEY;;HYPERCAR;;Toyota Racing;Toyota;GF;35.481;59.262;32.051;
8;2;39;2:05.896;0;;34.556;0;59.723;0;31.617;1;200.3;1:27:58.717;15:28:49.880;0:34.556;0:59.723;0:31.617;299.3;Brendon HARTLEY;;HYPERCAR;;Toyota Racing;Toyota;GF;34.556;59.723;31.617;
8;2;40;2:11.462;0;B;34.531;0;59.275;0;37.656;0;191.8;1:30:10.179;15:31:01.342;0:34.531;0:59.275;0:37.656;299.3;Brendon HARTLEY;;HYPERCAR;;Toyota Racing;Toyota;GF;34.531;59.275;37.656;
8;3;41;3:21.211;0;;1:47.428;0;1:01.725;0;32.058;0;125.3;1:33:31.390;15:34:22.553;1:47.428;1:01.725;0:32.058;275.0;Ryo HIRAKAWA;0:01:20.387;HYPERCAR;;Toyota Racing;Toyota;GF;107.428;61.725;32.058;
8;3;42;2:05.592;0;;34.874;0;58.942;0;31.776;0;200.8;1:35:36.982;15:36:28.145;0:34.874;0:58.942;0:31.776;296.9;Ryo HIRAKAWA;;HYPERCAR;;Toyota Racing;Toyota;GF;34.874;58.942;31.776;
8;3;43;2:05.854;0;;34.710;0;59.150;0;31.994;0;200.3;1:37:42.836;15:38:33.999;0:34.710;0:59.150;0:31.994;297.7;Ryo HIRAKAWA;;HYPERCAR;;Toyota Racing;Toyota;GF;34.710;59.150;31.994;
8;3;44;2:05.061;0;;34.717;0;58.797;1;31.547;1;201.6;1:39:47.897;15:40:39.060;0:34.717;0:58.797;0:31.547;298.5;Ryo HIRAKAWA;;HYPERCAR;;Toyota Racing;Toyota;GF;34.717;58.797;31.547;
8;3;45;2:07.140;0;;35.743;0;59.209;0;32.188;0;198.3;1:41:55.037;15:42:46.200;0:35.743;0:59.209;0:32.188;296.1;Ryo HIRAKAWA;;HYPERCAR;;Toyota Racing;Toyota;GF;35.743;59.209;32.188;
8;3;46;2:06.932;0;;34.785;0;59.457;0;32.690;0;198.6;1:44:01.969;15:44:53.132;0:34.785;0:59.457;0:32.690;299.3;Ryo HIRAKAWA;;HYPERCAR;;Toyota Racing;Toyota;GF;34.785;59.457;32.690;
8;3;47;2:06.706;0;;34.968;0;59.882;0;31.856;0;199.0;1:46:08.675;15:46:59.838;0:34.968;0:59.882;0:31.856;297.7;Ryo HIRAKAWA;;HYPERCAR;;Toyota Racing;Toyota;GF;34.968;59.882;31.856;
8;3;48;2:07.048;0;;34.707;0;1:00.065;0;32.276;0;198.5;1:48:15.723;15:49:06.886;0:34.707;1:00.065;0:32.276;299.3;Ryo HIRAKAWA;;HYPERCAR;;Toyota Racing;Toyota;GF;34.707;60.065;32.276;
8;3;49;2:06.468;0;;34.800;0;1:00.036;0;31.632;0;199.4;1:50:22.191;15:51:13.354;0:34.800;1:00.036;0:31.632;300.2;Ryo HIRAKAWA;;HYPERCAR;;Toyota Racing;Toyota;GF;34.800;60.036;31.632;
8;3;50;2:06.031;0;;34.650;0;59.397;0;31.984;0;200.1;1:52:28.222;15:53:19.385;0:34.650;0:59.397;0:31.984;299.3;Ryo HIRAKAWA;;HYPERCAR;;Toyota Racing;Toyota;GF;34.650;59.397;31.984;
8;3;51;2:05.623;0;;34.723;0;59.206;0;31.694;0;200.7;1:54:33.845;15:55:25.008;0:34.723;0:59.206;0:31.694;298.5;Ryo HIRAKAWA;;HYPERCAR;;Toyota Racing;Toyota;GF;34.723;59.206;31.694;
8;3;52;2:06.386;0;;34.691;0;1:00.089;0;31.606;0;199.5;1:56:40.231;15:57:31.394;0:34.691;1:00.089;0:31.606;300.2;Ryo HIRAKAWA;;HYPERCAR;;Toyota Racing;Toyota;GF;34.691;60.089;31.606;
8;3;53;2:05.544;0;;34.685;0;59.095;0;31.764;0;200.8;1:58:45.775;15:59:36.938;0:34.685;0:59.095;0:31.764;293.7;Ryo HIRAKAWA;;HYPERCAR;;Toyota Racing;Toyota;GF;34.685;59.095;31.764;
8;3;54;2:07.183;0;;34.976;0;1:00.438;0;31.769;0;198.3;2:00:52.958;16:01:44.121;0:34.976;1:00.438;0:31.769;293.7;Ryo HIRAKAWA;;HYPERCAR;;Toyota Racing;Toyota;GF;34.976;60.438;31.769;
8;3;55;2:05.811;0;;34.809;0;59.253;0;31.749;0;200.4;2:02:58.769;16:03:49.932;0:34.809;0:59.253;0:31.749;294.5;Ryo HIRAKAWA;;HYPERCAR;;Toyota Racing;Toyota;GF;34.809;59.253;31.749;
8;3;56;2:06.132;0;;34.715;0;59.744;0;31.673;0;199.9;2:05:04.901;16:05:56.064;0:34.715;0:59.744;0:31.673;293.7;Ryo HIRAKAWA;;HYPERCAR;;Toyota Racing;Toyota;GF;34.715;59.744;31.673;
8;3;57;2:06.057;0;;34.717;0;59.645;0;31.695;0;200.0;2:07:10.958;16:08:02.121;0:34.717;0:59.645;0:31.695;292.9;Ryo HIRAKAWA;;HYPERCAR;;Toyota Racing;Toyota;GF;34.717;59.645;31.695;
8;3;58;2:07.190;0;;34.639;0;1:00.611;0;31.940;0;198.2;2:09:18.148;16:10:09.311;0:34.639;1:00.611;0:31.940;293.7;Ryo HIRAKAWA;;HYPERCAR;;Toyota Racing;Toyota;GF;34.639;60.611;31.940;
8;3;59;2:06.862;0;;34.631;0;59.651;0;32.580;0;198.8;2:11:25.010;16:12:16.173;0:34.631;0:59.651;0:32.580;298.5;Ryo HIRAKAWA;;HYPERCAR;;Toyota Racing;Toyota;GF;34.631;59.651;32.580;
8;3;60;2:06.105;0;;34.494;1;59.667;0;31.944;0;199.9;2:13:31.115;16:14:22.278;0:34.494;0:59.667;0:31.944;298.5;Ryo HIRAKAWA;;HYPERCAR;;Toyota Racing;Toyota;GF;34.494;59.667;31.944;
8;3;61;2:06.853;0;;34.690;0;1:00.434;0;31.729;0;198.8;2:15:37.968;16:16:29.131;0:34.690;1:00.434;0:31.729;299.3;Ryo HIRAKAWA;;HYPERCAR;;Toyota Racing;Toyota;GF;34.690;60.434;31.729;
8;3;62;2:07.326;0;;34.958;0;59.890;0;32.478;0;198.0;2:17:45.294;16:18:36.457;0:34.958;0:59.890;0:32.478;297.7;Ryo HIRAKAWA;;HYPERCAR;;Toyota Racing;Toyota;GF;34.958;59.890;32.478;
8;3;63;2:06.031;0;;34.639;0;59.575;0;31.817;0;200.1;2:19:51.325;16:20:42.488;0:34.639;0:59.575;0:31.817;299.3;Ryo HIRAKAWA;;HYPERCAR;;Toyota Racing;Toyota;GF;34.639;59.575;31.817;
8;3;64;2:06.737;0;;34.687;0;1:00.234;0;31.816;0;198.9;2:21:58.062;16:22:49.225;0:34.687;1:00.234;0:31.816;298.5;Ryo HIRAKAWA;;HYPERCAR;;Toyota Racing;Toyota;GF;34.687;60.234;31.816;
8;3;65;2:11.702;0;B;34.562;0;59.371;0;37.769;0;191.4;2:24:09.764;16:25:00.927;0:34.562;0:59.371;0:37.769;299.3;Ryo HIRAKAWA;;HYPERCAR;;Toyota Racing;Toyota;GF;34.562;59.371;37.769;
8;3;66;3:06.006;0;;1:33.880;0;1:00.161;0;31.965;0;135.6;2:27:15.770;16:28:06.933;1:33.880;1:00.161;0:31.965;292.1;Ryo HIRAKAWA;0:01:09.052;HYPERCAR;;Toyota Racing;Toyota;GF;93.880;60.161;31.965;
8;3;67;2:08.118;0;;35.979;0;1:00.258;0;31.881;0;196.8;2:29:23.888;16:30:15.051;0:35.979;1:00.258;0:31.881;296.1;Ryo HIRAKAWA;;HYPERCAR;;Toyota Racing;Toyota;GF;35.979;60.258;31.881;
8;3;68;2:07.761;0;;34.862;0;1:00.638;0;32.261;0;197.4;2:31:31.649;16:32:22.812;0:34.862;1:00.638;0:32.261;299.3;Ryo HIRAKAWA;;HYPERCAR;;Toyota Racing;Toyota;GF;34.862;60.638;32.261;
8;3;69;2:06.540;0;;34.888;0;59.719;0;31.933;0;199.3;2:33:38.189;16:34:29.352;0:34.888;0:59.719;0:31.933;298.5;Ryo HIRAKAWA;;HYPERCAR;;Toyota Racing;Toyota;GF;34.888;59.719;31.933;
8;3;70;2:06.433;0;;34.822;0;59.866;0;31.745;0;199.4;2:35:44.622;16:36:35.785;0:34.822;0:59.866;0:31.745;293.7;Ryo HIRAKAWA;;HYPERCAR;;Toyota Racing;Toyota;GF;34.822;59.866;31.745;
8;3;71;2:06.770;0;;34.794;0;1:00.099;0;31.877;0;198.9;2:37:51.392;16:38:42.555;0:34.794;1:00.099;0:31.877;293.7;Ryo HIRAKAWA;;HYPERCAR;;Toyota Racing;Toyota;GF;34.794;60.099;31.877;
8;3;72;2:07.041;0;;35.528;0;59.758;0;31.755;0;198.5;2:39:58.433;16:40:49.596;0:35.528;0:59.758;0:31.755;306.1;Ryo HIRAKAWA;;HYPERCAR;;Toyota Racing;Toyota;GF;35.528;59.758;31.755;
8;3;73;2:07.440;0;;34.887;0;1:00.603;0;31.950;0;197.9;2:42:05.873;16:42:57.036;0:34.887;1:00.603;0:31.950;293.7;Ryo HIRAKAWA;;HYPERCAR;;Toyota Racing;Toyota;GF;34.887;60.603;31.950;
8;3;74;2:08.474;0;;34.899;0;1:00.596;0;32.979;0;196.3;2:44:14.347;16:45:05.510;0:34.899;1:00.596;0:32.979;293.7;Ryo HIRAKAWA;;HYPERCAR;;Toyota Racing;Toyota;GF;34.899;60.596;32.979;
8;3;75;3:26.030;0;;37.028;0;2:01.195;0;47.807;0;122.4;2:47:40.377;16:48:31.540;0:37.028;2:01.195;0:47.807;300.2;Ryo HIRAKAWA;;HYPERCAR;;Toyota Racing;Toyota;GF;37.028;121.195;47.807;
8;3;76;2:07.880;0;;35.086;0;1:00.766;0;32.028;0;197.2;2:49:48.257;16:50:39.420;0:35.086;1:00.766;0:32.028;305.2;Ryo HIRAKAWA;;HYPERCAR;;Toyota Racing;Toyota;GF;35.086;60.766;32.028;
8;3;77;2:06.093;0;;34.805;0;59.572;0;31.716;0;200.0;2:51:54.350;16:52:45.513;0:34.805;0:59.572;0:31.716;292.9;Ryo HIRAKAWA;;HYPERCAR;;Toyota Racing;Toyota;GF;34.805;59.572;31.716;
8;3;78;2:07.208;0;;34.775;0;59.988;0;32.445;0;198.2;2:54:01.558;16:54:52.721;0:34.775;0:59.988;0:32.445;293.7;Ryo HIRAKAWA;;HYPERCAR;;Toyota Racing;Toyota;GF;34.775;59.988;32.445;
8;3;79;2:06.525;0;;34.778;0;59.853;0;31.894;0;199.3;2:56:08.083;16:56:59.246;0:34.778;0:59.853;0:31.894;293.7;Ryo HIRAKAWA;;HYPERCAR;;Toyota Racing;Toyota;GF;34.778;59.853;31.894;
8;3;80;2:06.913;0;;34.723;0;1:00.193;0;31.997;0;198.7;2:58:14.996;16:59:06.159;0:34.723;1:00.193;0:31.997;294.5;Ryo HIRAKAWA;;HYPERCAR;;Toyota Racing;Toyota;GF;34.723;60.193;31.997;
8;3;81;2:07.245;0;;34.754;0;1:00.550;0;31.941;0;198.2;3:00:22.241;17:01:13.404;0:34.754;1:00.550;0:31.941;299.3;Ryo HIRAKAWA;;HYPERCAR;;Toyota Racing;Toyota;GF;34.754;60.550;31.941;
8;3;82;2:07.742;0;;34.701;0;1:00.304;0;32.737;0;197.4;3:02:29.983;17:03:21.146;0:34.701;1:00.304;0:32.737;298.5;Ryo HIRAKAWA;;HYPERCAR;;Toyota Racing;Toyota;GF;34.701;60.304;32.737;
8;3;83;2:07.000;0;;34.731;0;59.888;0;32.381;0;198.5;3:04:36.983;17:05:28.146;0:34.731;0:59.888;0:32.381;297.7;Ryo HIRAKAWA;;HYPERCAR;;Toyota Racing;Toyota;GF;34.731;59.888;32.381;
8;3;84;2:07.783;0;;34.690;0;1:01.312;0;31.781;0;197.3;3:06:44.766;17:07:35.929;0:34.690;1:01.312;0:31.781;291.3;Ryo HIRAKAWA;;HYPERCAR;;Toyota Racing;Toyota;GF;34.690;61.312;31.781;
8;3;85;2:06.287;0;;34.630;0;59.994;0;31.663;0;199.7;3:08:51.053;17:09:42.216;0:34.630;0:59.994;0:31.663;298.5;Ryo HIRAKAWA;;HYPERCAR;;Toyota Racing;Toyota;GF;34.630;59.994;31.663;
8;3;86;2:05.652;0;;34.545;0;59.537;0;31.570;0;200.7;3:10:56.705;17:11:47.868;0:34.545;0:59.537;0:31.570;297.7;Ryo HIRAKAWA;;HYPERCAR;;Toyota Racing;Toyota;GF;34.545;59.537;31.570;
8;3;87;2:06.787;0;;34.620;0;1:00.257;0;31.910;0;198.9;3:13:03.492;17:13:54.655;0:34.620;1:00.257;0:31.910;289.0;Ryo HIRAKAWA;;HYPERCAR;;Toyota Racing;Toyota;GF;34.620;60.257;31.910;
8;3;88;2:06.313;0;;34.576;0;1:00.143;0;31.594;0;199.6;3:15:09.805;17:16:00.968;0:34.576;1:00.143;0:31.594;298.5;Ryo HIRAKAWA;;HYPERCAR;;Toyota Racing;Toyota;GF;34.576;60.143;31.594;
8;3;89;2:09.639;0;;35.642;0;1:00.666;0;33.331;0;194.5;3:17:19.444;17:18:10.607;0:35.642;1:00.666;0:33.331;311.4;Ryo HIRAKAWA;;HYPERCAR;;Toyota Racing;Toyota;GF;35.642;60.666;33.331;
8;3;90;2:12.262;0;B;34.685;0;59.776;0;37.801;0;190.6;3:19:31.706;17:20:22.869;0:34.685;0:59.776;0:37.801;309.6;Ryo HIRAKAWA;;HYPERCAR;;Toyota Racing;Toyota;GF;34.685;59.776;37.801;
8;1;91;3:24.550;0;;1:49.919;0;1:02.630;0;32.001;0;123.3;3:22:56.256;17:23:47.419;1:49.919;1:02.630;0:32.001;259.2;Sébastien BUEMI;0:01:20.475;HYPERCAR;;Toyota Racing;Toyota;GF;109.919;62.630;32.001;
8;1;92;2:06.441;0;;35.144;0;59.491;0;31.806;0;199.4;3:25:02.697;17:25:53.860;0:35.144;0:59.491;0:31.806;291.3;Sébastien BUEMI;;HYPERCAR;;Toyota Racing;Toyota;GF;35.144;59.491;31.806;
8;1;93;2:06.246;0;;34.923;0;59.378;0;31.945;0;199.7;3:27:08.943;17:28:00.106;0:34.923;0:59.378;0:31.945;292.1;Sébastien BUEMI;;HYPERCAR;;Toyota Racing;Toyota;GF;34.923;59.378;31.945;
8;1;94;2:07.268;0;;34.890;0;1:00.426;0;31.952;0;198.1;3:29:16.211;17:30:07.374;0:34.890;1:00.426;0:31.952;293.7;Sébastien BUEMI;;HYPERCAR;;Toyota Racing;Toyota;GF;34.890;60.426;31.952;
8;1;95;2:07.689;0;;35.375;0;1:00.308;0;32.006;0;197.5;3:31:23.900;17:32:15.063;0:35.375;1:00.308;0:32.006;293.7;Sébastien BUEMI;;HYPERCAR;;Toyota Racing;Toyota;GF;35.375;60.308;32.006;
8;1;96;2:06.051;0;;34.945;0;59.245;0;31.861;0;200.0;3:33:29.951;17:34:21.114;0:34.945;0:59.245;0:31.861;292.9;Sébastien BUEMI;;HYPERCAR;;Toyota Racing;Toyota;GF;34.945;59.245;31.861;
8;1;97;2:07.456;0;;34.795;0;1:00.428;0;32.233;0;197.8;3:35:37.407;17:36:28.570;0:34.795;1:00.428;0:32.233;296.1;Sébastien BUEMI;;HYPERCAR;;Toyota Racing;Toyota;GF;34.795;60.428;32.233;
8;1;98;2:06.925;0;;34.816;0;1:00.144;0;31.965;0;198.7;3:37:44.332;17:38:35.495;0:34.816;1:00.144;0:31.965;296.9;Sébastien BUEMI;;HYPERCAR;;Toyota Racing;Toyota;GF;34.816;60.144;31.965;
8;1;99;2:05.676;0;;34.764;0;59.129;0;31.783;0;200.6;3:39:50.008;17:40:41.171;0:34.764;0:59.129;0:31.783;296.1;Sébastien BUEMI;;HYPERCAR;;Toyota Racing;Toyota;GF;34.764;59.129;31.783;
8;1;100;2:06.196;0;;34.653;0;59.716;0;31.827;0;199.8;3:41:56.204;17:42:47.367;0:34.653;0:59.716;0:31.827;296.1;Sébastien BUEMI;;HYPERCAR;;Toyota Racing;Toyota;GF;34.653;59.716;31.827;
8;1;101;2:05.887;0;;34.727;0;59.393;0;31.767;0;200.3;3:44:02.091;17:44:53.254;0:34.727;0:59.393;0:31.767;296.1;Sébastien BUEMI;;HYPERCAR;;Toyota Racing;Toyota;GF;34.727;59.393;31.767;
8;1;102;2:06.053;0;;34.697;0;59.516;0;31.840;0;200.0;3:46:08.144;17:46:59.307;0:34.697;0:59.516;0:31.840;296.9;Sébastien BUEMI;;HYPERCAR;;Toyota Racing;Toyota;GF;34.697;59.516;31.840;
8;1;103;2:06.099;0;;34.806;0;59.534;0;31.759;0;200.0;3:48:14.243;17:49:05.406;0:34.806;0:59.534;0:31.759;301.8;Sébastien BUEMI;;HYPERCAR;;Toyota Racing;Toyota;GF;34.806;59.534;31.759;
8;1;104;2:08.027;0;;34.747;0;1:01.405;0;31.875;0;196.9;3:50:22.270;17:51:13.433;0:34.747;1:01.405;0:31.875;301.8;Sébastien BUEMI;;HYPERCAR;;Toyota Racing;Toyota;GF;34.747;61.405;31.875;
8;1;105;5:01.253;0;B;1:24.337;0;2:07.947;0;1:28.969;0;83.7;3:55:23.523;17:56:14.686;1:24.337;2:07.947;1:28.969;80.1;Sébastien BUEMI;;HYPERCAR;;Toyota Racing;Toyota;GF;84.337;127.947;88.969;
8;1;106;5:54.086;0;;2:19.033;0;2:08.616;0;1:26.437;0;71.2;4:01:17.609;18:02:08.772;2:19.033;2:08.616;1:26.437;79.7;Sébastien BUEMI;0:00:58.595;HYPERCAR;;Toyota Racing;Toyota;GF;139.033;128.616;86.437;
8;1;107;3:45.035;0;;1:18.460;0;1:28.360;0;58.215;0;112.0;4:05:02.644;18:05:53.807;1:18.460;1:28.360;0:58.215;177.9;Sébastien BUEMI;;HYPERCAR;;Toyota Racing;Toyota;SF;78.460;88.360;58.215;
8;1;108;4:47.902;0;;1:16.998;0;2:13.783;0;1:17.121;0;87.6;4:09:50.546;18:10:41.709;1:16.998;2:13.783;1:17.121;84.9;Sébastien BUEMI;;HYPERCAR;;Toyota Racing;Toyota;SF;76.998;133.783;77.121;
8;1;109;4:27.787;0;;1:23.308;0;1:49.546;0;1:14.933;0;94.2;4:14:18.333;18:15:09.496;1:23.308;1:49.546;1:14.933;99.7;Sébastien BUEMI;;HYPERCAR;;Toyota Racing;Toyota;SF;83.308;109.546;74.933;
8;1;110;3:12.792;0;;1:01.407;0;1:20.056;0;51.329;0;130.8;4:17:31.125;18:18:22.288;1:01.407;1:20.056;0:51.329;223.9;Sébastien BUEMI;;HYPERCAR;;Toyota Racing;Toyota;GF;61.407;80.056;51.329;
8;1;111;2:06.710;0;;35.588;0;59.632;0;31.490;0;199.0;4:19:37.835;18:20:28.998;0:35.588;0:59.632;0:31.490;297.7;Sébastien BUEMI;;HYPERCAR;;Toyota Racing;Toyota;GF;35.588;59.632;31.490;
8;1;112;2:04.798;2;;34.656;0;58.758;0;31.384;2;202.0;4:21:42.633;18:22:33.796;0:34.656;0:58.758;0:31.384;295.3;Sébastien BUEMI;;HYPERCAR;;Toyota Racing;Toyota;GF;34.656;58.758;31.384;
8;1;113;2:04.884;0;;34.635;0;58.704;2;31.545;0;201.9;4:23:47.517;18:24:38.680;0:34.635;0:58.704;0:31.545;296.1;Sébastien BUEMI;;HYPERCAR;;Toyota Racing;Toyota;GF;34.635;58.704;31.545;
8;1;114;2:05.588;0;;34.742;0;59.131;0;31.715;0;200.8;4:25:53.105;18:26:44.268;0:34.742;0:59.131;0:31.715;295.3;Sébastien BUEMI;;HYPERCAR;;Toyota Racing;Toyota;GF;34.742;59.131;31.715;
8;1;115;2:05.727;0;;34.693;0;59.359;0;31.675;0;200.5;4:27:58.832;18:28:49.995;0:34.693;0:59.359;0:31.675;295.3;Sébastien BUEMI;;HYPERCAR;;Toyota Racing;Toyota;GF;34.693;59.359;31.675;
8;1;116;2:05.879;0;;34.698;0;59.381;0;31.800;0;200.3;4:30:04.711;18:30:55.874;0:34.698;0:59.381;0:31.800;296.1;Sébastien BUEMI;;HYPERCAR;;Toyota Racing;Toyota;GF;34.698;59.381;31.800;
8;1;117;2:06.555;0;;34.733;0;1:00.050;0;31.772;0;199.2;4:32:11.266;18:33:02.429;0:34.733;1:00.050;0:31.772;308.7;Sébastien BUEMI;;HYPERCAR;;Toyota Racing;Toyota;GF;34.733;60.050;31.772;
8;1;118;2:06.760;0;;34.725;0;59.747;0;32.288;0;198.9;4:34:18.026;18:35:09.189;0:34.725;0:59.747;0:32.288;295.3;Sébastien BUEMI;;HYPERCAR;;Toyota Racing;Toyota;GF;34.725;59.747;32.288;
8;1;119;2:08.748;0;;35.206;0;1:00.643;0;32.899;0;195.8;4:36:26.774;18:37:17.937;0:35.206;1:00.643;0:32.899;291.3;Sébastien BUEMI;;HYPERCAR;;Toyota Racing;Toyota;GF;35.206;60.643;32.899;
8;1;120;2:08.782;0;;36.050;0;1:00.763;0;31.969;0;195.8;4:38:35.556;18:39:26.719;0:36.050;1:00.763;0:31.969;286.7;Sébastien BUEMI;;HYPERCAR;;Toyota Racing;Toyota;GF;36.050;60.763;31.969;
8;1;121;2:05.925;0;;34.765;0;59.309;0;31.851;0;200.2;4:40:41.481;18:41:32.644;0:34.765;0:59.309;0:31.851;285.9;Sébastien BUEMI;;HYPERCAR;;Toyota Racing;Toyota;GF;34.765;59.309;31.851;
8;1;122;2:05.956;0;;34.670;0;59.489;0;31.797;0;200.2;4:42:47.437;18:43:38.600;0:34.670;0:59.489;0:31.797;294.5;Sébastien BUEMI;;HYPERCAR;;Toyota Racing;Toyota;GF;34.670;59.489;31.797;
8;1;123;2:06.328;0;;34.785;0;59.732;0;31.811;0;199.6;4:44:53.765;18:45:44.928;0:34.785;0:59.732;0:31.811;283.7;Sébastien BUEMI;;HYPERCAR;;Toyota Racing;Toyota;GF;34.785;59.732;31.811;
8;1;124;2:05.870;0;;34.740;0;59.381;0;31.749;0;200.3;4:46:59.635;18:47:50.798;0:34.740;0:59.381;0:31.749;294.5;Sébastien BUEMI;;HYPERCAR;;Toyota Racing;Toyota;GF;34.740;59.381;31.749;
8;1;125;2:05.762;0;;34.695;0;59.234;0;31.833;0;200.5;4:49:05.397;18:49:56.560;0:34.695;0:59.234;0:31.833;294.5;Sébastien BUEMI;;HYPERCAR;;Toyota Racing;Toyota;GF;34.695;59.234;31.833;
8;1;126;2:05.598;0;;34.650;0;59.287;0;31.661;0;200.8;4:51:10.995;18:52:02.158;0:34.650;0:59.287;0:31.661;294.5;Sébastien BUEMI;;HYPERCAR;;Toyota Racing;Toyota;GF;34.650;59.287;31.661;
8;1;127;2:05.534;0;;34.649;0;59.197;0;31.688;0;200.9;4:53:16.529;18:54:07.692;0:34.649;0:59.197;0:31.688;294.5;Sébastien BUEMI;;HYPERCAR;;Toyota Racing;Toyota;GF;34.649;59.197;31.688;
8;1;128;2:07.271;0;;34.521;1;1:00.845;0;31.905;0;198.1;4:55:23.800;18:56:14.963;0:34.521;1:00.845;0:31.905;292.9;Sébastien BUEMI;;HYPERCAR;;Toyota Racing;Toyota;GF;34.521;60.845;31.905;
8;1;129;2:08.255;0;;35.116;0;1:00.650;0;32.489;0;196.6;4:57:32.055;18:58:23.218;0:35.116;1:00.650;0:32.489;292.9;Sébastien BUEMI;;HYPERCAR;;Toyota Racing;Toyota;GF;35.116;60.650;32.489;
8;1;130;2:13.328;0;B;34.845;0;1:00.022;0;38.461;0;189.1;4:59:45.383;19:00:36.546;0:34.845;1:00.022;0:38.461;292.9;Sébastien BUEMI;;HYPERCAR;;Toyota Racing;Toyota;GF;34.845;60.022;38.461;
8;1;131;6:00.676;0;B;2:23.756;0;2:07.995;0;1:28.925;0;69.9;5:05:46.059;19:06:37.222;2:23.756;2:07.995;1:28.925;80.1;Sébastien BUEMI;0:01:08.666;HYPERCAR;;Toyota Racing;Toyota;GF;143.756;127.995;88.925;
8;1;132;5:32.166;0;;1:57.898;0;2:08.395;0;1:25.873;0;75.9;5:11:18.225;19:12:09.388;1:57.898;2:08.395;1:25.873;79.9;Sébastien BUEMI;0:00:37.086;HYPERCAR;;Toyota Racing;Toyota;GF;117.898;128.395;85.873;
8;1;133;3:25.772;0;;1:39.381;0;1:11.082;0;35.309;0;122.5;5:14:43.997;19:15:35.160;1:39.381;1:11.082;0:35.309;153.3;Sébastien BUEMI;;HYPERCAR;;Toyota Racing;Toyota;SF;99.381;71.082;35.309;
8;1;134;4:07.812;0;;50.528;0;1:58.682;0;1:18.602;0;101.7;5:18:51.809;19:19:42.972;0:50.528;1:58.682;1:18.602;87.8;Sébastien BUEMI;;HYPERCAR;;Toyota Racing;Toyota;SF;50.528;118.682;78.602;
8;1;135;4:02.370;0;;1:32.176;0;1:30.354;0;59.840;0;104.0;5:22:54.179;19:23:45.342;1:32.176;1:30.354;0:59.840;70.5;Sébastien BUEMI;;HYPERCAR;;Toyota Racing;Toyota;SF;92.176;90.354;59.840;
8;1;136;2:53.577;0;;48.893;0;1:17.300;0;47.384;0;145.3;5:25:47.756;19:26:38.919;0:48.893;1:17.300;0:47.384;189.8;Sébastien BUEMI;;HYPERCAR;;Toyota Racing;Toyota;GF;48.893;77.300;47.384;
8;1;137;2:37.157;0;;38.813;0;1:16.300;0;42.044;0;160.4;5:28:24.913;19:29:16.076;0:38.813;1:16.300;0:42.044;156.6;Sébastien BUEMI;;HYPERCAR;;Toyota Racing;Toyota;SF;38.813;76.300;42.044;
8;1;138;4:15.485;0;;1:18.377;0;1:43.490;0;1:13.618;0;98.7;5:32:40.398;19:33:31.561;1:18.377;1:43.490;1:13.618;60.2;Sébastien BUEMI;;HYPERCAR;;Toyota Racing;Toyota;SF;78.377;103.490;73.618;
8;1;139;3:38.972;0;;1:34.078;0;1:17.488;0;47.406;0;115.1;5:36:19.370;19:37:10.533;1:34.078;1:17.488;0:47.406;84.0;Sébastien BUEMI;;HYPERCAR;;Toyota Racing;Toyota;GF;94.078;77.488;47.406;
8;1;140;2:12.852;0;;37.355;0;1:02.382;0;33.115;0;189.8;5:38:32.222;19:39:23.385;0:37.355;1:02.382;0:33.115;278.6;Sébastien BUEMI;;HYPERCAR;;Toyota Racing;Toyota;GF;37.355;62.382;33.115;
8;1;141;2:05.779;0;;34.975;0;59.251;0;31.553;0;200.5;5:40:38.001;19:41:29.164;0:34.975;0:59.251;0:31.553;297.7;Sébastien BUEMI;;HYPERCAR;;Toyota Racing;Toyota;GF;34.975;59.251;31.553;
8;1;142;2:05.205;0;;34.678;0;59.017;0;31.510;0;201.4;5:42:43.206;19:43:34.369;0:34.678;0:59.017;0:31.510;299.3;Sébastien BUEMI;;HYPERCAR;;Toyota Racing;Toyota;GF;34.678;59.017;31.510;
8;1;143;2:05.801;0;;34.636;0;59.310;0;31.855;0;200.4;5:44:49.007;19:45:40.170;0:34.636;0:59.310;0:31.855;299.3;Sébastien BUEMI;;HYPERCAR;;Toyota Racing;Toyota;GF;34.636;59.310;31.855;
8;1;144;2:05.688;0;;34.576;0;59.332;0;31.780;0;200.6;5:46:54.695;19:47:45.858;0:34.576;0:59.332;0:31.780;305.2;Sébastien BUEMI;;HYPERCAR;;Toyota Racing;Toyota;GF;34.576;59.332;31.780;
8;1;145;2:06.568;0;;34.547;0;59.782;0;32.239;0;199.2;5:49:01.263;19:49:52.426;0:34.547;0:59.782;0:32.239;304.4;Sébastien BUEMI;;HYPERCAR;;Toyota Racing;Toyota;GF;34.547;59.782;32.239;
8;1;146;2:06.539;0;;34.672;0;59.980;0;31.887;0;199.3;5:51:07.802;19:51:58.965;0:34.672;0:59.980;0:31.887;314.1;Sébastien BUEMI;;HYPERCAR;;Toyota Racing;Toyota;GF;34.672;59.980;31.887;
8;1;147;2:06.892;0;;34.782;0;1:00.080;0;32.030;0;198.7;5:53:14.694;19:54:05.857;0:34.782;1:00.080;0:32.030;315.0;Sébastien BUEMI;;HYPERCAR;;Toyota Racing;Toyota;GF;34.782;60.080;32.030;
8;1;148;2:06.688;0;;34.737;0;59.950;0;32.001;0;199.0;5:55:21.382;19:56:12.545;0:34.737;0:59.950;0:32.001;304.4;Sébastien BUEMI;;HYPERCAR;;Toyota Racing;Toyota;GF;34.737;59.950;32.001;
8;1;149;2:08.530;0;;34.654;0;1:01.273;0;32.603;0;196.2;5:57:29.912;19:58:21.075;0:34.654;1:01.273;0:32.603;302.7;Sébastien BUEMI;;HYPERCAR;;Toyota Racing;Toyota;GF;34.654;61.273;32.603;
8;1;150;2:10.069;0;;34.681;0;1:01.058;0;34.330;0;193.9;5:59:39.981;20:00:31.144;0:34.681;1:01.058;0:34.330;304.4;Sébastien BUEMI;;HYPERCAR;;Toyota Racing;Toyota;GF;34.681;61.058;34.330;
8;1;151;2:09.220;0;;35.327;0;1:01.243;0;32.650;0;195.1;6:01:49.201;20:02:40.364;0:35.327;1:01.243;0:32.650;309.6;Sébastien BUEMI;;HYPERCAR;;Toyota Racing;Toyota;FF;35.327;61.243;32.650;
83;3;1;2:09.872;0;;37.324;0;1:00.763;0;31.785;0;190.8;2:09.872;14:03:01.035;0:37.324;1:00.763;0:31.785;307.0;Philip HANSON;;HYPERCAR;;AF Corse;Ferrari;GF;37.324;60.763;31.785;
83;3;2;2:05.789;0;;34.663;0;59.362;0;31.764;0;200.4;4:15.661;14:05:06.824;0:34.663;0:59.362;0:31.764;304.4;Philip HANSON;;HYPERCAR;;AF Corse;Ferrari;GF;34.663;59.362;31.764;
83;3;3;2:05.583;0;;34.603;0;59.236;0;31.744;0;200.8;6:21.244;14:07:12.407;0:34.603;0:59.236;0:31.744;306.1;Philip HANSON;;HYPERCAR;;AF Corse;Ferrari;GF;34.603;59.236;31.744;
83;3;4;2:05.610;0;;34.699;0;59.111;1;31.800;0;200.7;8:26.854;14:09:18.017;0:34.699;0:59.111;0:31.800;308.7;Philip HANSON;;HYPERCAR;;AF Corse;Ferrari;GF;34.699;59.111;31.800;
83;3;5;2:06.155;0;;34.756;0;59.634;0;31.765;0;199.9;10:33.009;14:11:24.172;0:34.756;0:59.634;0:31.765;298.5;Philip HANSON;;HYPERCAR;;AF Corse;Ferrari;GF;34.756;59.634;31.765;
83;3;6;2:05.628;0;;34.733;0;59.142;0;31.753;0;200.7;12:38.637;14:13:29.800;0:34.733;0:59.142;0:31.753;307.8;Philip HANSON;;HYPERCAR;;AF Corse;Ferrari;GF;34.733;59.142;31.753;
83;3;7;2:30.452;0;;34.871;0;1:00.682;0;54.899;0;167.6;15:09.089;14:16:00.252;0:34.871;1:00.682;0:54.899;308.7;Philip HANSON;;HYPERCAR;;AF Corse;Ferrari;SF;34.871;60.682;54.899;
83;3;8;4:45.728;0;;1:27.907;0;1:55.311;0;1:22.510;0;88.2;19:54.817;14:20:45.980;1:27.907;1:55.311;1:22.510;89.6;Philip HANSON;;HYPERCAR;;AF Corse;Ferrari;SF;87.907;115.311;82.510;
83;3;9;3:07.556;0;;1:07.710;0;1:18.845;0;41.001;0;134.4;23:02.373;14:23:53.536;1:07.710;1:18.845;0:41.001;128.2;Philip HANSON;;HYPERCAR;;AF Corse;Ferrari;SF;67.710;78.845;41.001;
83;3;10;2:57.680;0;;47.847;0;1:19.767;0;50.066;0;141.9;26:00.053;14:26:51.216;0:47.847;1:19.767;0:50.066;172.8;Philip HANSON;;HYPERCAR;;AF Corse;Ferrari;GF;47.847;79.767;50.066;
83;3;11;2:06.857;0;;34.973;0;1:00.104;0;31.780;0;198.8;28:06.910;14:28:58.073;0:34.973;1:00.104;0:31.780;306.1;Philip HANSON;;HYPERCAR;;AF Corse;Ferrari;GF;34.973;60.104;31.780;
83;3;12;2:06.461;0;;34.756;0;59.786;0;31.919;0;199.4;30:13.371;14:31:04.534;0:34.756;0:59.786;0:31.919;299.3;Philip HANSON;;HYPERCAR;;AF Corse;Ferrari;GF;34.756;59.786;31.919;
83;3;13;2:06.159;0;;34.709;0;59.723;0;31.727;0;199.9;32:19.530;14:33:10.693;0:34.709;0:59.723;0:31.727;314.1;Philip HANSON;;HYPERCAR;;AF Corse;Ferrari;GF;34.709;59.723;31.727;
83;3;14;2:06.123;0;;34.705;0;59.596;0;31.822;0;199.9;34:25.653;14:35:16.816;0:34.705;0:59.596;0:31.822;307.8;Philip HANSON;;HYPERCAR;;AF Corse;Ferrari;GF;34.705;59.596;31.822;
83;3;15;2:06.241;0;;34.688;0;59.778;0;31.775;0;199.7;36:31.894;14:37:23.057;0:34.688;0:59.778;0:31.775;306.1;Philip HANSON;;HYPERCAR;;AF Corse;Ferrari;GF;34.688;59.778;31.775;
83;3;16;2:06.481;0;;34.773;0;59.793;0;31.915;0;199.4;38:38.375;14:39:29.538;0:34.773;0:59.793;0:31.915;299.3;Philip HANSON;;HYPERCAR;;AF Corse;Ferrari;GF;34.773;59.793;31.915;
83;3;17;2:08.325;0;;34.960;0;1:00.707;0;32.658;0;196.5;40:46.700;14:41:37.863;0:34.960;1:00.707;0:32.658;294.5;Philip HANSON;;HYPERCAR;;AF Corse;Ferrari;GF;34.960;60.707;32.658;
83;3;18;2:11.118;0;;35.766;0;1:01.830;0;33.522;0;192.3;42:57.818;14:43:48.981;0:35.766;1:01.830;0:33.522;280.7;Philip HANSON;;HYPERCAR;;AF Corse;Ferrari;GF;35.766;61.830;33.522;
83;3;19;2:09.191;0;;36.469;0;1:00.514;0;32.208;0;195.2;45:07.009;14:45:58.172;0:36.469;1:00.514;0:32.208;307.8;Philip HANSON;;HYPERCAR;;AF Corse;Ferrari;GF;36.469;60.514;32.208;
83;3;20;2:06.943;0;;35.142;0;59.825;0;31.976;0;198.6;47:13.952;14:48:05.115;0:35.142;0:59.825;0:31.976;308.7;Philip HANSON;;HYPERCAR;;AF Corse;Ferrari;GF;35.142;59.825;31.976;
83;3;21;2:06.951;0;;34.712;0;1:00.272;0;31.967;0;198.6;49:20.903;14:50:12.066;0:34.712;1:00.272;0:31.967;300.2;Philip HANSON;;HYPERCAR;;AF Corse;Ferrari;GF;34.712;60.272;31.967;
83;3;22;2:06.524;0;;34.803;0;59.828;0;31.893;0;199.3;51:27.427;14:52:18.590;0:34.803;0:59.828;0:31.893;299.3;Philip HANSON;;HYPERCAR;;AF Corse;Ferrari;GF;34.803;59.828;31.893;
83;3;23;2:08.000;0;;35.929;0;1:00.180;0;31.891;0;197.0;53:35.427;14:54:26.590;0:35.929;1:00.180;0:31.891;295.3;Philip HANSON;;HYPERCAR;;AF Corse;Ferrari;GF;35.929;60.180;31.891;
83;3;24;2:06.296;0;;34.667;0;59.791;0;31.838;0;199.6;55:41.723;14:56:32.886;0:34.667;0:59.791;0:31.838;309.6;Philip HANSON;;HYPERCAR;;AF Corse;Ferrari;GF;34.667;59.791;31.838;
83;3;25;2:06.245;0;;34.583;0;59.765;0;31.897;0;199.7;57:47.968;14:58:39.131;0:34.583;0:59.765;0:31.897;304.4;Philip HANSON;;HYPERCAR;;AF Corse;Ferrari;GF;34.583;59.765;31.897;
83;3;26;2:13.677;0;B;34.912;0;1:00.588;0;38.177;0;188.6;1:00:01.645;15:00:52.808;0:34.912;1:00.588;0:38.177;304.4;Philip HANSON;;HYPERCAR;;AF Corse;Ferrari;GF;34.912;60.588;38.177;
83;3;27;2:54.650;0;;1:22.378;0;1:00.204;0;32.068;0;144.4;1:02:56.295;15:03:47.458;1:22.378;1:00.204;0:32.068;296.9;Philip HANSON;0:00:57.450;HYPERCAR;;AF Corse;Ferrari;GF;82.378;60.204;32.068;
83;3;28;2:08.626;0;;35.148;0;1:01.293;0;32.185;0;196.0;1:05:04.921;15:05:56.084;0:35.148;1:01.293;0:32.185;307.8;Philip HANSON;;HYPERCAR;;AF Corse;Ferrari;GF;35.148;61.293;32.185;
83;3;29;2:07.917;0;;34.855;0;1:00.393;0;32.669;0;197.1;1:07:12.838;15:08:04.001;0:34.855;1:00.393;0:32.669;307.0;Philip HANSON;;HYPERCAR;;AF Corse;Ferrari;GF;34.855;60.393;32.669;
83;3;30;2:06.952;0;;35.143;0;59.661;0;32.148;0;198.6;1:09:19.790;15:10:10.953;0:35.143;0:59.661;0:32.148;308.7;Philip HANSON;;HYPERCAR;;AF Corse;Ferrari;GF;35.143;59.661;32.148;
83;3;31;2:06.571;0;;34.740;0;59.912;0;31.919;0;199.2;1:11:26.361;15:12:17.524;0:34.740;0:59.912;0:31.919;306.1;Philip HANSON;;HYPERCAR;;AF Corse;Ferrari;GF;34.740;59.912;31.919;
83;3;32;2:07.339;0;;34.736;0;59.998;0;32.605;0;198.0;1:13:33.700;15:14:24.863;0:34.736;0:59.998;0:32.605;301.0;Philip HANSON;;HYPERCAR;;AF Corse;Ferrari;GF;34.736;59.998;32.605;
83;3;33;2:08.511;0;;35.466;0;1:00.817;0;32.228;0;196.2;1:15:42.211;15:16:33.374;0:35.466;1:00.817;0:32.228;306.1;Philip HANSON;;HYPERCAR;;AF Corse;Ferrari;GF;35.466;60.817;32.228;
83;3;34;2:06.957;0;;34.848;0;1:00.107;0;32.002;0;198.6;1:17:49.168;15:18:40.331;0:34.848;1:00.107;0:32.002;301.8;Philip HANSON;;HYPERCAR;;AF Corse;Ferrari;GF;34.848;60.107;32.002;
83;3;35;2:09.518;0;;36.278;0;1:01.285;0;31.955;0;194.7;1:19:58.686;15:20:49.849;0:36.278;1:01.285;0:31.955;303.5;Philip HANSON;;HYPERCAR;;AF Corse;Ferrari;GF;36.278;61.285;31.955;
83;3;36;2:07.120;0;;35.038;0;1:00.103;0;31.979;0;198.3;1:22:05.806;15:22:56.969;0:35.038;1:00.103;0:31.979;304.4;Philip HANSON;;HYPERCAR;;AF Corse;Ferrari;GF;35.038;60.103;31.979;
83;3;37;2:06.442;0;;34.667;0;59.929;0;31.846;0;199.4;1:24:12.248;15:25:03.411;0:34.667;0:59.929;0:31.846;301.0;Philip HANSON;;HYPERCAR;;AF Corse;Ferrari;GF;34.667;59.929;31.846;
83;3;38;2:05.899;0;;34.572;0;59.609;0;31.718;1;200.3;1:26:18.147;15:27:09.310;0:34.572;0:59.609;0:31.718;308.7;Philip HANSON;;HYPERCAR;;AF Corse;Ferrari;GF;34.572;59.609;31.718;
83;3;39;2:07.931;0;;35.990;0;1:00.036;0;31.905;0;197.1;1:28:26.078;15:29:17.241;0:35.990;1:00.036;0:31.905;298.5;Philip HANSON;;HYPERCAR;;AF Corse;Ferrari;GF;35.990;60.036;31.905;
83;3;40;2:06.439;0;;34.650;0;59.746;0;32.043;0;199.4;1:30:32.517;15:31:23.680;0:34.650;0:59.746;0:32.043;306.1;Philip HANSON;;HYPERCAR;;AF Corse;Ferrari;GF;34.650;59.746;32.043;
83;3;41;2:06.750;0;;34.650;0;1:00.078;0;32.022;0;198.9;1:32:39.267;15:33:30.430;0:34.650;1:00.078;0:32.022;303.5;Philip HANSON;;HYPERCAR;;AF Corse;Ferrari;GF;34.650;60.078;32.022;
83;3;42;2:06.940;0;;34.497;1;1:00.378;0;32.065;0;198.6;1:34:46.207;15:35:37.370;0:34.497;1:00.378;0:32.065;312.3;Philip HANSON;;HYPERCAR;;AF Corse;Ferrari;GF;34.497;60.378;32.065;
83;3;43;2:12.893;0;B;34.626;0;1:00.080;0;38.187;0;189.7;1:36:59.100;15:37:50.263;0:34.626;1:00.080;0:38.187;306.1;Philip HANSON;;HYPERCAR;;AF Corse;Ferrari;GF;34.626;60.080;38.187;
83;1;44;3:22.393;0;;1:48.411;0;1:01.819;0;32.163;0;124.6;1:40:21.493;15:41:12.656;1:48.411;1:01.819;0:32.163;283.7;Yifei YE;0:01:21.114;HYPERCAR;;AF Corse;Ferrari;GF;108.411;61.819;32.163;
83;1;45;2:07.243;0;;34.974;0;59.939;0;32.330;0;198.2;1:42:28.736;15:43:19.899;0:34.974;0:59.939;0:32.330;306.1;Yifei YE;;HYPERCAR;;AF Corse;Ferrari;GF;34.974;59.939;32.330;
83;1;46;2:05.695;0;;35.003;0;59.204;0;31.488;0;200.6;1:44:34.431;15:45:25.594;0:35.003;0:59.204;0:31.488;292.9;Yifei YE;;HYPERCAR;;AF Corse;Ferrari;GF;35.003;59.204;31.488;
83;1;47;2:06.644;0;;34.761;0;59.553;0;32.330;0;199.1;1:46:41.075;15:47:32.238;0:34.761;0:59.553;0:32.330;300.2;Yifei YE;;HYPERCAR;;AF Corse;Ferrari;GF;34.761;59.553;32.330;
83;1;48;2:06.113;0;;34.838;0;59.640;0;31.635;0;199.9;1:48:47.188;15:49:38.351;0:34.838;0:59.640;0:31.635;296.9;Yifei YE;;HYPERCAR;;AF Corse;Ferrari;GF;34.838;59.640;31.635;
83;1;49;2:07.146;0;;35.837;0;59.719;0;31.590;0;198.3;1:50:54.334;15:51:45.497;0:35.837;0:59.719;0:31.590;285.9;Yifei YE;;HYPERCAR;;AF Corse;Ferrari;GF;35.837;59.719;31.590;
83;1;50;2:06.684;0;;34.784;0;1:00.168;0;31.732;0;199.0;1:53:01.018;15:53:52.181;0:34.784;1:00.168;0:31.732;297.7;Yifei YE;;HYPERCAR;;AF Corse;Ferrari;GF;34.784;60.168;31.732;
83;1;51;2:05.544;0;;34.605;0;59.416;0;31.523;0;200.8;1:55:06.562;15:55:57.725;0:34.605;0:59.416;0:31.523;298.5;Yifei YE;;HYPERCAR;;AF Corse;Ferrari;GF;34.605;59.416;31.523;
83;1;52;2:04.695;0;;34.671;0;58.594;2;31.430;2;202.2;1:57:11.257;15:58:02.420;0:34.671;0:58.594;0:31.430;296.9;Yifei YE;;HYPERCAR;;AF Corse;Ferrari;GF;34.671;58.594;31.430;
83;1;53;2:08.471;0;;35.977;0;1:00.099;0;32.395;0;196.3;1:59:19.728;16:00:10.891;0:35.977;1:00.099;0:32.395;288.2;Yifei YE;;HYPERCAR;;AF Corse;Ferrari;GF;35.977;60.099;32.395;
83;1;54;2:08.839;0;;35.068;0;1:01.591;0;32.180;0;195.7;2:01:28.567;16:02:19.730;0:35.068;1:01.591;0:32.180;301.0;Yifei YE;;HYPERCAR;;AF Corse;Ferrari;GF;35.068;61.591;32.180;
83;1;55;2:05.121;0;;34.707;0;58.931;0;31.483;0;201.5;2:03:33.688;16:04:24.851;0:34.707;0:58.931;0:31.483;305.2;Yifei YE;;HYPERCAR;;AF Corse;Ferrari;GF;34.707;58.931;31.483;
83;1;56;2:07.236;0;;34.615;0;59.111;0;33.510;0;198.2;2:05:40.924;16:06:32.087;0:34.615;0:59.111;0:33.510;303.5;Yifei YE;;HYPERCAR;;AF Corse;Ferrari;GF;34.615;59.111;33.510;
83;1;57;2:05.005;0;;34.685;0;58.885;0;31.435;0;201.7;2:07:45.929;16:08:37.092;0:34.685;0:58.885;0:31.435;300.2;Yifei YE;;HYPERCAR;;AF Corse;Ferrari;GF;34.685;58.885;31.435;
83;1;58;2:05.690;0;;34.661;0;59.587;0;31.442;0;200.6;2:09:51.619;16:10:42.782;0:34.661;0:59.587;0:31.442;290.5;Yifei YE;;HYPERCAR;;AF Corse;Ferrari;GF;34.661;59.587;31.442;
83;1;59;2:05.159;0;;34.683;0;58.871;0;31.605;0;201.5;2:11:56.778;16:12:47.941;0:34.683;0:58.871;0:31.605;292.9;Yifei YE;;HYPERCAR;;AF Corse;Ferrari;GF;34.683;58.871;31.605;
83;1;60;2:06.998;0;;34.762;0;1:00.054;0;32.182;0;198.5;2:14:03.776;16:14:54.939;0:34.762;1:00.054;0:32.182;287.4;Yifei YE;;HYPERCAR;;AF Corse;Ferrari;GF;34.762;60.054;32.182;
83;1;61;2:06.039;0;;34.816;0;59.318;0;31.905;0;200.1;2:16:09.815;16:17:00.978;0:34.816;0:59.318;0:31.905;287.4;Yifei YE;;HYPERCAR;;AF Corse;Ferrari;GF;34.816;59.318;31.905;
83;1;62;2:06.177;0;;34.696;0;59.716;0;31.765;0;199.8;2:18:15.992;16:19:07.155;0:34.696;0:59.716;0:31.765;291.3;Yifei YE;;HYPERCAR;;AF Corse;Ferrari;GF;34.696;59.716;31.765;
83;1;63;2:07.749;0;;34.764;0;1:00.629;0;32.356;0;197.4;2:20:23.741;16:21:14.904;0:34.764;1:00.629;0:32.356;293.7;Yifei YE;;HYPERCAR;;AF Corse;Ferrari;GF;34.764;60.629;32.356;
83;1;64;2:06.448;0;;34.721;0;59.851;0;31.876;0;199.4;2:22:30.189;16:23:21.352;0:34.721;0:59.851;0:31.876;294.5;Yifei YE;;HYPERCAR;;AF Corse;Ferrari;GF;34.721;59.851;31.876;
83;1;65;2:05.903;0;;35.084;0;59.261;0;31.558;0;200.3;2:24:36.092;16:25:27.255;0:35.084;0:59.261;0:31.558;289.7;Yifei YE;;HYPERCAR;;AF Corse;Ferrari;GF;35.084;59.261;31.558;
83;1;66;2:07.453;0;;34.576;1;1:00.996;0;31.881;0;197.8;2:26:43.545;16:27:34.708;0:34.576;1:00.996;0:31.881;296.9;Yifei YE;;HYPERCAR;;AF Corse;Ferrari;GF;34.576;60.996;31.881;
83;1;67;2:05.376;0;;34.669;0;59.121;0;31.586;0;201.1;2:28:48.921;16:29:40.084;0:34.669;0:59.121;0:31.586;297.7;Yifei YE;;HYPERCAR;;AF Corse;Ferrari;GF;34.669;59.121;31.586;
83;1;68;2:12.357;0;B;34.592;0;59.783;0;37.982;0;190.5;2:31:01.278;16:31:52.441;0:34.592;0:59.783;0:37.982;296.1;Yifei YE;;HYPERCAR;;AF Corse;Ferrari;GF;34.592;59.783;37.982;
83;1;69;3:25.810;0;;1:49.523;0;1:03.652;0;32.635;0;122.5;2:34:27.088;16:35:18.251;1:49.523;1:03.652;0:32.635;289.0;Yifei YE;0:01:21.632;HYPERCAR;;AF Corse;Ferrari;GF;109.523;63.652;32.635;
83;1;70;2:08.474;0;;35.434;0;1:01.010;0;32.030;0;196.3;2:36:35.562;16:37:26.725;0:35.434;1:01.010;0:32.030;308.7;Yifei YE;;HYPERCAR;;AF Corse;Ferrari;GF;35.434;61.010;32.030;
83;1;71;2:06.787;0;;34.850;0;1:00.260;0;31.677;0;198.9;2:38:42.349;16:39:33.512;0:34.850;1:00.260;0:31.677;295.3;Yifei YE;;HYPERCAR;;AF Corse;Ferrari;GF;34.850;60.260;31.677;
83;1;72;2:06.945;0;;34.841;0;1:00.268;0;31.836;0;198.6;2:40:49.294;16:41:40.457;0:34.841;1:00.268;0:31.836;294.5;Yifei YE;;HYPERCAR;;AF Corse;Ferrari;GF;34.841;60.268;31.836;
83;1;73;2:05.535;0;;34.916;0;59.033;0;31.586;0;200.9;2:42:54.829;16:43:45.992;0:34.916;0:59.033;0:31.586;296.1;Yifei YE;;HYPERCAR;;AF Corse;Ferrari;GF;34.916;59.033;31.586;
83;1;74;2:08.649;0;;34.897;0;59.384;0;34.368;0;196.0;2:45:03.478;16:45:54.641;0:34.897;0:59.384;0:34.368;293.7;Yifei YE;;HYPERCAR;;AF Corse;Ferrari;FCY;34.897;59.384;34.368;
83;1;75;3:27.001;0;;1:41.024;0;1:14.040;0;31.937;0;121.8;2:48:30.479;16:49:21.642;1:41.024;1:14.040;0:31.937;80.1;Yifei YE;;HYPERCAR;;AF Corse;Ferrari;GF;101.024;74.040;31.937;
83;1;76;2:07.484;0;;34.837;0;59.877;0;32.770;0;197.8;2:50:37.963;16:51:29.126;0:34.837;0:59.877;0:32.770;301.0;Yifei YE;;HYPERCAR;;AF Corse;Ferrari;GF;34.837;59.877;32.770;
83;1;77;2:07.693;0;;34.972;0;1:00.456;0;32.265;0;197.5;2:52:45.656;16:53:36.819;0:34.972;1:00.456;0:32.265;299.3;Yifei YE;;HYPERCAR;;AF Corse;Ferrari;GF;34.972;60.456;32.265;
83;1;78;2:10.095;0;;34.921;0;1:02.005;0;33.169;0;193.8;2:54:55.751;16:55:46.914;0:34.921;1:02.005;0:33.169;296.9;Yifei YE;;HYPERCAR;;AF Corse;Ferrari;GF;34.921;62.005;33.169;
83;1;79;2:08.772;0;;35.450;0;1:01.448;0;31.874;0;195.8;2:57:04.523;16:57:55.686;0:35.450;1:01.448;0:31.874;301.8;Yifei YE;;HYPERCAR;;AF Corse;Ferrari;GF;35.450;61.448;31.874;
83;1;80;2:06.823;0;;35.093;0;1:00.009;0;31.721;0;198.8;2:59:11.346;17:00:02.509;0:35.093;1:00.009;0:31.721;312.3;Yifei YE;;HYPERCAR;;AF Corse;Ferrari;GF;35.093;60.009;31.721;
83;1;81;2:08.890;0;;34.656;0;1:00.365;0;33.869;0;195.6;3:01:20.236;17:02:11.399;0:34.656;1:00.365;0:33.869;299.3;Yifei YE;;HYPERCAR;;AF Corse;Ferrari;GF;34.656;60.365;33.869;
83;1;82;2:08.532;0;;34.631;0;1:01.034;0;32.867;0;196.2;3:03:28.768;17:04:19.931;0:34.631;1:01.034;0:32.867;304.4;Yifei YE;;HYPERCAR;;AF Corse;Ferrari;GF;34.631;61.034;32.867;
83;1;83;2:08.295;0;;34.659;0;1:01.438;0;32.198;0;196.5;3:05:37.063;17:06:28.226;0:34.659;1:01.438;0:32.198;303.5;Yifei YE;;HYPERCAR;;AF Corse;Ferrari;GF;34.659;61.438;32.198;
83;1;84;2:08.677;0;;36.173;0;1:00.319;0;32.185;0;195.9;3:07:45.740;17:08:36.903;0:36.173;1:00.319;0:32.185;301.8;Yifei YE;;HYPERCAR;;AF Corse;Ferrari;GF;36.173;60.319;32.185;
83;1;85;2:06.966;0;;34.615;0;1:00.569;0;31.782;0;198.6;3:09:52.706;17:10:43.869;0:34.615;1:00.569;0:31.782;300.2;Yifei YE;;HYPERCAR;;AF Corse;Ferrari;GF;34.615;60.569;31.782;
83;1;86;2:08.394;0;;34.878;0;1:01.399;0;32.117;0;196.4;3:12:01.100;17:12:52.263;0:34.878;1:01.399;0:32.117;299.3;Yifei YE;;HYPERCAR;;AF Corse;Ferrari;GF;34.878;61.399;32.117;
83;1;87;2:07.961;0;;35.000;0;1:01.135;0;31.826;0;197.0;3:14:09.061;17:15:00.224;0:35.000;1:01.135;0:31.826;305.2;Yifei YE;;HYPERCAR;;AF Corse;Ferrari;GF;35.000;61.135;31.826;
83;1;88;2:07.536;0;;34.577;0;1:00.526;0;32.433;0;197.7;3:16:16.597;17:17:07.760;0:34.577;1:00.526;0:32.433;309.6;Yifei YE;;HYPERCAR;;AF Corse;Ferrari;GF;34.577;60.526;32.433;
83;1;89;2:06.789;0;;34.640;0;1:00.252;0;31.897;0;198.9;3:18:23.386;17:19:14.549;0:34.640;1:00.252;0:31.897;313.2;Yifei YE;;HYPERCAR;;AF Corse;Ferrari;GF;34.640;60.252;31.897;
83;1;90;2:05.716;0;;34.580;0;59.592;0;31.544;0;200.6;3:20:29.102;17:21:20.265;0:34.580;0:59.592;0:31.544;313.2;Yifei YE;;HYPERCAR;;AF Corse;Ferrari;GF;34.580;59.592;31.544;
83;1;91;2:07.004;0;;34.588;0;1:00.063;0;32.353;0;198.5;3:22:36.106;17:23:27.269;0:34.588;1:00.063;0:32.353;282.2;Yifei YE;;HYPERCAR;;AF Corse;Ferrari;GF;34.588;60.063;32.353;
83;1;92;2:13.163;0;B;34.723;0;1:00.421;0;38.019;0;189.3;3:24:49.269;17:25:40.432;0:34.723;1:00.421;0:38.019;315.0;Yifei YE;;HYPERCAR;;AF Corse;Ferrari;GF;34.723;60.421;38.019;
83;2;93;3:20.021;0;;1:45.699;0;1:01.921;0;32.401;0;126.1;3:28:09.290;17:29:00.453;1:45.699;1:01.921;0:32.401;293.7;Robert KUBICA;0:01:18.333;HYPERCAR;;AF Corse;Ferrari;GF;105.699;61.921;32.401;
83;2;94;2:07.441;0;;35.177;0;1:00.080;0;32.184;0;197.8;3:30:16.731;17:31:07.894;0:35.177;1:00.080;0:32.184;307.0;Robert KUBICA;;HYPERCAR;;AF Corse;Ferrari;GF;35.177;60.080;32.184;
83;2;95;2:09.144;0;;35.993;0;1:01.084;0;32.067;0;195.2;3:32:25.875;17:33:17.038;0:35.993;1:01.084;0:32.067;303.5;Robert KUBICA;;HYPERCAR;;AF Corse;Ferrari;GF;35.993;61.084;32.067;
83;2;96;2:05.944;0;;34.969;0;59.169;0;31.806;0;200.2;3:34:31.819;17:35:22.982;0:34.969;0:59.169;0:31.806;308.7;Robert KUBICA;;HYPERCAR;;AF Corse;Ferrari;GF;34.969;59.169;31.806;
83;2;97;2:07.158;0;;34.865;0;59.993;0;32.300;0;198.3;3:36:38.977;17:37:30.140;0:34.865;0:59.993;0:32.300;304.4;Robert KUBICA;;HYPERCAR;;AF Corse;Ferrari;GF;34.865;59.993;32.300;
83;2;98;2:07.159;0;;35.037;0;1:00.128;0;31.994;0;198.3;3:38:46.136;17:39:37.299;0:35.037;1:00.128;0:31.994;295.3;Robert KUBICA;;HYPERCAR;;AF Corse;Ferrari;GF;35.037;60.128;31.994;
83;2;99;2:08.613;0;;34.779;0;1:01.466;0;32.368;0;196.0;3:40:54.749;17:41:45.912;0:34.779;1:01.466;0:32.368;300.2;Robert KUBICA;;HYPERCAR;;AF Corse;Ferrari;GF;34.779;61.466;32.368;
83;2;100;2:07.392;0;;34.744;0;1:00.391;0;32.257;0;197.9;3:43:02.141;17:43:53.304;0:34.744;1:00.391;0:32.257;298.5;Robert KUBICA;;HYPERCAR;;AF Corse;Ferrari;GF;34.744;60.391;32.257;
83;2;101;2:05.797;0;;34.501;0;59.445;0;31.851;0;200.4;3:45:07.938;17:45:59.101;0:34.501;0:59.445;0:31.851;314.1;Robert KUBICA;;HYPERCAR;;AF Corse;Ferrari;GF;34.501;59.445;31.851;
83;2;102;2:07.639;0;;34.956;0;1:00.404;0;32.279;0;197.5;3:47:15.577;17:48:06.740;0:34.956;1:00.404;0:32.279;314.1;Robert KUBICA;;HYPERCAR;;AF Corse;Ferrari;GF;34.956;60.404;32.279;
83;2;103;2:05.924;0;;34.616;0;59.742;0;31.566;0;200.2;3:49:21.501;17:50:12.664;0:34.616;0:59.742;0:31.566;315.0;Robert KUBICA;;HYPERCAR;;AF Corse;Ferrari;GF;34.616;59.742;31.566;
83;2;104;3:10.736;0;;34.610;0;1:11.477;0;1:24.649;0;132.2;3:52:32.237;17:53:23.400;0:34.610;1:11.477;1:24.649;304.4;Robert KUBICA;;HYPERCAR;;AF Corse;Ferrari;GF;34.610;71.477;84.649;
83;2;105;5:18.092;0;B;1:41.015;0;2:07.991;0;1:29.086;0;79.3;3:57:50.329;17:58:41.492;1:41.015;2:07.991;1:29.086;80.1;Robert KUBICA;;HYPERCAR;;AF Corse;Ferrari;GF;101.015;127.991;89.086;
83;2;106;5:10.432;0;;2:21.458;0;2:05.392;0;43.582;0;81.2;4:03:00.761;18:03:51.924;2:21.458;2:05.392;0:43.582;79.7;Robert KUBICA;0:01:01.409;HYPERCAR;;AF Corse;Ferrari;SF;141.458;125.392;43.582;
83;2;107;2:43.642;0;;51.636;0;1:08.629;0;43.377;0;154.1;4:05:44.403;18:06:35.566;0:51.636;1:08.629;0:43.377;185.5;Robert KUBICA;;HYPERCAR;;AF Corse;Ferrari;SF;51.636;68.629;43.377;
83;2;108;4:20.174;0;;1:01.182;0;1:58.654;0;1:20.338;0;96.9;4:10:04.577;18:10:55.740;1:01.182;1:58.654;1:20.338;61.7;Robert KUBICA;;HYPERCAR;;AF Corse;Ferrari;SF;61.182;118.654;80.338;
83;2;109;4:28.271;0;;1:23.671;0;1:46.452;0;1:18.148;0;94.0;4:14:32.848;18:15:24.011;1:23.671;1:46.452;1:18.148;91.6;Robert KUBICA;;HYPERCAR;;AF Corse;Ferrari;SF;83.671;106.452;78.148;
83;2;110;3:04.841;0;;1:04.841;0;1:11.748;0;48.252;0;136.4;4:17:37.689;18:18:28.852;1:04.841;1:11.748;0:48.252;175.6;Robert KUBICA;;HYPERCAR;;AF Corse;Ferrari;GF;64.841;71.748;48.252;
83;2;111;2:07.508;0;;35.133;0;1:00.515;0;31.860;0;197.7;4:19:45.197;18:20:36.360;0:35.133;1:00.515;0:31.860;301.8;Robert KUBICA;;HYPERCAR;;AF Corse;Ferrari;GF;35.133;60.515;31.860;
83;2;112;2:07.012;0;;34.707;0;1:00.573;0;31.732;0;198.5;4:21:52.209;18:22:43.372;0:34.707;1:00.573;0:31.732;314.1;Robert KUBICA;;HYPERCAR;;AF Corse;Ferrari;GF;34.707;60.573;31.732;
83;2;113;2:06.413;0;;34.605;0;59.771;0;32.037;0;199.5;4:23:58.622;18:24:49.785;0:34.605;0:59.771;0:32.037;311.4;Robert KUBICA;;HYPERCAR;;AF Corse;Ferrari;GF;34.605;59.771;32.037;
83;2;114;2:06.448;0;;34.869;0;59.676;0;31.903;0;199.4;4:26:05.070;18:26:56.233;0:34.869;0:59.676;0:31.903;299.3;Robert KUBICA;;HYPERCAR;;AF Corse;Ferrari;GF;34.869;59.676;31.903;
83;2;115;2:06.760;0;;34.941;0;59.622;0;32.197;0;198.9;4:28:11.830;18:29:02.993;0:34.941;0:59.622;0:32.197;296.1;Robert KUBICA;;HYPERCAR;;AF Corse;Ferrari;GF;34.941;59.622;32.197;
83;2;116;2:06.256;0;;34.987;0;59.500;0;31.769;0;199.7;4:30:18.086;18:31:09.249;0:34.987;0:59.500;0:31.769;294.5;Robert KUBICA;;HYPERCAR;;AF Corse;Ferrari;GF;34.987;59.500;31.769;
83;2;117;2:06.153;0;;34.762;0;59.582;0;31.809;0;199.9;4:32:24.239;18:33:15.402;0:34.762;0:59.582;0:31.809;294.5;Robert KUBICA;;HYPERCAR;;AF Corse;Ferrari;GF;34.762;59.582;31.809;
83;2;118;2:05.894;0;;34.723;0;59.317;0;31.854;0;200.3;4:34:30.133;18:35:21.296;0:34.723;0:59.317;0:31.854;296.1;Robert KUBICA;;HYPERCAR;;AF Corse;Ferrari;GF;34.723;59.317;31.854;
83;2;119;2:08.941;0;;34.649;0;1:01.529;0;32.763;0;195.5;4:36:39.074;18:37:30.237;0:34.649;1:01.529;0:32.763;309.6;Robert KUBICA;;HYPERCAR;;AF Corse;Ferrari;GF;34.649;61.529;32.763;
83;2;120;2:10.119;0;;36.081;0;1:00.647;0;33.391;0;193.8;4:38:49.193;18:39:40.356;0:36.081;1:00.647;0:33.391;291.3;Robert KUBICA;;HYPERCAR;;AF Corse;Ferrari;GF;36.081;60.647;33.391;
83;2;121;2:08.922;0;;35.757;0;1:00.846;0;32.319;0;195.6;4:40:58.115;18:41:49.278;0:35.757;1:00.846;0:32.319;295.3;Robert KUBICA;;HYPERCAR;;AF Corse;Ferrari;GF;35.757;60.846;32.319;
83;2;122;2:05.925;0;;34.553;0;59.545;0;31.827;0;200.2;4:43:04.040;18:43:55.203;0:34.553;0:59.545;0:31.827;307.0;Robert KUBICA;;HYPERCAR;;AF Corse;Ferrari;GF;34.553;59.545;31.827;
83;2;123;2:05.852;0;;34.596;0;59.506;0;31.750;0;200.3;4:45:09.892;18:46:01.055;0:34.596;0:59.506;0:31.750;301.0;Robert KUBICA;;HYPERCAR;;AF Corse;Ferrari;GF;34.596;59.506;31.750;
83;2;124;2:06.658;0;;34.590;0;1:00.161;0;31.907;0;199.1;4:47:16.550;18:48:07.713;0:34.590;1:00.161;0:31.907;298.5;Robert KUBICA;;HYPERCAR;;AF Corse;Ferrari;GF;34.590;60.161;31.907;
83;2;125;2:06.534;0;;34.679;0;1:00.067;0;31.788;0;199.3;4:49:23.084;18:50:14.247;0:34.679;1:00.067;0:31.788;293.7;Robert KUBICA;;HYPERCAR;;AF Corse;Ferrari;GF;34.679;60.067;31.788;
83;2;126;2:06.637;0;;34.607;0;59.917;0;32.113;0;199.1;4:51:29.721;18:52:20.884;0:34.607;0:59.917;0:32.113;296.1;Robert KUBICA;;HYPERCAR;;AF Corse;Ferrari;GF;34.607;59.917;32.113;
83;2;127;2:07.665;0;;34.598;0;1:00.874;0;32.193;0;197.5;4:53:37.386;18:54:28.549;0:34.598;1:00.874;0:32.193;294.5;Robert KUBICA;;HYPERCAR;;AF Corse;Ferrari;GF;34.598;60.874;32.193;
83;2;128;2:07.044;0;;34.614;0;1:00.403;0;32.027;0;198.5;4:55:44.430;18:56:35.593;0:34.614;1:00.403;0:32.027;307.0;Robert KUBICA;;HYPERCAR;;AF Corse;Ferrari;GF;34.614;60.403;32.027;
83;2;129;2:11.340;0;;34.562;0;1:02.929;0;33.849;0;192.0;4:57:55.770;18:58:46.933;0:34.562;1:02.929;0:33.849;299.3;Robert KUBICA;;HYPERCAR;;AF Corse;Ferrari;GF;34.562;62.929;33.849;
83;2;130;2:09.174;0;;34.927;0;1:01.767;0;32.480;0;195.2;5:00:04.944;19:00:56.107;0:34.927;1:01.767;0:32.480;301.0;Robert KUBICA;;HYPERCAR;;AF Corse;Ferrari;GF;34.927;61.767;32.480;
83;2;131;3:35.980;0;;35.038;0;1:36.449;0;1:24.493;0;116.7;5:03:40.924;19:04:32.087;0:35.038;1:36.449;1:24.493;300.2;Robert KUBICA;;HYPERCAR;;AF Corse;Ferrari;GF;35.038;96.449;84.493;
83;2;132;5:17.393;0;B;1:41.101;0;2:07.721;0;1:28.571;0;79.4;5:08:58.317;19:09:49.480;1:41.101;2:07.721;1:28.571;80.0;Robert KUBICA;;HYPERCAR;;AF Corse;Ferrari;GF;101.101;127.721;88.571;
83;2;133;5:06.042;0;;2:37.319;0;1:49.019;0;39.704;0;82.4;5:14:04.359;19:14:55.522;2:37.319;1:49.019;0:39.704;79.9;Robert KUBICA;0:01:17.548;HYPERCAR;;AF Corse;Ferrari;SF;157.319;109.019;39.704;
83;2;134;4:36.408;0;;1:18.486;0;2:00.406;0;1:17.516;0;91.2;5:18:40.767;19:19:31.930;1:18.486;2:00.406;1:17.516;101.5;Robert KUBICA;;HYPERCAR;;AF Corse;Ferrari;SF;78.486;120.406;77.516;
83;2;135;4:01.077;0;;1:31.242;0;1:32.244;0;57.591;0;104.6;5:22:41.844;19:23:33.007;1:31.242;1:32.244;0:57.591;73.3;Robert KUBICA;;HYPERCAR;;AF Corse;Ferrari;SF;91.242;92.244;57.591;
83;2;136;2:59.462;0;;50.759;0;1:19.910;0;48.793;0;140.5;5:25:41.306;19:26:32.469;0:50.759;1:19.910;0:48.793;204.5;Robert KUBICA;;HYPERCAR;;AF Corse;Ferrari;GF;50.759;79.910;48.793;
83;2;137;2:25.598;0;;37.480;0;1:10.789;0;37.329;0;173.2;5:28:06.904;19:28:58.067;0:37.480;1:10.789;0:37.329;176.8;Robert KUBICA;;HYPERCAR;;AF Corse;Ferrari;SF;37.480;70.789;37.329;
83;2;138;4:19.997;0;;1:19.964;0;1:49.825;0;1:10.208;0;97.0;5:32:26.901;19:33:18.064;1:19.964;1:49.825;1:10.208;61.8;Robert KUBICA;;HYPERCAR;;AF Corse;Ferrari;SF;79.964;109.825;70.208;
83;2;139;3:45.178;0;;1:31.342;0;1:25.975;0;47.861;0;112.0;5:36:12.079;19:37:03.242;1:31.342;1:25.975;0:47.861;72.0;Robert KUBICA;;HYPERCAR;;AF Corse;Ferrari;GF;91.342;85.975;47.861;
83;2;140;2:10.804;0;;38.543;0;1:00.587;0;31.674;0;192.8;5:38:22.883;19:39:14.046;0:38.543;1:00.587;0:31.674;251.4;Robert KUBICA;;HYPERCAR;;AF Corse;Ferrari;GF;38.543;60.587;31.674;
83;2;141;2:05.294;0;;34.728;0;59.113;0;31.453;1;201.2;5:40:28.177;19:41:19.340;0:34.728;0:59.113;0:31.453;312.3;Robert KUBICA;;HYPERCAR;;AF Corse;Ferrari;GF;34.728;59.113;31.453;
83;2;142;2:04.613;2;;34.496;2;58.627;1;31.490;0;202.3;5:42:32.790;19:43:23.953;0:34.496;0:58.627;0:31.490;317.8;Robert KUBICA;;HYPERCAR;;AF Corse;Ferrari;GF;34.496;58.627;31.490;
83;2;143;2:05.516;0;;34.584;0;59.249;0;31.683;0;200.9;5:44:38.306;19:45:29.469;0:34.584;0:59.249;0:31.683;315.0;Robert KUBICA;;HYPERCAR;;AF Corse;Ferrari;GF;34.584;59.249;31.683;
83;2;144;2:05.528;0;;34.566;0;59.374;0;31.588;0;200.9;5:46:43.834;19:47:34.997;0:34.566;0:59.374;0:31.588;318.7;Robert KUBICA;;HYPERCAR;;AF Corse;Ferrari;GF;34.566;59.374;31.588;
83;2;145;2:05.532;0;;34.614;0;59.130;0;31.788;0;200.9;5:48:49.366;19:49:40.529;0:34.614;0:59.130;0:31.788;315.0;Robert KUBICA;;HYPERCAR;;AF Corse;Ferrari;GF;34.614;59.130;31.788;
83;2;146;2:05.260;0;;34.552;0;59.160;0;31.548;0;201.3;5:50:54.626;19:51:45.789;0:34.552;0:59.160;0:31.548;317.8;Robert KUBICA;;HYPERCAR;;AF Corse;Ferrari;GF;34.552;59.160;31.548;
83;2;147;2:05.575;0;;34.554;0;59.391;0;31.630;0;200.8;5:53:00.201;19:53:51.364;0:34.554;0:59.391;0:31.630;314.1;Robert KUBICA;;HYPERCAR;;AF Corse;Ferrari;GF;34.554;59.391;31.630;
83;2;148;2:06.715;0;;34.515;0;59.876;0;32.324;0;199.0;5:55:06.916;19:55:58.079;0:34.515;0:59.876;0:32.324;319.6;Robert KUBICA;;HYPERCAR;;AF Corse;Ferrari;GF;34.515;59.876;32.324;
83;2;149;2:08.472;0;;34.585;0;1:01.826;0;32.061;0;196.3;5:57:15.388;19:58:06.551;0:34.585;1:01.826;0:32.061;317.8;Robert KUBICA;;HYPERCAR;;AF Corse;Ferrari;GF;34.585;61.826;32.061;
83;2;150;2:07.405;0;;34.707;0;1:00.631;0;32.067;0;197.9;5:59:22.793;20:00:13.956;0:34.707;1:00.631;0:32.067;314.1;Robert KUBICA;;HYPERCAR;;AF Corse;Ferrari;GF;34.707;60.631;32.067;
83;2;151;2:05.795;0;;34.632;0;59.479;0;31.684;0;200.4;6:01:28.588;20:02:19.751;0:34.632;0:59.479;0:31.684;312.3;Robert KUBICA;;HYPERCAR;;AF Corse;Ferrari;FF;34.632;59.479;31.684;
87;1;1;2:30.462;0;;47.217;0;1:07.409;0;35.836;0;164.7;2:30.462;14:03:21.625;0:47.217;1:07.409;0:35.836;250.8;Petru UMBRÄRESCU;;LMGT3;;Akkodis ASP Team;Lexus;GF;47.217;67.409;35.836;
87;1;2;2:20.564;0;;39.979;0;1:04.582;0;36.003;0;179.4;4:51.026;14:05:42.189;0:39.979;1:04.582;0:36.003;264.3;Petru UMBRÄRESCU;;LMGT3;;Akkodis ASP Team;Lexus;GF;39.979;64.582;36.003;
87;1;3;2:21.396;0;;40.342;0;1:04.961;0;36.093;0;178.3;7:12.422;14:08:03.585;0:40.342;1:04.961;0:36.093;262.4;Petru UMBRÄRESCU;;LMGT3;;Akkodis ASP Team;Lexus;GF;40.342;64.961;36.093;
87;1;4;2:21.581;0;;39.973;0;1:05.514;0;36.094;0;178.1;9:34.003;14:10:25.166;0:39.973;1:05.514;0:36.094;261.7;Petru UMBRÄRESCU;;LMGT3;;Akkodis ASP Team;Lexus;GF;39.973;65.514;36.094;
87;1;5;2:21.531;0;;40.237;0;1:05.060;0;36.234;0;178.2;11:55.534;14:12:46.697;0:40.237;1:05.060;0:36.234;261.7;Petru UMBRÄRESCU;;LMGT3;;Akkodis ASP Team;Lexus;GF;40.237;65.060;36.234;
87;1;6;2:23.824;0;;40.041;0;1:05.577;0;38.206;0;175.3;14:19.358;14:15:10.521;0:40.041;1:05.577;0:38.206;255.0;Petru UMBRÄRESCU;;LMGT3;;Akkodis ASP Team;Lexus;SF;40.041;65.577;38.206;
87;1;7;3:03.241;0;;57.745;0;1:16.179;0;49.317;0;137.6;17:22.599;14:18:13.762;0:57.745;1:16.179;0:49.317;172.5;Petru UMBRÄRESCU;;LMGT3;;Akkodis ASP Team;Lexus;SF;57.745;76.179;49.317;
87;1;8;2:45.219;0;;42.798;0;1:10.653;0;51.768;0;152.6;20:07.818;14:20:58.981;0:42.798;1:10.653;0:51.768;233.0;Petru UMBRÄRESCU;;LMGT3;;Akkodis ASP Team;Lexus;SF;42.798;70.653;51.768;
87;1;9;3:10.942;0;;1:06.562;0;1:19.472;0;44.908;0;132.1;23:18.760;14:24:09.923;1:06.562;1:19.472;0:44.908;133.6;Petru UMBRÄRESCU;;LMGT3;;Akkodis ASP Team;Lexus;SF;66.562;79.472;44.908;
87;1;10;2:49.593;0;;49.108;0;1:13.067;0;47.418;0;148.7;26:08.353;14:26:59.516;0:49.108;1:13.067;0:47.418;195.6;Petru UMBRÄRESCU;;LMGT3;;Akkodis ASP Team;Lexus;GF;49.108;73.067;47.418;
87;1;11;2:23.204;0;;39.950;0;1:06.512;0;36.742;0;176.1;28:31.557;14:29:22.720;0:39.950;1:06.512;0:36.742;259.9;Petru UMBRÄRESCU;;LMGT3;;Akkodis ASP Team;Lexus;GF;39.950;66.512;36.742;
87;1;12;2:22.735;0;;39.953;1;1:06.625;0;36.157;0;176.7;30:54.292;14:31:45.455;0:39.953;1:06.625;0:36.157;266.2;Petru UMBRÄRESCU;;LMGT3;;Akkodis ASP Team;Lexus;GF;39.953;66.625;36.157;
87;1;13;2:24.790;0;;40.110;0;1:07.471;0;37.209;0;174.1;33:19.082;14:34:10.245;0:40.110;1:07.471;0:37.209;266.2;Petru UMBRÄRESCU;;LMGT3;;Akkodis ASP Team;Lexus;GF;40.110;67.471;37.209;
87;1;14;2:25.139;0;;40.386;0;1:08.177;0;36.576;0;173.7;35:44.221;14:36:35.384;0:40.386;1:08.177;0:36.576;264.3;Petru UMBRÄRESCU;;LMGT3;;Akkodis ASP Team;Lexus;GF;40.386;68.177;36.576;
87;1;15;2:22.940;0;;40.257;0;1:06.351;0;36.332;0;176.4;38:07.161;14:38:58.324;0:40.257;1:06.351;0:36.332;253.8;Petru UMBRÄRESCU;;LMGT3;;Akkodis ASP Team;Lexus;GF;40.257;66.351;36.332;
87;1;16;2:23.066;0;;40.141;0;1:06.458;0;36.467;0;176.2;40:30.227;14:41:21.390;0:40.141;1:06.458;0:36.467;255.0;Petru UMBRÄRESCU;;LMGT3;;Akkodis ASP Team;Lexus;GF;40.141;66.458;36.467;
87;1;17;2:25.084;0;;40.350;0;1:06.962;0;37.772;0;173.8;42:55.311;14:43:46.474;0:40.350;1:06.962;0:37.772;262.4;Petru UMBRÄRESCU;;LMGT3;;Akkodis ASP Team;Lexus;GF;40.350;66.962;37.772;
87;1;18;2:24.736;0;;40.884;0;1:07.141;0;36.711;0;174.2;45:20.047;14:46:11.210;0:40.884;1:07.141;0:36.711;246.3;Petru UMBRÄRESCU;;LMGT3;;Akkodis ASP Team;Lexus;GF;40.884;67.141;36.711;
87;1;19;2:24.128;0;;40.416;0;1:07.289;0;36.423;0;174.9;47:44.175;14:48:35.338;0:40.416;1:07.289;0:36.423;253.8;Petru UMBRÄRESCU;;LMGT3;;Akkodis ASP Team;Lexus;GF;40.416;67.289;36.423;
87;1;20;2:23.663;0;;40.204;0;1:06.952;0;36.507;0;175.5;50:07.838;14:50:59.001;0:40.204;1:06.952;0:36.507;263.0;Petru UMBRÄRESCU;;LMGT3;;Akkodis ASP Team;Lexus;GF;40.204;66.952;36.507;
87;1;21;2:23.224;0;;40.343;0;1:06.349;0;36.532;0;176.0;52:31.062;14:53:22.225;0:40.343;1:06.349;0:36.532;260.5;Petru UMBRÄRESCU;;LMGT3;;Akkodis ASP Team;Lexus;GF;40.343;66.349;36.532;
87;1;22;2:22.903;0;;40.187;0;1:06.362;0;36.354;0;176.4;54:53.965;14:55:45.128;0:40.187;1:06.362;0:36.354;253.2;Petru UMBRÄRESCU;;LMGT3;;Akkodis ASP Team;Lexus;GF;40.187;66.362;36.354;
87;1;23;2:23.178;0;;40.255;0;1:06.437;0;36.486;0;176.1;57:17.143;14:58:08.306;0:40.255;1:06.437;0:36.486;258.0;Petru UMBRÄRESCU;;LMGT3;;Akkodis ASP Team;Lexus;GF;40.255;66.437;36.486;
87;1;24;2:23.531;0;;40.299;0;1:06.532;0;36.700;0;175.7;59:40.674;15:00:31.837;0:40.299;1:06.532;0:36.700;261.1;Petru UMBRÄRESCU;;LMGT3;;Akkodis ASP Team;Lexus;GF;40.299;66.532;36.700;
87;1;25;2:25.041;0;;40.624;0;1:07.716;0;36.701;0;173.8;1:02:05.715;15:02:56.878;0:40.624;1:07.716;0:36.701;259.9;Petru UMBRÄRESCU;;LMGT3;;Akkodis ASP Team;Lexus;GF;40.624;67.716;36.701;
87;1;26;2:23.790;0;;40.296;0;1:06.952;0;36.542;0;175.4;1:04:29.505;15:05:20.668;0:40.296;1:06.952;0:36.542;262.4;Petru UMBRÄRESCU;;LMGT3;;Akkodis ASP Team;Lexus;GF;40.296;66.952;36.542;
87;1;27;2:24.349;0;;40.476;0;1:06.638;0;37.235;0;174.7;1:06:53.854;15:07:45.017;0:40.476;1:06.638;0:37.235;261.1;Petru UMBRÄRESCU;;LMGT3;;Akkodis ASP Team;Lexus;GF;40.476;66.638;37.235;
87;1;28;2:34.630;0;B;41.175;0;1:08.435;0;45.020;0;163.1;1:09:28.484;15:10:19.647;0:41.175;1:08.435;0:45.020;259.2;Petru UMBRÄRESCU;;LMGT3;;Akkodis ASP Team;Lexus;GF;41.175;68.435;45.020;
87;1;29;3:46.482;0;;2:00.666;0;1:09.317;0;36.499;0;111.3;1:13:14.966;15:14:06.129;2:00.666;1:09.317;0:36.499;246.8;Petru UMBRÄRESCU;0:01:27.343;LMGT3;;Akkodis ASP Team;Lexus;GF;120.666;69.317;36.499;
87;1;30;2:26.287;0;;40.960;0;1:07.283;0;38.044;0;172.4;1:15:41.253;15:16:32.416;0:40.960;1:07.283;0:38.044;257.4;Petru UMBRÄRESCU;;LMGT3;;Akkodis ASP Team;Lexus;GF;40.960;67.283;38.044;
87;1;31;2:22.191;0;;40.986;0;1:04.902;0;36.303;0;177.3;1:18:03.444;15:18:54.607;0:40.986;1:04.902;0:36.303;259.9;Petru UMBRÄRESCU;;LMGT3;;Akkodis ASP Team;Lexus;GF;40.986;64.902;36.303;
87;1;32;2:20.625;0;;40.248;0;1:04.152;1;36.225;0;179.3;1:20:24.069;15:21:15.232;0:40.248;1:04.152;0:36.225;259.9;Petru UMBRÄRESCU;;LMGT3;;Akkodis ASP Team;Lexus;GF;40.248;64.152;36.225;
87;1;33;2:20.911;0;;40.263;0;1:04.648;0;36.000;0;178.9;1:22:44.980;15:23:36.143;0:40.263;1:04.648;0:36.000;259.9;Petru UMBRÄRESCU;;LMGT3;;Akkodis ASP Team;Lexus;GF;40.263;64.648;36.000;
87;1;34;2:21.267;0;;40.268;0;1:04.902;0;36.097;0;178.5;1:25:06.247;15:25:57.410;0:40.268;1:04.902;0:36.097;259.9;Petru UMBRÄRESCU;;LMGT3;;Akkodis ASP Team;Lexus;GF;40.268;64.902;36.097;
87;1;35;2:20.276;0;;40.152;0;1:04.304;0;35.820;1;179.7;1:27:26.523;15:28:17.686;0:40.152;1:04.304;0:35.820;261.7;Petru UMBRÄRESCU;;LMGT3;;Akkodis ASP Team;Lexus;GF;40.152;64.304;35.820;
87;1;36;2:20.904;0;;40.276;0;1:04.804;0;35.824;0;178.9;1:29:47.427;15:30:38.590;0:40.276;1:04.804;0:35.824;260.5;Petru UMBRÄRESCU;;LMGT3;;Akkodis ASP Team;Lexus;GF;40.276;64.804;35.824;
87;1;37;2:21.076;0;;40.183;0;1:04.895;0;35.998;0;178.7;1:32:08.503;15:32:59.666;0:40.183;1:04.895;0:35.998;262.4;Petru UMBRÄRESCU;;LMGT3;;Akkodis ASP Team;Lexus;GF;40.183;64.895;35.998;
87;1;38;2:21.406;0;;40.178;0;1:05.002;0;36.226;0;178.3;1:34:29.909;15:35:21.072;0:40.178;1:05.002;0:36.226;261.1;Petru UMBRÄRESCU;;LMGT3;;Akkodis ASP Team;Lexus;GF;40.178;65.002;36.226;
87;1;39;2:23.420;0;;40.485;0;1:06.127;0;36.808;0;175.8;1:36:53.329;15:37:44.492;0:40.485;1:06.127;0:36.808;261.7;Petru UMBRÄRESCU;;LMGT3;;Akkodis ASP Team;Lexus;GF;40.485;66.127;36.808;
87;1;40;2:23.247;0;;40.304;0;1:06.090;0;36.853;0;176.0;1:39:16.576;15:40:07.739;0:40.304;1:06.090;0:36.853;253.2;Petru UMBRÄRESCU;;LMGT3;;Akkodis ASP Team;Lexus;GF;40.304;66.090;36.853;
87;1;41;2:23.200;0;;40.353;0;1:06.737;0;36.110;0;176.1;1:41:39.776;15:42:30.939;0:40.353;1:06.737;0:36.110;263.6;Petru UMBRÄRESCU;;LMGT3;;Akkodis ASP Team;Lexus;GF;40.353;66.737;36.110;
87;1;42;2:23.664;0;;40.197;0;1:06.718;0;36.749;0;175.5;1:44:03.440;15:44:54.603;0:40.197;1:06.718;0:36.749;265.6;Petru UMBRÄRESCU;;LMGT3;;Akkodis ASP Team;Lexus;GF;40.197;66.718;36.749;
87;1;43;2:24.345;0;;41.017;0;1:06.853;0;36.475;0;174.7;1:46:27.785;15:47:18.948;0:41.017;1:06.853;0:36.475;246.3;Petru UMBRÄRESCU;;LMGT3;;Akkodis ASP Team;Lexus;GF;41.017;66.853;36.475;
87;1;44;2:21.917;0;;40.565;0;1:05.091;0;36.261;0;177.7;1:48:49.702;15:49:40.865;0:40.565;1:05.091;0:36.261;260.5;Petru UMBRÄRESCU;;LMGT3;;Akkodis ASP Team;Lexus;GF;40.565;65.091;36.261;
87;1;45;2:21.735;0;;40.374;0;1:05.215;0;36.146;0;177.9;1:51:11.437;15:52:02.600;0:40.374;1:05.215;0:36.146;261.1;Petru UMBRÄRESCU;;LMGT3;;Akkodis ASP Team;Lexus;GF;40.374;65.215;36.146;
87;1;46;2:22.863;0;;40.816;0;1:05.965;0;36.082;0;176.5;1:53:34.300;15:54:25.463;0:40.816;1:05.965;0:36.082;258.6;Petru UMBRÄRESCU;;LMGT3;;Akkodis ASP Team;Lexus;GF;40.816;65.965;36.082;
87;1;47;2:29.447;0;B;40.277;0;1:06.380;0;42.790;0;168.7;1:56:03.747;15:56:54.910;0:40.277;1:06.380;0:42.790;261.7;Petru UMBRÄRESCU;;LMGT3;;Akkodis ASP Team;Lexus;GF;40.277;66.380;42.790;
87;2;48;3:30.291;0;;1:46.541;0;1:06.492;0;37.258;0;119.9;1:59:34.038;16:00:25.201;1:46.541;1:06.492;0:37.258;252.0;Clemens SCHMID;0:01:13.913;LMGT3;;Akkodis ASP Team;Lexus;GF;106.541;66.492;37.258;
87;2;49;2:20.809;0;;40.915;0;1:04.242;0;35.652;0;179.1;2:01:54.847;16:02:46.010;0:40.915;1:04.242;0:35.652;255.6;Clemens SCHMID;;LMGT3;;Akkodis ASP Team;Lexus;GF;40.915;64.242;35.652;
87;2;50;2:19.009;0;;39.822;0;1:03.659;0;35.528;1;181.4;2:04:13.856;16:05:05.019;0:39.822;1:03.659;0:35.528;260.5;Clemens SCHMID;;LMGT3;;Akkodis ASP Team;Lexus;GF;39.822;63.659;35.528;
87;2;51;2:19.368;0;;40.149;0;1:03.655;2;35.564;0;180.9;2:06:33.224;16:07:24.387;0:40.149;1:03.655;0:35.564;258.0;Clemens SCHMID;;LMGT3;;Akkodis ASP Team;Lexus;GF;40.149;63.655;35.564;
87;2;52;2:19.421;0;;39.780;0;1:04.052;0;35.589;0;180.8;2:08:52.645;16:09:43.808;0:39.780;1:04.052;0:35.589;261.1;Clemens SCHMID;;LMGT3;;Akkodis ASP Team;Lexus;GF;39.780;64.052;35.589;
87;2;53;2:20.966;0;;39.840;0;1:05.334;0;35.792;0;178.9;2:11:13.611;16:12:04.774;0:39.840;1:05.334;0:35.792;262.4;Clemens SCHMID;;LMGT3;;Akkodis ASP Team;Lexus;GF;39.840;65.334;35.792;
87;2;54;2:20.427;0;;39.790;0;1:04.732;0;35.905;0;179.6;2:13:34.038;16:14:25.201;0:39.790;1:04.732;0:35.905;263.0;Clemens SCHMID;;LMGT3;;Akkodis ASP Team;Lexus;GF;39.790;64.732;35.905;
87;2;55;2:20.214;0;;39.811;0;1:04.589;0;35.814;0;179.8;2:15:54.252;16:16:45.415;0:39.811;1:04.589;0:35.814;262.4;Clemens SCHMID;;LMGT3;;Akkodis ASP Team;Lexus;GF;39.811;64.589;35.814;
87;2;56;2:20.750;0;;39.874;0;1:04.691;0;36.185;0;179.1;2:18:15.002;16:19:06.165;0:39.874;1:04.691;0:36.185;263.6;Clemens SCHMID;;LMGT3;;Akkodis ASP Team;Lexus;GF;39.874;64.691;36.185;
87;2;57;2:21.562;0;;39.769;0;1:05.665;0;36.128;0;178.1;2:20:36.564;16:21:27.727;0:39.769;1:05.665;0:36.128;264.9;Clemens SCHMID;;LMGT3;;Akkodis ASP Team;Lexus;GF;39.769;65.665;36.128;
87;2;58;2:20.914;0;;39.694;0;1:05.356;0;35.864;0;178.9;2:22:57.478;16:23:48.641;0:39.694;1:05.356;0:35.864;267.6;Clemens SCHMID;;LMGT3;;Akkodis ASP Team;Lexus;GF;39.694;65.356;35.864;
87;2;59;2:20.971;0;;39.798;0;1:05.147;0;36.026;0;178.9;2:25:18.449;16:26:09.612;0:39.798;1:05.147;0:36.026;264.9;Clemens SCHMID;;LMGT3;;Akkodis ASP Team;Lexus;GF;39.798;65.147;36.026;
87;2;60;2:21.566;0;;40.036;0;1:05.410;0;36.120;0;178.1;2:27:40.015;16:28:31.178;0:40.036;1:05.410;0:36.120;263.6;Clemens SCHMID;;LMGT3;;Akkodis ASP Team;Lexus;GF;40.036;65.410;36.120;
87;2;61;2:22.161;0;;40.097;0;1:05.986;0;36.078;0;177.4;2:30:02.176;16:30:53.339;0:40.097;1:05.986;0:36.078;255.6;Clemens SCHMID;;LMGT3;;Akkodis ASP Team;Lexus;GF;40.097;65.986;36.078;
87;2;62;2:21.967;0;;40.091;0;1:05.499;0;36.377;0;177.6;2:32:24.143;16:33:15.306;0:40.091;1:05.499;0:36.377;263.0;Clemens SCHMID;;LMGT3;;Akkodis ASP Team;Lexus;GF;40.091;65.499;36.377;
87;2;63;2:21.718;0;;39.972;0;1:05.605;0;36.141;0;177.9;2:34:45.861;16:35:37.024;0:39.972;1:05.605;0:36.141;264.3;Clemens SCHMID;;LMGT3;;Akkodis ASP Team;Lexus;GF;39.972;65.605;36.141;
87;2;64;2:22.387;0;;40.059;0;1:05.883;0;36.445;0;177.1;2:37:08.248;16:37:59.411;0:40.059;1:05.883;0:36.445;254.4;Clemens SCHMID;;LMGT3;;Akkodis ASP Team;Lexus;GF;40.059;65.883;36.445;
87;2;65;2:22.638;0;;39.824;0;1:06.301;0;36.513;0;176.8;2:39:30.886;16:40:22.049;0:39.824;1:06.301;0:36.513;260.5;Clemens SCHMID;;LMGT3;;Akkodis ASP Team;Lexus;GF;39.824;66.301;36.513;
87;2;66;2:23.966;0;;40.556;0;1:06.698;0;36.712;0;175.1;2:41:54.852;16:42:46.015;0:40.556;1:06.698;0:36.712;253.2;Clemens SCHMID;;LMGT3;;Akkodis ASP Team;Lexus;GF;40.556;66.698;36.712;
87;2;67;2:22.512;0;;40.093;0;1:06.052;0;36.367;0;176.9;2:44:17.364;16:45:08.527;0:40.093;1:06.052;0:36.367;257.4;Clemens SCHMID;;LMGT3;;Akkodis ASP Team;Lexus;GF;40.093;66.052;36.367;
87;2;68;3:32.398;0;;48.744;0;2:06.772;0;36.882;0;118.7;2:47:49.762;16:48:40.925;0:48.744;2:06.772;0:36.882;79.9;Clemens SCHMID;;LMGT3;;Akkodis ASP Team;Lexus;GF;48.744;126.772;36.882;
87;2;69;2:22.591;0;;40.215;0;1:05.974;0;36.402;0;176.8;2:50:12.353;16:51:03.516;0:40.215;1:05.974;0:36.402;261.1;Clemens SCHMID;;LMGT3;;Akkodis ASP Team;Lexus;GF;40.215;65.974;36.402;
87;2;70;2:24.523;0;;41.566;0;1:06.751;0;36.206;0;174.5;2:52:36.876;16:53:28.039;0:41.566;1:06.751;0:36.206;258.6;Clemens SCHMID;;LMGT3;;Akkodis ASP Team;Lexus;GF;41.566;66.751;36.206;
87;2;71;2:23.764;0;;40.161;0;1:06.898;0;36.705;0;175.4;2:55:00.640;16:55:51.803;0:40.161;1:06.898;0:36.705;263.0;Clemens SCHMID;;LMGT3;;Akkodis ASP Team;Lexus;GF;40.161;66.898;36.705;
87;2;72;2:22.207;0;;40.179;0;1:05.787;0;36.241;0;177.3;2:57:22.847;16:58:14.010;0:40.179;1:05.787;0:36.241;262.4;Clemens SCHMID;;LMGT3;;Akkodis ASP Team;Lexus;GF;40.179;65.787;36.241;
87;2;73;2:28.641;0;B;40.034;0;1:06.283;0;42.324;0;169.6;2:59:51.488;17:00:42.651;0:40.034;1:06.283;0:42.324;263.0;Clemens SCHMID;;LMGT3;;Akkodis ASP Team;Lexus;GF;40.034;66.283;42.324;
87;2;74;3:33.006;0;;1:50.192;0;1:06.749;0;36.065;0;118.4;3:03:24.494;17:04:15.657;1:50.192;1:06.749;0:36.065;253.2;Clemens SCHMID;0:01:18.751;LMGT3;;Akkodis ASP Team;Lexus;GF;110.192;66.749;36.065;
87;2;75;2:20.882;0;;40.451;0;1:04.604;0;35.827;0;179.0;3:05:45.376;17:06:36.539;0:40.451;1:04.604;0:35.827;263.0;Clemens SCHMID;;LMGT3;;Akkodis ASP Team;Lexus;GF;40.451;64.604;35.827;
87;2;76;2:20.623;0;;40.443;0;1:04.429;0;35.751;0;179.3;3:08:05.999;17:08:57.162;0:40.443;1:04.429;0:35.751;261.1;Clemens SCHMID;;LMGT3;;Akkodis ASP Team;Lexus;GF;40.443;64.429;35.751;
87;2;77;2:20.614;0;;39.882;0;1:04.578;0;36.154;0;179.3;3:10:26.613;17:11:17.776;0:39.882;1:04.578;0:36.154;263.0;Clemens SCHMID;;LMGT3;;Akkodis ASP Team;Lexus;GF;39.882;64.578;36.154;
87;2;78;2:20.400;0;;39.890;0;1:04.671;0;35.839;0;179.6;3:12:47.013;17:13:38.176;0:39.890;1:04.671;0:35.839;263.0;Clemens SCHMID;;LMGT3;;Akkodis ASP Team;Lexus;GF;39.890;64.671;35.839;
87;2;79;2:20.085;0;;39.839;0;1:04.501;0;35.745;0;180.0;3:15:07.098;17:15:58.261;0:39.839;1:04.501;0:35.745;263.6;Clemens SCHMID;;LMGT3;;Akkodis ASP Team;Lexus;GF;39.839;64.501;35.745;
87;2;80;2:20.412;0;;40.017;0;1:04.671;0;35.724;0;179.6;3:17:27.510;17:18:18.673;0:40.017;1:04.671;0:35.724;262.4;Clemens SCHMID;;LMGT3;;Akkodis ASP Team;Lexus;GF;40.017;64.671;35.724;
87;2;81;2:20.988;0;;39.928;0;1:05.103;0;35.957;0;178.8;3:19:48.498;17:20:39.661;0:39.928;1:05.103;0:35.957;261.7;Clemens SCHMID;;LMGT3;;Akkodis ASP Team;Lexus;GF;39.928;65.103;35.957;
87;2;82;2:21.483;0;;39.760;0;1:05.459;0;36.264;0;178.2;3:22:09.981;17:23:01.144;0:39.760;1:05.459;0:36.264;264.9;Clemens SCHMID;;LMGT3;;Akkodis ASP Team;Lexus;GF;39.760;65.459;36.264;
87;2;83;2:20.600;0;;39.805;0;1:04.882;0;35.913;0;179.3;3:24:30.581;17:25:21.744;0:39.805;1:04.882;0:35.913;263.0;Clemens SCHMID;;LMGT3;;Akkodis ASP Team;Lexus;GF;39.805;64.882;35.913;
87;2;84;2:21.572;0;;40.196;0;1:05.488;0;35.888;0;178.1;3:26:52.153;17:27:43.316;0:40.196;1:05.488;0:35.888;253.8;Clemens SCHMID;;LMGT3;;Akkodis ASP Team;Lexus;GF;40.196;65.488;35.888;
87;2;85;2:21.159;0;;39.783;0;1:05.421;0;35.955;0;178.6;3:29:13.312;17:30:04.475;0:39.783;1:05.421;0:35.955;263.6;Clemens SCHMID;;LMGT3;;Akkodis ASP Team;Lexus;GF;39.783;65.421;35.955;
87;2;86;2:20.952;0;;39.728;0;1:05.223;0;36.001;0;178.9;3:31:34.264;17:32:25.427;0:39.728;1:05.223;0:36.001;263.6;Clemens SCHMID;;LMGT3;;Akkodis ASP Team;Lexus;GF;39.728;65.223;36.001;
87;2;87;2:21.368;0;;39.681;1;1:05.701;0;35.986;0;178.4;3:33:55.632;17:34:46.795;0:39.681;1:05.701;0:35.986;259.2;Clemens SCHMID;;LMGT3;;Akkodis ASP Team;Lexus;GF;39.681;65.701;35.986;
87;2;88;2:21.581;0;;39.801;0;1:05.654;0;36.126;0;178.1;3:36:17.213;17:37:08.376;0:39.801;1:05.654;0:36.126;263.6;Clemens SCHMID;;LMGT3;;Akkodis ASP Team;Lexus;GF;39.801;65.654;36.126;
87;2;89;2:21.555;0;;39.839;0;1:05.768;0;35.948;0;178.1;3:38:38.768;17:39:29.931;0:39.839;1:05.768;0:35.948;264.3;Clemens SCHMID;;LMGT3;;Akkodis ASP Team;Lexus;GF;39.839;65.768;35.948;
87;2;90;2:22.688;0;;39.750;0;1:06.785;0;36.153;0;176.7;3:41:01.456;17:41:52.619;0:39.750;1:06.785;0:36.153;259.9;Clemens SCHMID;;LMGT3;;Akkodis ASP Team;Lexus;GF;39.750;66.785;36.153;
87;2;91;2:21.535;0;;39.711;0;1:05.632;0;36.192;0;178.1;3:43:22.991;17:44:14.154;0:39.711;1:05.632;0:36.192;262.4;Clemens SCHMID;;LMGT3;;Akkodis ASP Team;Lexus;GF;39.711;65.632;36.192;
87;2;92;2:21.891;0;;39.879;0;1:05.664;0;36.348;0;177.7;3:45:44.882;17:46:36.045;0:39.879;1:05.664;0:36.348;264.3;Clemens SCHMID;;LMGT3;;Akkodis ASP Team;Lexus;GF;39.879;65.664;36.348;
87;2;93;2:22.096;0;;39.690;0;1:06.286;0;36.120;0;177.4;3:48:06.978;17:48:58.141;0:39.690;1:06.286;0:36.120;262.4;Clemens SCHMID;;LMGT3;;Akkodis ASP Team;Lexus;GF;39.690;66.286;36.120;
87;2;94;2:29.282;0;B;40.002;0;1:07.028;0;42.252;0;168.9;3:50:36.260;17:51:27.423;0:40.002;1:07.028;0:42.252;261.1;Clemens SCHMID;;LMGT3;;Akkodis ASP Team;Lexus;GF;40.002;67.028;42.252;
87;3;95;6:09.638;0;;2:35.296;0;2:08.567;0;1:25.775;0;68.2;3:56:45.898;17:57:37.061;2:35.296;2:08.567;1:25.775;79.2;José María LÓPEZ;0:01:14.567;LMGT3;;Akkodis ASP Team;Lexus;GF;155.296;128.567;85.775;
87;3;96;5:16.331;0;;1:42.225;0;2:08.583;0;1:25.523;0;79.7;4:02:02.229;18:02:53.392;1:42.225;2:08.583;1:25.523;79.3;José María LÓPEZ;;LMGT3;;Akkodis ASP Team;Lexus;SF;102.225;128.583;85.523;
87;3;97;3:15.814;0;;55.465;0;1:23.879;0;56.470;0;128.8;4:05:18.043;18:06:09.206;0:55.465;1:23.879;0:56.470;146.2;José María LÓPEZ;;LMGT3;;Akkodis ASP Team;Lexus;SF;55.465;83.879;56.470;
87;3;98;3:39.831;0;;1:11.678;0;1:47.124;0;41.029;0;114.7;4:08:57.874;18:09:49.037;1:11.678;1:47.124;0:41.029;91.4;José María LÓPEZ;;LMGT3;;Akkodis ASP Team;Lexus;SF;71.678;107.124;41.029;
87;3;99;2:31.131;0;;42.923;0;1:09.629;0;38.579;0;166.8;4:11:29.005;18:12:20.168;0:42.923;1:09.629;0:38.579;231.5;José María LÓPEZ;;LMGT3;;Akkodis ASP Team;Lexus;SF;42.923;69.629;38.579;
87;3;100;3:17.809;0;;43.124;0;1:11.446;0;1:23.239;0;127.5;4:14:46.814;18:15:37.977;0:43.124;1:11.446;1:23.239;240.3;José María LÓPEZ;;LMGT3;;Akkodis ASP Team;Lexus;SF;43.124;71.446;83.239;
87;3;101;3:02.293;0;;1:02.043;0;1:09.545;0;50.705;0;138.3;4:17:49.107;18:18:40.270;1:02.043;1:09.545;0:50.705;170.9;José María LÓPEZ;;LMGT3;;Akkodis ASP Team;Lexus;GF;62.043;69.545;50.705;
87;3;102;2:20.870;0;;39.674;0;1:04.648;0;36.548;0;179.0;4:20:09.977;18:21:01.140;0:39.674;1:04.648;0:36.548;266.2;José María LÓPEZ;;LMGT3;;Akkodis ASP Team;Lexus;GF;39.674;64.648;36.548;
87;3;103;2:20.424;0;;40.285;0;1:04.485;0;35.654;0;179.6;4:22:30.401;18:23:21.564;0:40.285;1:04.485;0:35.654;265.6;José María LÓPEZ;;LMGT3;;Akkodis ASP Team;Lexus;GF;40.285;64.485;35.654;
87;3;104;2:20.287;0;;40.260;0;1:04.554;0;35.473;0;179.7;4:24:50.688;18:25:41.851;0:40.260;1:04.554;0:35.473;256.2;José María LÓPEZ;;LMGT3;;Akkodis ASP Team;Lexus;GF;40.260;64.554;35.473;
87;3;105;2:19.055;0;;39.516;0;1:03.988;0;35.551;0;181.3;4:27:09.743;18:28:00.906;0:39.516;1:03.988;0:35.551;266.2;José María LÓPEZ;;LMGT3;;Akkodis ASP Team;Lexus;GF;39.516;63.988;35.551;
87;3;106;2:20.081;0;;39.923;0;1:04.247;0;35.911;0;180.0;4:29:29.824;18:30:20.987;0:39.923;1:04.247;0:35.911;263.0;José María LÓPEZ;;LMGT3;;Akkodis ASP Team;Lexus;GF;39.923;64.247;35.911;
87;3;107;2:19.793;0;;39.402;2;1:04.710;0;35.681;0;180.4;4:31:49.617;18:32:40.780;0:39.402;1:04.710;0:35.681;266.2;José María LÓPEZ;;LMGT3;;Akkodis ASP Team;Lexus;GF;39.402;64.710;35.681;
87;3;108;2:20.198;0;;39.805;0;1:04.698;0;35.695;0;179.8;4:34:09.815;18:35:00.978;0:39.805;1:04.698;0:35.695;264.9;José María LÓPEZ;;LMGT3;;Akkodis ASP Team;Lexus;GF;39.805;64.698;35.695;
87;3;109;2:20.761;0;;39.714;0;1:04.794;0;36.253;0;179.1;4:36:30.576;18:37:21.739;0:39.714;1:04.794;0:36.253;265.6;José María LÓPEZ;;LMGT3;;Akkodis ASP Team;Lexus;GF;39.714;64.794;36.253;
87;3;110;2:22.022;0;;39.713;0;1:06.163;0;36.146;0;177.5;4:38:52.598;18:39:43.761;0:39.713;1:06.163;0:36.146;267.6;José María LÓPEZ;;LMGT3;;Akkodis ASP Team;Lexus;GF;39.713;66.163;36.146;
87;3;111;2:21.290;0;;40.475;0;1:05.006;0;35.809;0;178.5;4:41:13.888;18:42:05.051;0:40.475;1:05.006;0:35.809;261.7;José María LÓPEZ;;LMGT3;;Akkodis ASP Team;Lexus;GF;40.475;65.006;35.809;
87;3;112;2:20.749;0;;39.871;0;1:05.032;0;35.846;0;179.1;4:43:34.637;18:44:25.800;0:39.871;1:05.032;0:35.846;263.0;José María LÓPEZ;;LMGT3;;Akkodis ASP Team;Lexus;GF;39.871;65.032;35.846;
87;3;113;2:20.845;0;;39.968;0;1:04.857;0;36.020;0;179.0;4:45:55.482;18:46:46.645;0:39.968;1:04.857;0:36.020;263.6;José María LÓPEZ;;LMGT3;;Akkodis ASP Team;Lexus;GF;39.968;64.857;36.020;
87;3;114;2:20.523;0;;39.763;0;1:04.913;0;35.847;0;179.4;4:48:16.005;18:49:07.168;0:39.763;1:04.913;0:35.847;263.6;José María LÓPEZ;;LMGT3;;Akkodis ASP Team;Lexus;GF;39.763;64.913;35.847;
87;3;115;2:20.973;0;;39.740;0;1:05.033;0;36.200;0;178.9;4:50:36.978;18:51:28.141;0:39.740;1:05.033;0:36.200;264.3;José María LÓPEZ;;LMGT3;;Akkodis ASP Team;Lexus;GF;39.740;65.033;36.200;
87;3;116;2:20.912;0;;39.907;0;1:05.114;0;35.891;0;178.9;4:52:57.890;18:53:49.053;0:39.907;1:05.114;0:35.891;263.6;José María LÓPEZ;;LMGT3;;Akkodis ASP Team;Lexus;GF;39.907;65.114;35.891;
87;3;117;2:22.053;0;;40.104;0;1:05.952;0;35.997;0;177.5;4:55:19.943;18:56:11.106;0:40.104;1:05.952;0:35.997;264.9;José María LÓPEZ;;LMGT3;;Akkodis ASP Team;Lexus;GF;40.104;65.952;35.997;
87;3;118;2:23.379;0;;39.894;0;1:06.843;0;36.642;0;175.9;4:57:43.322;18:58:34.485;0:39.894;1:06.843;0:36.642;259.2;José María LÓPEZ;;LMGT3;;Akkodis ASP Team;Lexus;GF;39.894;66.843;36.642;
87;3;119;2:27.534;0;;41.899;0;1:07.600;0;38.035;0;170.9;5:00:10.856;19:01:02.019;0:41.899;1:07.600;0:38.035;259.9;José María LÓPEZ;;LMGT3;;Akkodis ASP Team;Lexus;GF;41.899;67.600;38.035;
87;3;120;4:00.721;0;B;40.256;0;1:51.906;0;1:28.559;0;104.7;5:04:11.577;19:05:02.740;0:40.256;1:51.906;1:28.559;263.6;José María LÓPEZ;;LMGT3;;Akkodis ASP Team;Lexus;GF;40.256;111.906;88.559;
87;3;121;6:01.239;0;;2:26.038;0;2:09.257;0;1:25.944;0;69.8;5:10:12.816;19:11:03.979;2:26.038;2:09.257;1:25.944;79.1;José María LÓPEZ;0:01:05.193;LMGT3;;Akkodis ASP Team;Lexus;GF;146.038;129.257;85.944;
87;3;122;4:03.031;0;;1:42.679;0;1:40.542;0;39.810;0;103.7;5:14:15.847;19:15:07.010;1:42.679;1:40.542;0:39.810;79.2;José María LÓPEZ;;LMGT3;;Akkodis ASP Team;Lexus;SF;102.679;100.542;39.810;
87;3;123;4:27.186;0;;1:10.482;0;1:59.344;0;1:17.360;0;94.4;5:18:43.033;19:19:34.196;1:10.482;1:59.344;1:17.360;83.2;José María LÓPEZ;;LMGT3;;Akkodis ASP Team;Lexus;SF;70.482;119.344;77.360;
87;3;124;4:01.300;0;;1:32.136;0;1:31.197;0;57.967;0;104.5;5:22:44.333;19:23:35.496;1:32.136;1:31.197;0:57.967;82.5;José María LÓPEZ;;LMGT3;;Akkodis ASP Team;Lexus;SF;92.136;91.197;57.967;
87;3;125;2:58.784;0;;50.679;0;1:18.494;0;49.611;0;141.0;5:25:43.117;19:26:34.280;0:50.679;1:18.494;0:49.611;168.0;José María LÓPEZ;;LMGT3;;Akkodis ASP Team;Lexus;GF;50.679;78.494;49.611;
87;3;126;2:35.903;0;;40.559;0;1:15.188;0;40.156;0;161.7;5:28:19.020;19:29:10.183;0:40.559;1:15.188;0:40.156;202.5;José María LÓPEZ;;LMGT3;;Akkodis ASP Team;Lexus;SF;40.559;75.188;40.156;
87;3;127;4:17.064;0;;1:18.455;0;1:45.195;0;1:13.414;0;98.1;5:32:36.084;19:33:27.247;1:18.455;1:45.195;1:13.414;58.7;José María LÓPEZ;;LMGT3;;Akkodis ASP Team;Lexus;SF;78.455;105.195;73.414;
87;3;128;3:39.999;0;;1:32.628;0;1:20.044;0;47.327;0;114.6;5:36:16.083;19:37:07.246;1:32.628;1:20.044;0:47.327;83.4;José María LÓPEZ;;LMGT3;;Akkodis ASP Team;Lexus;GF;92.628;80.044;47.327;
87;3;129;2:20.111;0;;39.940;0;1:04.598;0;35.573;0;180.0;5:38:36.194;19:39:27.357;0:39.940;1:04.598;0:35.573;263.6;José María LÓPEZ;;LMGT3;;Akkodis ASP Team;Lexus;GF;39.940;64.598;35.573;
87;3;130;2:19.162;0;;39.609;0;1:04.036;0;35.517;0;181.2;5:40:55.356;19:41:46.519;0:39.609;1:04.036;0:35.517;265.6;José María LÓPEZ;;LMGT3;;Akkodis ASP Team;Lexus;GF;39.609;64.036;35.517;
87;3;131;2:18.864;2;;39.560;0;1:03.790;1;35.514;0;181.6;5:43:14.220;19:44:05.383;0:39.560;1:03.790;0:35.514;265.6;José María LÓPEZ;;LMGT3;;Akkodis ASP Team;Lexus;GF;39.560;63.790;35.514;
87;3;132;2:19.360;0;;39.589;0;1:04.094;0;35.677;0;180.9;5:45:33.580;19:46:24.743;0:39.589;1:04.094;0:35.677;265.6;José María LÓPEZ;;LMGT3;;Akkodis ASP Team;Lexus;GF;39.589;64.094;35.677;
87;3;133;2:19.212;0;;39.656;0;1:04.103;0;35.453;2;181.1;5:47:52.792;19:48:43.955;0:39.656;1:04.103;0:35.453;265.6;José María LÓPEZ;;LMGT3;;Akkodis ASP Team;Lexus;GF;39.656;64.103;35.453;
87;3;134;2:19.866;0;;39.545;0;1:04.466;0;35.855;0;180.3;5:50:12.658;19:51:03.821;0:39.545;1:04.466;0:35.855;265.6;José María LÓPEZ;;LMGT3;;Akkodis ASP Team;Lexus;GF;39.545;64.466;35.855;
87;3;135;2:19.760;0;;39.621;0;1:04.407;0;35.732;0;180.4;5:52:32.418;19:53:23.581;0:39.621;1:04.407;0:35.732;265.6;José María LÓPEZ;;LMGT3;;Akkodis ASP Team;Lexus;GF;39.621;64.407;35.732;
87;3;136;2:19.997;0;;39.913;0;1:04.388;0;35.696;0;180.1;5:54:52.415;19:55:43.578;0:39.913;1:04.388;0:35.696;263.0;José María LÓPEZ;;LMGT3;;Akkodis ASP Team;Lexus;GF;39.913;64.388;35.696;
87;3;137;2:20.824;0;;39.696;0;1:05.353;0;35.775;0;179.0;5:57:13.239;19:58:04.402;0:39.696;1:05.353;0:35.775;265.6;José María LÓPEZ;;LMGT3;;Akkodis ASP Team;Lexus;GF;39.696;65.353;35.775;
87;3;138;2:22.953;0;;40.693;0;1:06.421;0;35.839;0;176.4;5:59:36.192;20:00:27.355;0:40.693;1:06.421;0:35.839;256.8;José María LÓPEZ;;LMGT3;;Akkodis ASP Team;Lexus;GF;40.693;66.421;35.839;
87;3;139;2:21.501;0;;40.048;0;1:05.402;0;36.051;0;178.2;6:01:57.693;20:02:48.856;0:40.048;1:05.402;0:36.051;262.4;José María LÓPEZ;;LMGT3;;Akkodis ASP Team;Lexus;FF;40.048;65.402;36.051;
88;1;1;2:29.784;0;;47.402;0;1:06.601;0;35.781;1;165.4;2:29.784;14:03:20.947;0:47.402;1:06.601;0:35.781;252.0;Stefano GATTUSO;;LMGT3;;Proton Competition;Ford;GF;47.402;66.601;35.781;
88;1;2;2:20.609;0;;39.763;1;1:04.871;1;35.975;0;179.3;4:50.393;14:05:41.556;0:39.763;1:04.871;0:35.975;266.2;Stefano GATTUSO;;LMGT3;;Proton Competition;Ford;GF;39.763;64.871;35.975;
88;1;3;2:21.506;0;;40.080;0;1:05.325;0;36.101;0;178.2;7:11.899;14:08:03.062;0:40.080;1:05.325;0:36.101;264.3;Stefano GATTUSO;;LMGT3;;Proton Competition;Ford;GF;40.080;65.325;36.101;
88;1;4;2:21.486;0;;39.908;0;1:05.556;0;36.022;0;178.2;9:33.385;14:10:24.548;0:39.908;1:05.556;0:36.022;261.1;Stefano GATTUSO;;LMGT3;;Proton Competition;Ford;GF;39.908;65.556;36.022;
88;1;5;2:21.614;0;;39.819;0;1:05.456;0;36.339;0;178.0;11:54.999;14:12:46.162;0:39.819;1:05.456;0:36.339;261.1;Stefano GATTUSO;;LMGT3;;Proton Competition;Ford;GF;39.819;65.456;36.339;
88;1;6;2:23.953;0;;39.793;0;1:05.590;0;38.570;0;175.2;14:18.952;14:15:10.115;0:39.793;1:05.590;0:38.570;264.9;Stefano GATTUSO;;LMGT3;;Proton Competition;Ford;SF;39.793;65.590;38.570;
88;1;7;3:02.784;0;;57.707;0;1:15.951;0;49.126;0;137.9;17:21.736;14:18:12.899;0:57.707;1:15.951;0:49.126;170.1;Stefano GATTUSO;;LMGT3;;Proton Competition;Ford;SF;57.707;75.951;49.126;
88;1;8;2:45.162;0;;43.227;0;1:10.331;0;51.604;0;152.7;20:06.898;14:20:58.061;0:43.227;1:10.331;0:51.604;234.5;Stefano GATTUSO;;LMGT3;;Proton Competition;Ford;SF;43.227;70.331;51.604;
88;1;9;3:10.960;0;;1:06.728;0;1:19.465;0;44.767;0;132.0;23:17.858;14:24:09.021;1:06.728;1:19.465;0:44.767;126.7;Stefano GATTUSO;;LMGT3;;Proton Competition;Ford;SF;66.728;79.465;44.767;
88;1;10;2:49.840;0;;48.976;0;1:13.717;0;47.147;0;148.5;26:07.698;14:26:58.861;0:48.976;1:13.717;0:47.147;198.5;Stefano GATTUSO;;LMGT3;;Proton Competition;Ford;GF;48.976;73.717;47.147;
88;1;11;2:22.834;0;;40.012;0;1:06.106;0;36.716;0;176.5;28:30.532;14:29:21.695;0:40.012;1:06.106;0:36.716;263.6;Stefano GATTUSO;;LMGT3;;Proton Competition;Ford;GF;40.012;66.106;36.716;
88;1;12;2:21.855;0;;39.872;0;1:05.823;0;36.160;0;177.7;30:52.387;14:31:43.550;0:39.872;1:05.823;0:36.160;264.9;Stefano GATTUSO;;LMGT3;;Proton Competition;Ford;GF;39.872;65.823;36.160;
88;1;13;2:22.015;0;;40.149;0;1:05.612;0;36.254;0;177.5;33:14.402;14:34:05.565;0:40.149;1:05.612;0:36.254;263.0;Stefano GATTUSO;;LMGT3;;Proton Competition;Ford;GF;40.149;65.612;36.254;
88;1;14;2:21.555;0;;40.095;0;1:05.374;0;36.086;0;178.1;35:35.957;14:36:27.120;0:40.095;1:05.374;0:36.086;262.4;Stefano GATTUSO;;LMGT3;;Proton Competition;Ford;GF;40.095;65.374;36.086;
88;1;15;2:21.900;0;;40.110;0;1:05.473;0;36.317;0;177.7;37:57.857;14:38:49.020;0:40.110;1:05.473;0:36.317;259.9;Stefano GATTUSO;;LMGT3;;Proton Competition;Ford;GF;40.110;65.473;36.317;
88;1;16;2:22.904;0;;40.007;0;1:06.410;0;36.487;0;176.4;40:20.761;14:41:11.924;0:40.007;1:06.410;0:36.487;261.7;Stefano GATTUSO;;LMGT3;;Proton Competition;Ford;GF;40.007;66.410;36.487;
88;1;17;2:21.983;0;;40.186;0;1:05.547;0;36.250;0;177.6;42:42.744;14:43:33.907;0:40.186;1:05.547;0:36.250;261.7;Stefano GATTUSO;;LMGT3;;Proton Competition;Ford;GF;40.186;65.547;36.250;
88;1;18;2:23.695;0;;40.036;0;1:07.031;0;36.628;0;175.5;45:06.439;14:45:57.602;0:40.036;1:07.031;0:36.628;256.2;Stefano GATTUSO;;LMGT3;;Proton Competition;Ford;GF;40.036;67.031;36.628;
88;1;19;2:22.481;0;;40.150;0;1:06.016;0;36.315;0;177.0;47:28.920;14:48:20.083;0:40.150;1:06.016;0:36.315;261.7;Stefano GATTUSO;;LMGT3;;Proton Competition;Ford;GF;40.150;66.016;36.315;
88;1;20;2:22.453;0;;40.150;0;1:05.975;0;36.328;0;177.0;49:51.373;14:50:42.536;0:40.150;1:05.975;0:36.328;253.2;Stefano GATTUSO;;LMGT3;;Proton Competition;Ford;GF;40.150;65.975;36.328;
88;1;21;2:22.719;0;;40.060;0;1:06.312;0;36.347;0;176.7;52:14.092;14:53:05.255;0:40.060;1:06.312;0:36.347;256.2;Stefano GATTUSO;;LMGT3;;Proton Competition;Ford;GF;40.060;66.312;36.347;
88;1;22;2:22.995;0;;40.155;0;1:06.568;0;36.272;0;176.3;54:37.087;14:55:28.250;0:40.155;1:06.568;0:36.272;263.0;Stefano GATTUSO;;LMGT3;;Proton Competition;Ford;GF;40.155;66.568;36.272;
88;1;23;2:22.720;0;;40.143;0;1:06.191;0;36.386;0;176.7;56:59.807;14:57:50.970;0:40.143;1:06.191;0:36.386;258.6;Stefano GATTUSO;;LMGT3;;Proton Competition;Ford;GF;40.143;66.191;36.386;
88;1;24;2:22.710;0;;39.951;0;1:06.514;0;36.245;0;176.7;59:22.517;15:00:13.680;0:39.951;1:06.514;0:36.245;260.5;Stefano GATTUSO;;LMGT3;;Proton Competition;Ford;GF;39.951;66.514;36.245;
88;1;25;2:22.930;0;;40.096;0;1:06.171;0;36.663;0;176.4;1:01:45.447;15:02:36.610;0:40.096;1:06.171;0:36.663;259.9;Stefano GATTUSO;;LMGT3;;Proton Competition;Ford;GF;40.096;66.171;36.663;
88;1;26;2:22.754;0;;39.924;0;1:06.505;0;36.325;0;176.6;1:04:08.201;15:04:59.364;0:39.924;1:06.505;0:36.325;260.5;Stefano GATTUSO;;LMGT3;;Proton Competition;Ford;GF;39.924;66.505;36.325;
88;1;27;2:28.436;0;B;40.098;0;1:06.180;0;42.158;0;169.9;1:06:36.637;15:07:27.800;0:40.098;1:06.180;0:42.158;262.4;Stefano GATTUSO;;LMGT3;;Proton Competition;Ford;GF;40.098;66.180;42.158;
88;1;28;3:32.595;0;;1:49.501;0;1:06.518;0;36.576;0;118.6;1:10:09.232;15:11:00.395;1:49.501;1:06.518;0:36.576;250.8;Stefano GATTUSO;0:01:17.845;LMGT3;;Proton Competition;Ford;GF;109.501;66.518;36.576;
88;1;29;2:21.573;0;;40.187;0;1:05.237;0;36.149;0;178.1;1:12:30.805;15:13:21.968;0:40.187;1:05.237;0:36.149;259.2;Stefano GATTUSO;;LMGT3;;Proton Competition;Ford;GF;40.187;65.237;36.149;
88;1;30;2:21.532;0;;39.985;0;1:05.366;0;36.181;0;178.2;1:14:52.337;15:15:43.500;0:39.985;1:05.366;0:36.181;261.1;Stefano GATTUSO;;LMGT3;;Proton Competition;Ford;GF;39.985;65.366;36.181;
88;1;31;2:21.733;0;;40.048;0;1:05.501;0;36.184;0;177.9;1:17:14.070;15:18:05.233;0:40.048;1:05.501;0:36.184;261.1;Stefano GATTUSO;;LMGT3;;Proton Competition;Ford;GF;40.048;65.501;36.184;
88;1;32;2:21.987;0;;40.104;0;1:05.584;0;36.299;0;177.6;1:19:36.057;15:20:27.220;0:40.104;1:05.584;0:36.299;260.5;Stefano GATTUSO;;LMGT3;;Proton Competition;Ford;GF;40.104;65.584;36.299;
88;1;33;2:23.471;0;;40.285;0;1:06.800;0;36.386;0;175.7;1:21:59.528;15:22:50.691;0:40.285;1:06.800;0:36.386;261.1;Stefano GATTUSO;;LMGT3;;Proton Competition;Ford;GF;40.285;66.800;36.386;
88;1;34;2:23.304;0;;39.941;0;1:06.174;0;37.189;0;175.9;1:24:22.832;15:25:13.995;0:39.941;1:06.174;0:37.189;261.7;Stefano GATTUSO;;LMGT3;;Proton Competition;Ford;GF;39.941;66.174;37.189;
88;1;35;2:21.749;0;;39.940;0;1:05.505;0;36.304;0;177.9;1:26:44.581;15:27:35.744;0:39.940;1:05.505;0:36.304;263.6;Stefano GATTUSO;;LMGT3;;Proton Competition;Ford;GF;39.940;65.505;36.304;
88;1;36;2:21.458;0;;39.985;0;1:05.231;0;36.242;0;178.2;1:29:06.039;15:29:57.202;0:39.985;1:05.231;0:36.242;263.0;Stefano GATTUSO;;LMGT3;;Proton Competition;Ford;GF;39.985;65.231;36.242;
88;1;37;2:22.248;0;;40.273;0;1:05.847;0;36.128;0;177.3;1:31:28.287;15:32:19.450;0:40.273;1:05.847;0:36.128;262.4;Stefano GATTUSO;;LMGT3;;Proton Competition;Ford;GF;40.273;65.847;36.128;
88;1;38;2:22.332;0;;40.040;0;1:05.771;0;36.521;0;177.2;1:33:50.619;15:34:41.782;0:40.040;1:05.771;0:36.521;261.7;Stefano GATTUSO;;LMGT3;;Proton Competition;Ford;GF;40.040;65.771;36.521;
88;1;39;2:22.821;0;;40.070;0;1:06.457;0;36.294;0;176.5;1:36:13.440;15:37:04.603;0:40.070;1:06.457;0:36.294;263.0;Stefano GATTUSO;;LMGT3;;Proton Competition;Ford;GF;40.070;66.457;36.294;
88;1;40;2:22.833;0;;40.459;0;1:05.895;0;36.479;0;176.5;1:38:36.273;15:39:27.436;0:40.459;1:05.895;0:36.479;260.5;Stefano GATTUSO;;LMGT3;;Proton Competition;Ford;GF;40.459;65.895;36.479;
88;1;41;2:22.660;0;;40.264;0;1:06.003;0;36.393;0;176.7;1:40:58.933;15:41:50.096;0:40.264;1:06.003;0:36.393;261.1;Stefano GATTUSO;;LMGT3;;Proton Competition;Ford;GF;40.264;66.003;36.393;
88;1;42;2:23.216;0;;40.537;0;1:05.934;0;36.745;0;176.1;1:43:22.149;15:44:13.312;0:40.537;1:05.934;0:36.745;262.4;Stefano GATTUSO;;LMGT3;;Proton Competition;Ford;GF;40.537;65.934;36.745;
88;1;43;2:22.736;0;;40.233;0;1:06.138;0;36.365;0;176.6;1:45:44.885;15:46:36.048;0:40.233;1:06.138;0:36.365;262.4;Stefano GATTUSO;;LMGT3;;Proton Competition;Ford;GF;40.233;66.138;36.365;
88;1;44;2:23.226;0;;40.053;0;1:06.197;0;36.976;0;176.0;1:48:08.111;15:48:59.274;0:40.053;1:06.197;0:36.976;263.0;Stefano GATTUSO;;LMGT3;;Proton Competition;Ford;GF;40.053;66.197;36.976;
88;1;45;2:23.002;0;;40.366;0;1:06.372;0;36.264;0;176.3;1:50:31.113;15:51:22.276;0:40.366;1:06.372;0:36.264;262.4;Stefano GATTUSO;;LMGT3;;Proton Competition;Ford;GF;40.366;66.372;36.264;
88;1;46;2:22.540;0;;40.101;0;1:06.040;0;36.399;0;176.9;1:52:53.653;15:53:44.816;0:40.101;1:06.040;0:36.399;261.1;Stefano GATTUSO;;LMGT3;;Proton Competition;Ford;GF;40.101;66.040;36.399;
88;1;47;2:23.143;0;;40.159;0;1:06.239;0;36.745;0;176.1;1:55:16.796;15:56:07.959;0:40.159;1:06.239;0:36.745;261.1;Stefano GATTUSO;;LMGT3;;Proton Competition;Ford;GF;40.159;66.239;36.745;
88;1;48;2:22.649;0;;40.022;0;1:05.962;0;36.665;0;176.8;1:57:39.445;15:58:30.608;0:40.022;1:05.962;0:36.665;263.6;Stefano GATTUSO;;LMGT3;;Proton Competition;Ford;GF;40.022;65.962;36.665;
88;1;49;2:22.709;0;;40.237;0;1:06.032;0;36.440;0;176.7;2:00:02.154;16:00:53.317;0:40.237;1:06.032;0:36.440;261.7;Stefano GATTUSO;;LMGT3;;Proton Competition;Ford;GF;40.237;66.032;36.440;
88;1;50;2:29.077;0;B;40.115;0;1:06.386;0;42.576;0;169.1;2:02:31.231;16:03:22.394;0:40.115;1:06.386;0:42.576;261.7;Stefano GATTUSO;;LMGT3;;Proton Competition;Ford;GF;40.115;66.386;42.576;
88;2;51;3:37.958;0;;1:55.554;0;1:06.936;0;35.468;0;115.7;2:06:09.189;16:07:00.352;1:55.554;1:06.936;0:35.468;253.2;Giammarco LEVORATO;0:01:24.874;LMGT3;;Proton Competition;Ford;GF;115.554;66.936;35.468;
88;2;52;2:19.428;0;;39.609;0;1:04.379;0;35.440;2;180.8;2:08:28.617;16:09:19.780;0:39.609;1:04.379;0:35.440;263.0;Giammarco LEVORATO;;LMGT3;;Proton Competition;Ford;GF;39.609;64.379;35.440;
88;2;53;2:19.120;2;;39.657;1;1:04.013;2;35.450;0;181.2;2:10:47.737;16:11:38.900;0:39.657;1:04.013;0:35.450;263.0;Giammarco LEVORATO;;LMGT3;;Proton Competition;Ford;GF;39.657;64.013;35.450;
88;2;54;2:19.534;0;;39.793;0;1:04.101;0;35.640;0;180.7;2:13:07.271;16:13:58.434;0:39.793;1:04.101;0:35.640;262.4;Giammarco LEVORATO;;LMGT3;;Proton Competition;Ford;GF;39.793;64.101;35.640;
88;2;55;2:19.903;0;;39.661;0;1:04.596;0;35.646;0;180.2;2:15:27.174;16:16:18.337;0:39.661;1:04.596;0:35.646;263.6;Giammarco LEVORATO;;LMGT3;;Proton Competition;Ford;GF;39.661;64.596;35.646;
88;2;56;2:20.369;0;;39.752;0;1:04.703;0;35.914;0;179.6;2:17:47.543;16:18:38.706;0:39.752;1:04.703;0:35.914;263.6;Giammarco LEVORATO;;LMGT3;;Proton Competition;Ford;GF;39.752;64.703;35.914;
88;2;57;2:19.868;0;;39.806;0;1:04.438;0;35.624;0;180.3;2:20:07.411;16:20:58.574;0:39.806;1:04.438;0:35.624;263.6;Giammarco LEVORATO;;LMGT3;;Proton Competition;Ford;GF;39.806;64.438;35.624;
88;2;58;2:20.798;0;;39.836;0;1:04.928;0;36.034;0;179.1;2:22:28.209;16:23:19.372;0:39.836;1:04.928;0:36.034;263.6;Giammarco LEVORATO;;LMGT3;;Proton Competition;Ford;GF;39.836;64.928;36.034;
88;2;59;2:23.183;0;;40.185;0;1:05.496;0;37.502;0;176.1;2:24:51.392;16:25:42.555;0:40.185;1:05.496;0:37.502;263.0;Giammarco LEVORATO;;LMGT3;;Proton Competition;Ford;GF;40.185;65.496;37.502;
88;2;60;2:21.730;0;;39.955;0;1:05.683;0;36.092;0;177.9;2:27:13.122;16:28:04.285;0:39.955;1:05.683;0:36.092;263.6;Giammarco LEVORATO;;LMGT3;;Proton Competition;Ford;GF;39.955;65.683;36.092;
88;2;61;2:21.985;0;;40.237;0;1:05.691;0;36.057;0;177.6;2:29:35.107;16:30:26.270;0:40.237;1:05.691;0:36.057;262.4;Giammarco LEVORATO;;LMGT3;;Proton Competition;Ford;GF;40.237;65.691;36.057;
88;2;62;2:21.628;0;;40.145;0;1:05.399;0;36.084;0;178.0;2:31:56.735;16:32:47.898;0:40.145;1:05.399;0:36.084;262.4;Giammarco LEVORATO;;LMGT3;;Proton Competition;Ford;GF;40.145;65.399;36.084;
88;2;63;2:22.336;0;;40.196;0;1:06.143;0;35.997;0;177.1;2:34:19.071;16:35:10.234;0:40.196;1:06.143;0:35.997;261.7;Giammarco LEVORATO;;LMGT3;;Proton Competition;Ford;GF;40.196;66.143;35.997;
88;2;64;2:22.310;0;;40.184;0;1:06.026;0;36.100;0;177.2;2:36:41.381;16:37:32.544;0:40.184;1:06.026;0:36.100;261.1;Giammarco LEVORATO;;LMGT3;;Proton Competition;Ford;GF;40.184;66.026;36.100;
88;2;65;2:21.776;0;;39.990;0;1:05.776;0;36.010;0;177.8;2:39:03.157;16:39:54.320;0:39.990;1:05.776;0:36.010;262.4;Giammarco LEVORATO;;LMGT3;;Proton Competition;Ford;GF;39.990;65.776;36.010;
88;2;66;2:21.798;0;;40.323;0;1:05.467;0;36.008;0;177.8;2:41:24.955;16:42:16.118;0:40.323;1:05.467;0:36.008;259.2;Giammarco LEVORATO;;LMGT3;;Proton Competition;Ford;GF;40.323;65.467;36.008;
88;2;67;2:24.094;0;;40.785;0;1:06.226;0;37.083;0;175.0;2:43:49.049;16:44:40.212;0:40.785;1:06.226;0:37.083;259.9;Giammarco LEVORATO;;LMGT3;;Proton Competition;Ford;GF;40.785;66.226;37.083;
88;2;68;3:41.667;0;;40.444;0;1:49.672;0;1:11.551;0;113.7;2:47:30.716;16:48:21.879;0:40.444;1:49.672;1:11.551;263.0;Giammarco LEVORATO;;LMGT3;;Proton Competition;Ford;GF;40.444;109.672;71.551;
88;2;69;2:24.074;0;;40.458;0;1:07.241;0;36.375;0;175.0;2:49:54.790;16:50:45.953;0:40.458;1:07.241;0:36.375;259.9;Giammarco LEVORATO;;LMGT3;;Proton Competition;Ford;GF;40.458;67.241;36.375;
88;2;70;2:22.162;0;;40.292;0;1:05.596;0;36.274;0;177.4;2:52:16.952;16:53:08.115;0:40.292;1:05.596;0:36.274;260.5;Giammarco LEVORATO;;LMGT3;;Proton Competition;Ford;GF;40.292;65.596;36.274;
88;2;71;2:22.809;0;;40.273;0;1:06.319;0;36.217;0;176.6;2:54:39.761;16:55:30.924;0:40.273;1:06.319;0:36.217;262.4;Giammarco LEVORATO;;LMGT3;;Proton Competition;Ford;GF;40.273;66.319;36.217;
88;2;72;2:23.916;0;;40.187;0;1:07.273;0;36.456;0;175.2;2:57:03.677;16:57:54.840;0:40.187;1:07.273;0:36.456;261.1;Giammarco LEVORATO;;LMGT3;;Proton Competition;Ford;GF;40.187;67.273;36.456;
88;2;73;2:28.328;0;B;40.121;0;1:05.978;0;42.229;0;170.0;2:59:32.005;17:00:23.168;0:40.121;1:05.978;0:42.229;263.0;Giammarco LEVORATO;;LMGT3;;Proton Competition;Ford;GF;40.121;65.978;42.229;
88;2;74;2:33.768;0;;51.830;0;1:05.697;0;36.241;0;164.0;3:02:05.773;17:02:56.936;0:51.830;1:05.697;0:36.241;261.1;Giammarco LEVORATO;0:00:23.323;LMGT3;;Proton Competition;Ford;GF;51.830;65.697;36.241;
88;2;75;2:28.093;0;B;40.164;0;1:06.013;0;41.916;0;170.3;3:04:33.866;17:05:25.029;0:40.164;1:06.013;0:41.916;262.4;Giammarco LEVORATO;;LMGT3;;Proton Competition;Ford;GF;40.164;66.013;41.916;
88;2;76;3:38.002;0;;1:53.639;0;1:08.325;0;36.038;0;115.7;3:08:11.868;17:09:03.031;1:53.639;1:08.325;0:36.038;253.8;Giammarco LEVORATO;0:01:22.914;LMGT3;;Proton Competition;Ford;GF;113.639;68.325;36.038;
88;2;77;2:28.472;0;B;40.479;0;1:05.736;0;42.257;0;169.8;3:10:40.340;17:11:31.503;0:40.479;1:05.736;0:42.257;260.5;Giammarco LEVORATO;;LMGT3;;Proton Competition;Ford;GF;40.479;65.736;42.257;
88;2;78;2:32.813;0;;52.270;0;1:04.800;0;35.743;0;165.0;3:13:13.153;17:14:04.316;0:52.270;1:04.800;0:35.743;259.9;Giammarco LEVORATO;0:00:23.393;LMGT3;;Proton Competition;Ford;GF;52.270;64.800;35.743;
88;2;79;2:20.530;0;;39.998;0;1:04.739;0;35.793;0;179.4;3:15:33.683;17:16:24.846;0:39.998;1:04.739;0:35.793;261.7;Giammarco LEVORATO;;LMGT3;;Proton Competition;Ford;GF;39.998;64.739;35.793;
88;2;80;2:20.980;0;;39.904;0;1:04.705;0;36.371;0;178.8;3:17:54.663;17:18:45.826;0:39.904;1:04.705;0:36.371;261.7;Giammarco LEVORATO;;LMGT3;;Proton Competition;Ford;GF;39.904;64.705;36.371;
88;2;81;2:21.562;0;;39.913;0;1:05.550;0;36.099;0;178.1;3:20:16.225;17:21:07.388;0:39.913;1:05.550;0:36.099;261.7;Giammarco LEVORATO;;LMGT3;;Proton Competition;Ford;GF;39.913;65.550;36.099;
88;2;82;2:21.729;0;;40.126;0;1:05.424;0;36.179;0;177.9;3:22:37.954;17:23:29.117;0:40.126;1:05.424;0:36.179;263.6;Giammarco LEVORATO;;LMGT3;;Proton Competition;Ford;GF;40.126;65.424;36.179;
88;2;83;2:21.116;0;;39.991;0;1:05.107;0;36.018;0;178.7;3:24:59.070;17:25:50.233;0:39.991;1:05.107;0:36.018;263.0;Giammarco LEVORATO;;LMGT3;;Proton Competition;Ford;GF;39.991;65.107;36.018;
88;2;84;2:21.155;0;;39.908;0;1:05.114;0;36.133;0;178.6;3:27:20.225;17:28:11.388;0:39.908;1:05.114;0:36.133;263.6;Giammarco LEVORATO;;LMGT3;;Proton Competition;Ford;GF;39.908;65.114;36.133;
88;2;85;2:21.860;0;;40.468;0;1:05.395;0;35.997;0;177.7;3:29:42.085;17:30:33.248;0:40.468;1:05.395;0:35.997;261.1;Giammarco LEVORATO;;LMGT3;;Proton Competition;Ford;GF;40.468;65.395;35.997;
88;2;86;2:21.047;0;;39.923;0;1:05.076;0;36.048;0;178.8;3:32:03.132;17:32:54.295;0:39.923;1:05.076;0:36.048;263.6;Giammarco LEVORATO;;LMGT3;;Proton Competition;Ford;GF;39.923;65.076;36.048;
88;2;87;2:21.890;0;;39.902;0;1:05.944;0;36.044;0;177.7;3:34:25.022;17:35:16.185;0:39.902;1:05.944;0:36.044;261.7;Giammarco LEVORATO;;LMGT3;;Proton Competition;Ford;GF;39.902;65.944;36.044;
88;2;88;2:21.881;0;;40.137;0;1:05.608;0;36.136;0;177.7;3:36:46.903;17:37:38.066;0:40.137;1:05.608;0:36.136;260.5;Giammarco LEVORATO;;LMGT3;;Proton Competition;Ford;GF;40.137;65.608;36.136;
88;2;89;2:21.611;0;;40.145;0;1:05.149;0;36.317;0;178.1;3:39:08.514;17:39:59.677;0:40.145;1:05.149;0:36.317;261.7;Giammarco LEVORATO;;LMGT3;;Proton Competition;Ford;GF;40.145;65.149;36.317;
88;2;90;2:21.685;0;;39.945;0;1:05.313;0;36.427;0;178.0;3:41:30.199;17:42:21.362;0:39.945;1:05.313;0:36.427;262.4;Giammarco LEVORATO;;LMGT3;;Proton Competition;Ford;GF;39.945;65.313;36.427;
88;2;91;2:21.992;0;;40.113;0;1:05.690;0;36.189;0;177.6;3:43:52.191;17:44:43.354;0:40.113;1:05.690;0:36.189;261.7;Giammarco LEVORATO;;LMGT3;;Proton Competition;Ford;GF;40.113;65.690;36.189;
88;2;92;2:21.918;0;;40.029;0;1:05.708;0;36.181;0;177.7;3:46:14.109;17:47:05.272;0:40.029;1:05.708;0:36.181;263.0;Giammarco LEVORATO;;LMGT3;;Proton Competition;Ford;GF;40.029;65.708;36.181;
88;2;93;2:21.676;0;;40.166;0;1:05.381;0;36.129;0;178.0;3:48:35.785;17:49:26.948;0:40.166;1:05.381;0:36.129;261.7;Giammarco LEVORATO;;LMGT3;;Proton Competition;Ford;GF;40.166;65.381;36.129;
88;2;94;2:46.792;0;;40.410;0;1:05.872;0;1:00.510;0;151.2;3:51:22.577;17:52:13.740;0:40.410;1:05.872;1:00.510;261.1;Giammarco LEVORATO;;LMGT3;;Proton Competition;Ford;GF;40.410;65.872;60.510;
88;2;95;5:17.761;0;B;1:41.148;0;2:08.063;0;1:28.550;0;79.3;3:56:40.338;17:57:31.501;1:41.148;2:08.063;1:28.550;80.1;Giammarco LEVORATO;;LMGT3;;Proton Competition;Ford;GF;101.148;128.063;88.550;
88;3;96;5:56.330;0;;2:31.522;0;2:08.961;0;1:15.847;0;70.8;4:02:36.668;18:03:27.831;2:31.522;2:08.961;1:15.847;79.3;Logan SARGEANT;0:01:11.135;LMGT3;;Proton Competition;Ford;SF;151.522;128.961;75.847;
88;3;97;2:50.609;0;;50.528;0;1:14.654;0;45.427;0;147.8;4:05:27.277;18:06:18.440;0:50.528;1:14.654;0:45.427;160.5;Logan SARGEANT;;LMGT3;;Proton Competition;Ford;SF;50.528;74.654;45.427;
88;3;98;3:33.273;0;;1:08.766;0;1:43.247;0;41.260;0;118.2;4:09:00.550;18:09:51.713;1:08.766;1:43.247;0:41.260;114.3;Logan SARGEANT;;LMGT3;;Proton Competition;Ford;SF;68.766;103.247;41.260;
88;3;99;2:33.275;0;;44.442;0;1:10.150;0;38.683;0;164.5;4:11:33.825;18:12:24.988;0:44.442;1:10.150;0:38.683;197.0;Logan SARGEANT;;LMGT3;;Proton Competition;Ford;SF;44.442;70.150;38.683;
88;3;100;3:15.385;0;;42.356;0;1:09.401;0;1:23.628;0;129.0;4:14:49.210;18:15:40.373;0:42.356;1:09.401;1:23.628;218.5;Logan SARGEANT;;LMGT3;;Proton Competition;Ford;SF;42.356;69.401;83.628;
88;3;101;3:01.024;0;;1:01.952;0;1:09.750;0;49.322;0;139.3;4:17:50.234;18:18:41.397;1:01.952;1:09.750;0:49.322;146.2;Logan SARGEANT;;LMGT3;;Proton Competition;Ford;GF;61.952;69.750;49.322;
88;3;102;2:20.269;0;;39.921;0;1:04.537;0;35.811;0;179.8;4:20:10.503;18:21:01.666;0:39.921;1:04.537;0:35.811;263.6;Logan SARGEANT;;LMGT3;;Proton Competition;Ford;GF;39.921;64.537;35.811;
88;3;103;2:20.436;0;;40.039;0;1:04.651;0;35.746;0;179.5;4:22:30.939;18:23:22.102;0:40.039;1:04.651;0:35.746;263.6;Logan SARGEANT;;LMGT3;;Proton Competition;Ford;GF;40.039;64.651;35.746;
88;3;104;2:21.581;0;;39.802;0;1:06.271;0;35.508;1;178.1;4:24:52.520;18:25:43.683;0:39.802;1:06.271;0:35.508;264.3;Logan SARGEANT;;LMGT3;;Proton Competition;Ford;GF;39.802;66.271;35.508;
88;3;105;2:20.324;0;;39.618;0;1:04.837;0;35.869;0;179.7;4:27:12.844;18:28:04.007;0:39.618;1:04.837;0:35.869;266.9;Logan SARGEANT;;LMGT3;;Proton Competition;Ford;GF;39.618;64.837;35.869;
88;3;106;2:20.188;0;;39.766;0;1:04.678;0;35.744;0;179.9;4:29:33.032;18:30:24.195;0:39.766;1:04.678;0:35.744;263.6;Logan SARGEANT;;LMGT3;;Proton Competition;Ford;GF;39.766;64.678;35.744;
88;3;107;2:19.921;0;;39.732;0;1:04.556;0;35.633;0;180.2;4:31:52.953;18:32:44.116;0:39.732;1:04.556;0:35.633;261.7;Logan SARGEANT;;LMGT3;;Proton Competition;Ford;GF;39.732;64.556;35.633;
88;3;108;2:20.574;0;;39.829;0;1:04.986;0;35.759;0;179.4;4:34:13.527;18:35:04.690;0:39.829;1:04.986;0:35.759;262.4;Logan SARGEANT;;LMGT3;;Proton Competition;Ford;GF;39.829;64.986;35.759;
88;3;109;2:22.555;0;;39.717;0;1:06.496;0;36.342;0;176.9;4:36:36.082;18:37:27.245;0:39.717;1:06.496;0:36.342;262.4;Logan SARGEANT;;LMGT3;;Proton Competition;Ford;GF;39.717;66.496;36.342;
88;3;110;2:21.661;0;;40.139;0;1:05.555;0;35.967;0;178.0;4:38:57.743;18:39:48.906;0:40.139;1:05.555;0:35.967;266.2;Logan SARGEANT;;LMGT3;;Proton Competition;Ford;GF;40.139;65.555;35.967;
88;3;111;2:20.678;0;;39.646;0;1:05.184;0;35.848;0;179.2;4:41:18.421;18:42:09.584;0:39.646;1:05.184;0:35.848;263.6;Logan SARGEANT;;LMGT3;;Proton Competition;Ford;GF;39.646;65.184;35.848;
88;3;112;2:21.536;0;;39.843;0;1:05.714;0;35.979;0;178.1;4:43:39.957;18:44:31.120;0:39.843;1:05.714;0:35.979;261.7;Logan SARGEANT;;LMGT3;;Proton Competition;Ford;GF;39.843;65.714;35.979;
88;3;113;2:20.586;0;;39.638;0;1:05.106;0;35.842;0;179.4;4:46:00.543;18:46:51.706;0:39.638;1:05.106;0:35.842;264.3;Logan SARGEANT;;LMGT3;;Proton Competition;Ford;GF;39.638;65.106;35.842;
88;3;114;2:20.746;0;;39.632;0;1:05.335;0;35.779;0;179.1;4:48:21.289;18:49:12.452;0:39.632;1:05.335;0:35.779;264.3;Logan SARGEANT;;LMGT3;;Proton Competition;Ford;GF;39.632;65.335;35.779;
88;3;115;2:20.950;0;;39.791;0;1:05.304;0;35.855;0;178.9;4:50:42.239;18:51:33.402;0:39.791;1:05.304;0:35.855;262.4;Logan SARGEANT;;LMGT3;;Proton Competition;Ford;GF;39.791;65.304;35.855;
88;3;116;2:21.141;0;;39.732;0;1:05.536;0;35.873;0;178.6;4:53:03.380;18:53:54.543;0:39.732;1:05.536;0:35.873;263.0;Logan SARGEANT;;LMGT3;;Proton Competition;Ford;GF;39.732;65.536;35.873;
88;3;117;2:21.167;0;;39.773;0;1:05.323;0;36.071;0;178.6;4:55:24.547;18:56:15.710;0:39.773;1:05.323;0:36.071;263.6;Logan SARGEANT;;LMGT3;;Proton Competition;Ford;GF;39.773;65.323;36.071;
88;3;118;2:22.242;0;;39.726;0;1:06.224;0;36.292;0;177.3;4:57:46.789;18:58:37.952;0:39.726;1:06.224;0:36.292;263.6;Logan SARGEANT;;LMGT3;;Proton Competition;Ford;GF;39.726;66.224;36.292;
88;3;119;2:31.478;0;B;40.145;0;1:06.554;0;44.779;0;166.5;5:00:18.267;19:01:09.430;0:40.145;1:06.554;0:44.779;263.0;Logan SARGEANT;;LMGT3;;Proton Competition;Ford;GF;40.145;66.554;44.779;
88;3;120;6:11.675;0;;2:37.078;0;2:08.958;0;1:25.639;0;67.8;5:06:29.942;19:07:21.105;2:37.078;2:08.958;1:25.639;79.4;Logan SARGEANT;0:01:16.739;LMGT3;;Proton Competition;Ford;GF;157.078;128.958;85.639;
88;3;121;5:17.968;0;;1:43.159;0;2:08.933;0;1:25.876;0;79.3;5:11:47.910;19:12:39.073;1:43.159;2:08.933;1:25.876;79.4;Logan SARGEANT;;LMGT3;;Proton Competition;Ford;GF;103.159;128.933;85.876;
88;3;122;3:12.797;0;;1:21.990;0;1:11.984;0;38.823;0;130.8;5:15:00.707;19:15:51.870;1:21.990;1:11.984;0:38.823;223.0;Logan SARGEANT;;LMGT3;;Proton Competition;Ford;SF;81.990;71.984;38.823;
88;3;123;3:52.002;0;;43.326;0;1:50.091;0;1:18.585;0;108.7;5:18:52.709;19:19:43.872;0:43.326;1:50.091;1:18.585;246.3;Logan SARGEANT;;LMGT3;;Proton Competition;Ford;SF;43.326;110.091;78.585;
88;3;124;4:03.087;0;;1:32.231;0;1:30.355;0;1:00.501;0;103.7;5:22:55.796;19:23:46.959;1:32.231;1:30.355;1:00.501;59.5;Logan SARGEANT;;LMGT3;;Proton Competition;Ford;SF;92.231;90.355;60.501;
88;3;125;2:52.838;0;;47.958;0;1:17.435;0;47.445;0;145.9;5:25:48.634;19:26:39.797;0:47.958;1:17.435;0:47.445;219.4;Logan SARGEANT;;LMGT3;;Proton Competition;Ford;GF;47.958;77.435;47.445;
88;3;126;2:46.978;0;;40.483;0;1:21.222;0;45.273;0;151.0;5:28:35.612;19:29:26.775;0:40.483;1:21.222;0:45.273;177.9;Logan SARGEANT;;LMGT3;;Proton Competition;Ford;SF;40.483;81.222;45.273;
88;3;127;4:11.974;0;;1:15.081;0;1:41.922;0;1:14.971;0;100.1;5:32:47.586;19:33:38.749;1:15.081;1:41.922;1:14.971;52.3;Logan SARGEANT;;LMGT3;;Proton Competition;Ford;SF;75.081;101.922;74.971;
88;3;128;3:34.597;0;;1:34.160;0;1:14.806;0;45.631;0;117.5;5:36:22.183;19:37:13.346;1:34.160;1:14.806;0:45.631;81.0;Logan SARGEANT;;LMGT3;;Proton Competition;Ford;GF;94.160;74.806;45.631;
88;3;129;2:21.713;0;;41.064;0;1:04.962;0;35.687;0;177.9;5:38:43.896;19:39:35.059;0:41.064;1:04.962;0:35.687;260.5;Logan SARGEANT;;LMGT3;;Proton Competition;Ford;GF;41.064;64.962;35.687;
88;3;130;2:19.549;0;;39.415;0;1:04.378;1;35.756;0;180.7;5:41:03.445;19:41:54.608;0:39.415;1:04.378;0:35.756;266.2;Logan SARGEANT;;LMGT3;;Proton Competition;Ford;GF;39.415;64.378;35.756;
88;3;131;2:19.800;0;;39.574;0;1:04.580;0;35.646;0;180.4;5:43:23.245;19:44:14.408;0:39.574;1:04.580;0:35.646;266.2;Logan SARGEANT;;LMGT3;;Proton Competition;Ford;GF;39.574;64.580;35.646;
88;3;132;2:19.863;0;;39.378;2;1:04.656;0;35.829;0;180.3;5:45:43.108;19:46:34.271;0:39.378;1:04.656;0:35.829;267.6;Logan SARGEANT;;LMGT3;;Proton Competition;Ford;GF;39.378;64.656;35.829;
88;3;133;2:21.996;0;;40.491;0;1:05.649;0;35.856;0;177.6;5:48:05.104;19:48:56.267;0:40.491;1:05.649;0:35.856;262.4;Logan SARGEANT;;LMGT3;;Proton Competition;Ford;GF;40.491;65.649;35.856;
88;3;134;2:20.718;0;;39.584;0;1:05.178;0;35.956;0;179.2;5:50:25.822;19:51:16.985;0:39.584;1:05.178;0:35.956;266.2;Logan SARGEANT;;LMGT3;;Proton Competition;Ford;GF;39.584;65.178;35.956;
88;3;135;2:21.163;0;;39.713;0;1:05.229;0;36.221;0;178.6;5:52:46.985;19:53:38.148;0:39.713;1:05.229;0:36.221;266.9;Logan SARGEANT;;LMGT3;;Proton Competition;Ford;GF;39.713;65.229;36.221;
88;3;136;2:22.480;0;;40.410;0;1:05.819;0;36.251;0;177.0;5:55:09.465;19:56:00.628;0:40.410;1:05.819;0:36.251;266.2;Logan SARGEANT;;LMGT3;;Proton Competition;Ford;GF;40.410;65.819;36.251;
88;3;137;2:21.234;0;;39.468;0;1:05.308;0;36.458;0;178.5;5:57:30.699;19:58:21.862;0:39.468;1:05.308;0:36.458;266.9;Logan SARGEANT;;LMGT3;;Proton Competition;Ford;GF;39.468;65.308;36.458;
88;3;138;2:20.341;0;;39.573;0;1:04.956;0;35.812;0;179.7;5:59:51.040;20:00:42.203;0:39.573;1:04.956;0:35.812;266.2;Logan SARGEANT;;LMGT3;;Proton Competition;Ford;GF;39.573;64.956;35.812;
88;3;139;2:21.738;0;;39.471;0;1:06.296;0;35.971;0;177.9;6:02:12.778;20:03:03.941;0:39.471;1:06.296;0:35.971;266.9;Logan SARGEANT;;LMGT3;;Proton Competition;Ford;FF;39.471;66.296;35.971;
91;1;1;2:34.648;0;;48.040;0;1:10.013;0;36.595;0;160.2;2:34.648;14:03:25.811;0:48.040;1:10.013;0:36.595;259.2;James COTTINGHAM;;LMGT3;;Manthey DK Engineering;Porsche;GF;48.040;70.013;36.595;
91;1;2;2:22.363;0;;40.214;0;1:05.907;0;36.242;0;177.1;4:57.011;14:05:48.174;0:40.214;1:05.907;0:36.242;264.9;James COTTINGHAM;;LMGT3;;Manthey DK Engineering;Porsche;GF;40.214;65.907;36.242;
91;1;3;2:21.079;0;;40.128;0;1:04.843;1;36.108;0;178.7;7:18.090;14:08:09.253;0:40.128;1:04.843;0:36.108;266.9;James COTTINGHAM;;LMGT3;;Manthey DK Engineering;Porsche;GF;40.128;64.843;36.108;
91;1;4;2:21.507;0;;40.253;0;1:05.023;0;36.231;0;178.2;9:39.597;14:10:30.760;0:40.253;1:05.023;0:36.231;264.9;James COTTINGHAM;;LMGT3;;Manthey DK Engineering;Porsche;GF;40.253;65.023;36.231;
91;1;5;2:22.065;0;;40.363;0;1:05.330;0;36.372;0;177.5;12:01.662;14:12:52.825;0:40.363;1:05.330;0:36.372;265.6;James COTTINGHAM;;LMGT3;;Manthey DK Engineering;Porsche;GF;40.363;65.330;36.372;
91;1;6;2:25.616;0;;40.978;0;1:05.269;0;39.369;0;173.2;14:27.278;14:15:18.441;0:40.978;1:05.269;0:39.369;262.4;James COTTINGHAM;;LMGT3;;Manthey DK Engineering;Porsche;SF;40.978;65.269;39.369;
91;1;7;3:02.135;0;;58.349;0;1:14.903;0;48.883;0;138.4;17:29.413;14:18:20.576;0:58.349;1:14.903;0:48.883;172.0;James COTTINGHAM;;LMGT3;;Manthey DK Engineering;Porsche;SF;58.349;74.903;48.883;
91;1;8;2:46.224;0;;47.190;0;1:09.695;0;49.339;0;151.7;20:15.637;14:21:06.800;0:47.190;1:09.695;0:49.339;198.8;James COTTINGHAM;;LMGT3;;Manthey DK Engineering;Porsche;SF;47.190;69.695;49.339;
91;1;9;3:10.910;0;;1:05.714;0;1:18.765;0;46.431;0;132.1;23:26.547;14:24:17.710;1:05.714;1:18.765;0:46.431;161.7;James COTTINGHAM;;LMGT3;;Manthey DK Engineering;Porsche;SF;65.714;78.765;46.431;
91;1;10;2:45.284;0;;47.664;0;1:13.392;0;44.228;0;152.6;26:11.831;14:27:02.994;0:47.664;1:13.392;0:44.228;209.2;James COTTINGHAM;;LMGT3;;Manthey DK Engineering;Porsche;GF;47.664;73.392;44.228;
91;1;11;2:25.373;0;;39.919;0;1:08.684;0;36.770;0;173.4;28:37.204;14:29:28.367;0:39.919;1:08.684;0:36.770;269.6;James COTTINGHAM;;LMGT3;;Manthey DK Engineering;Porsche;GF;39.919;68.684;36.770;
91;1;12;2:21.981;0;;40.318;0;1:05.471;0;36.192;0;177.6;30:59.185;14:31:50.348;0:40.318;1:05.471;0:36.192;265.6;James COTTINGHAM;;LMGT3;;Manthey DK Engineering;Porsche;GF;40.318;65.471;36.192;
91;1;13;2:23.102;0;;40.015;1;1:06.349;0;36.738;0;176.2;33:22.287;14:34:13.450;0:40.015;1:06.349;0:36.738;266.9;James COTTINGHAM;;LMGT3;;Manthey DK Engineering;Porsche;GF;40.015;66.349;36.738;
91;1;14;2:26.248;0;;40.516;0;1:07.271;0;38.461;0;172.4;35:48.535;14:36:39.698;0:40.516;1:07.271;0:38.461;267.6;James COTTINGHAM;;LMGT3;;Manthey DK Engineering;Porsche;GF;40.516;67.271;38.461;
91;1;15;2:23.339;0;;40.562;0;1:06.132;0;36.645;0;175.9;38:11.874;14:39:03.037;0:40.562;1:06.132;0:36.645;265.6;James COTTINGHAM;;LMGT3;;Manthey DK Engineering;Porsche;GF;40.562;66.132;36.645;
91;1;16;2:23.413;0;;40.481;0;1:06.395;0;36.537;0;175.8;40:35.287;14:41:26.450;0:40.481;1:06.395;0:36.537;265.6;James COTTINGHAM;;LMGT3;;Manthey DK Engineering;Porsche;GF;40.481;66.395;36.537;
91;1;17;2:25.543;0;;40.911;0;1:07.643;0;36.989;0;173.2;43:00.830;14:43:51.993;0:40.911;1:07.643;0:36.989;264.9;James COTTINGHAM;;LMGT3;;Manthey DK Engineering;Porsche;GF;40.911;67.643;36.989;
91;1;18;2:22.708;0;;40.459;0;1:06.107;0;36.142;0;176.7;45:23.538;14:46:14.701;0:40.459;1:06.107;0:36.142;266.2;James COTTINGHAM;;LMGT3;;Manthey DK Engineering;Porsche;GF;40.459;66.107;36.142;
91;1;19;2:23.175;0;;40.853;0;1:05.934;0;36.388;0;176.1;47:46.713;14:48:37.876;0:40.853;1:05.934;0:36.388;264.3;James COTTINGHAM;;LMGT3;;Manthey DK Engineering;Porsche;GF;40.853;65.934;36.388;
91;1;20;2:23.759;0;;40.992;0;1:06.573;0;36.194;0;175.4;50:10.472;14:51:01.635;0:40.992;1:06.573;0:36.194;264.3;James COTTINGHAM;;LMGT3;;Manthey DK Engineering;Porsche;GF;40.992;66.573;36.194;
91;1;21;2:23.853;0;;40.457;0;1:07.095;0;36.301;0;175.3;52:34.325;14:53:25.488;0:40.457;1:07.095;0:36.301;259.2;James COTTINGHAM;;LMGT3;;Manthey DK Engineering;Porsche;GF;40.457;67.095;36.301;
91;1;22;2:23.239;0;;40.600;0;1:06.278;0;36.361;0;176.0;54:57.564;14:55:48.727;0:40.600;1:06.278;0:36.361;263.0;James COTTINGHAM;;LMGT3;;Manthey DK Engineering;Porsche;GF;40.600;66.278;36.361;
91;1;23;2:24.285;0;;40.245;0;1:06.516;0;37.524;0;174.8;57:21.849;14:58:13.012;0:40.245;1:06.516;0:37.524;265.6;James COTTINGHAM;;LMGT3;;Manthey DK Engineering;Porsche;GF;40.245;66.516;37.524;
91;1;24;2:25.388;0;;40.752;0;1:07.364;0;37.272;0;173.4;59:47.237;15:00:38.400;0:40.752;1:07.364;0:37.272;261.7;James COTTINGHAM;;LMGT3;;Manthey DK Engineering;Porsche;GF;40.752;67.364;37.272;
91;1;25;2:31.559;0;B;40.565;0;1:07.366;0;43.628;0;166.4;1:02:18.796;15:03:09.959;0:40.565;1:07.366;0:43.628;263.6;James COTTINGHAM;;LMGT3;;Manthey DK Engineering;Porsche;GF;40.565;67.366;43.628;
91;1;26;3:29.670;0;;1:47.004;0;1:06.410;0;36.256;0;120.3;1:05:48.466;15:06:39.629;1:47.004;1:06.410;0:36.256;254.4;James COTTINGHAM;0:01:16.410;LMGT3;;Manthey DK Engineering;Porsche;GF;107.004;66.410;36.256;
91;1;27;2:22.505;0;;40.576;0;1:05.865;0;36.064;1;176.9;1:08:10.971;15:09:02.134;0:40.576;1:05.865;0:36.064;259.9;James COTTINGHAM;;LMGT3;;Manthey DK Engineering;Porsche;GF;40.576;65.865;36.064;
91;1;28;2:23.394;0;;40.464;0;1:06.827;0;36.103;0;175.8;1:10:34.365;15:11:25.528;0:40.464;1:06.827;0:36.103;263.0;James COTTINGHAM;;LMGT3;;Manthey DK Engineering;Porsche;GF;40.464;66.827;36.103;
91;1;29;2:22.975;0;;40.371;0;1:05.929;0;36.675;0;176.4;1:12:57.340;15:13:48.503;0:40.371;1:05.929;0:36.675;263.0;James COTTINGHAM;;LMGT3;;Manthey DK Engineering;Porsche;GF;40.371;65.929;36.675;
91;1;30;2:23.052;0;;40.220;0;1:06.140;0;36.692;0;176.3;1:15:20.392;15:16:11.555;0:40.220;1:06.140;0:36.692;263.6;James COTTINGHAM;;LMGT3;;Manthey DK Engineering;Porsche;GF;40.220;66.140;36.692;
91;1;31;2:25.439;0;;40.307;0;1:07.141;0;37.991;0;173.4;1:17:45.831;15:18:36.994;0:40.307;1:07.141;0:37.991;263.6;James COTTINGHAM;;LMGT3;;Manthey DK Engineering;Porsche;GF;40.307;67.141;37.991;
91;1;32;2:24.428;0;;41.857;0;1:05.887;0;36.684;0;174.6;1:20:10.259;15:21:01.422;0:41.857;1:05.887;0:36.684;261.7;James COTTINGHAM;;LMGT3;;Manthey DK Engineering;Porsche;GF;41.857;65.887;36.684;
91;1;33;2:22.930;0;;40.784;0;1:05.796;0;36.350;0;176.4;1:22:33.189;15:23:24.352;0:40.784;1:05.796;0:36.350;261.7;James COTTINGHAM;;LMGT3;;Manthey DK Engineering;Porsche;GF;40.784;65.796;36.350;
91;1;34;2:22.477;0;;40.511;0;1:05.589;0;36.377;0;177.0;1:24:55.666;15:25:46.829;0:40.511;1:05.589;0:36.377;262.4;James COTTINGHAM;;LMGT3;;Manthey DK Engineering;Porsche;GF;40.511;65.589;36.377;
91;1;35;2:21.508;0;;40.116;0;1:05.196;0;36.196;0;178.2;1:27:17.174;15:28:08.337;0:40.116;1:05.196;0:36.196;265.6;James COTTINGHAM;;LMGT3;;Manthey DK Engineering;Porsche;GF;40.116;65.196;36.196;
91;1;36;2:22.109;0;;40.578;0;1:05.350;0;36.181;0;177.4;1:29:39.283;15:30:30.446;0:40.578;1:05.350;0:36.181;262.4;James COTTINGHAM;;LMGT3;;Manthey DK Engineering;Porsche;GF;40.578;65.350;36.181;
91;1;37;2:22.349;0;;40.422;0;1:05.797;0;36.130;0;177.1;1:32:01.632;15:32:52.795;0:40.422;1:05.797;0:36.130;264.9;James COTTINGHAM;;LMGT3;;Manthey DK Engineering;Porsche;GF;40.422;65.797;36.130;
91;1;38;2:21.829;0;;40.192;0;1:05.709;0;35.928;0;177.8;1:34:23.461;15:35:14.624;0:40.192;1:05.709;0:35.928;264.3;James COTTINGHAM;;LMGT3;;Manthey DK Engineering;Porsche;GF;40.192;65.709;35.928;
91;1;39;2:25.093;0;;40.171;0;1:08.104;0;36.818;0;173.8;1:36:48.554;15:37:39.717;0:40.171;1:08.104;0:36.818;263.6;James COTTINGHAM;;LMGT3;;Manthey DK Engineering;Porsche;GF;40.171;68.104;36.818;
91;1;40;2:25.305;0;;41.383;0;1:07.380;0;36.542;0;173.5;1:39:13.859;15:40:05.022;0:41.383;1:07.380;0:36.542;261.1;James COTTINGHAM;;LMGT3;;Manthey DK Engineering;Porsche;GF;41.383;67.380;36.542;
91;1;41;2:22.968;0;;40.389;0;1:06.400;0;36.179;0;176.4;1:41:36.827;15:42:27.990;0:40.389;1:06.400;0:36.179;259.2;James COTTINGHAM;;LMGT3;;Manthey DK Engineering;Porsche;GF;40.389;66.400;36.179;
91;1;42;2:29.449;0;B;40.411;0;1:05.994;0;43.044;0;168.7;1:44:06.276;15:44:57.439;0:40.411;1:05.994;0:43.044;264.9;James COTTINGHAM;;LMGT3;;Manthey DK Engineering;Porsche;GF;40.411;65.994;43.044;
91;1;43;2:34.324;0;;52.321;0;1:05.686;0;36.317;0;163.4;1:46:40.600;15:47:31.763;0:52.321;1:05.686;0:36.317;260.5;James COTTINGHAM;0:00:23.886;LMGT3;;Manthey DK Engineering;Porsche;GF;52.321;65.686;36.317;
91;1;44;2:22.518;0;;40.584;0;1:05.735;0;36.199;0;176.9;1:49:03.118;15:49:54.281;0:40.584;1:05.735;0:36.199;261.7;James COTTINGHAM;;LMGT3;;Manthey DK Engineering;Porsche;GF;40.584;65.735;36.199;
91;1;45;2:22.876;0;;40.291;0;1:05.932;0;36.653;0;176.5;1:51:25.994;15:52:17.157;0:40.291;1:05.932;0:36.653;261.1;James COTTINGHAM;;LMGT3;;Manthey DK Engineering;Porsche;GF;40.291;65.932;36.653;
91;1;46;2:23.853;0;;40.453;0;1:07.150;0;36.250;0;175.3;1:53:49.847;15:54:41.010;0:40.453;1:07.150;0:36.250;261.1;James COTTINGHAM;;LMGT3;;Manthey DK Engineering;Porsche;GF;40.453;67.150;36.250;
91;1;47;2:22.044;0;;40.258;0;1:05.549;0;36.237;0;177.5;1:56:11.891;15:57:03.054;0:40.258;1:05.549;0:36.237;262.4;James COTTINGHAM;;LMGT3;;Manthey DK Engineering;Porsche;GF;40.258;65.549;36.237;
91;1;48;2:29.365;0;B;40.544;0;1:05.731;0;43.090;0;168.8;1:58:41.256;15:59:32.419;0:40.544;1:05.731;0:43.090;260.5;James COTTINGHAM;;LMGT3;;Manthey DK Engineering;Porsche;GF;40.544;65.731;43.090;
91;2;49;3:40.082;0;;1:56.175;0;1:05.959;0;37.948;0;114.6;2:02:21.338;16:03:12.501;1:56.175;1:05.959;0:37.948;248.5;Timur BOGUSLAVSKIY;0:01:24.679;LMGT3;;Manthey DK Engineering;Porsche;GF;116.175;65.959;37.948;
91;2;50;2:20.835;0;;40.757;0;1:04.282;1;35.796;0;179.0;2:04:42.173;16:05:33.336;0:40.757;1:04.282;0:35.796;256.2;Timur BOGUSLAVSKIY;;LMGT3;;Manthey DK Engineering;Porsche;GF;40.757;64.282;35.796;
91;2;51;2:20.907;0;;40.189;0;1:04.747;0;35.971;0;178.9;2:07:03.080;16:07:54.243;0:40.189;1:04.747;0:35.971;259.2;Timur BOGUSLAVSKIY;;LMGT3;;Manthey DK Engineering;Porsche;GF;40.189;64.747;35.971;
91;2;52;2:20.891;0;;39.879;0;1:05.326;0;35.686;1;179.0;2:09:23.971;16:10:15.134;0:39.879;1:05.326;0:35.686;262.4;Timur BOGUSLAVSKIY;;LMGT3;;Manthey DK Engineering;Porsche;GF;39.879;65.326;35.686;
91;2;53;2:22.192;0;;39.843;0;1:05.792;0;36.557;0;177.3;2:11:46.163;16:12:37.326;0:39.843;1:05.792;0:36.557;263.6;Timur BOGUSLAVSKIY;;LMGT3;;Manthey DK Engineering;Porsche;GF;39.843;65.792;36.557;
91;2;54;2:22.134;0;;40.071;0;1:05.501;0;36.562;0;177.4;2:14:08.297;16:14:59.460;0:40.071;1:05.501;0:36.562;263.0;Timur BOGUSLAVSKIY;;LMGT3;;Manthey DK Engineering;Porsche;GF;40.071;65.501;36.562;
91;2;55;2:20.799;0;;39.785;0;1:04.940;0;36.074;0;179.1;2:16:29.096;16:17:20.259;0:39.785;1:04.940;0:36.074;264.9;Timur BOGUSLAVSKIY;;LMGT3;;Manthey DK Engineering;Porsche;GF;39.785;64.940;36.074;
91;2;56;2:20.161;0;;39.741;0;1:04.553;0;35.867;0;179.9;2:18:49.257;16:19:40.420;0:39.741;1:04.553;0:35.867;266.2;Timur BOGUSLAVSKIY;;LMGT3;;Manthey DK Engineering;Porsche;GF;39.741;64.553;35.867;
91;2;57;2:20.310;0;;39.700;1;1:04.704;0;35.906;0;179.7;2:21:09.567;16:22:00.730;0:39.700;1:04.704;0:35.906;264.9;Timur BOGUSLAVSKIY;;LMGT3;;Manthey DK Engineering;Porsche;GF;39.700;64.704;35.906;
91;2;58;2:20.792;0;;39.729;0;1:04.615;0;36.448;0;179.1;2:23:30.359;16:24:21.522;0:39.729;1:04.615;0:36.448;265.6;Timur BOGUSLAVSKIY;;LMGT3;;Manthey DK Engineering;Porsche;GF;39.729;64.615;36.448;
91;2;59;2:21.073;0;;39.894;0;1:04.650;0;36.529;0;178.7;2:25:51.432;16:26:42.595;0:39.894;1:04.650;0:36.529;264.3;Timur BOGUSLAVSKIY;;LMGT3;;Manthey DK Engineering;Porsche;GF;39.894;64.650;36.529;
91;2;60;2:20.499;0;;39.785;0;1:04.871;0;35.843;0;179.5;2:28:11.931;16:29:03.094;0:39.785;1:04.871;0:35.843;264.3;Timur BOGUSLAVSKIY;;LMGT3;;Manthey DK Engineering;Porsche;GF;39.785;64.871;35.843;
91;2;61;2:20.127;0;;39.805;0;1:04.541;0;35.781;0;179.9;2:30:32.058;16:31:23.221;0:39.805;1:04.541;0:35.781;264.9;Timur BOGUSLAVSKIY;;LMGT3;;Manthey DK Engineering;Porsche;GF;39.805;64.541;35.781;
91;2;62;2:20.369;0;;39.789;0;1:04.652;0;35.928;0;179.6;2:32:52.427;16:33:43.590;0:39.789;1:04.652;0:35.928;261.7;Timur BOGUSLAVSKIY;;LMGT3;;Manthey DK Engineering;Porsche;GF;39.789;64.652;35.928;
91;2;63;2:21.536;0;;39.897;0;1:05.267;0;36.372;0;178.1;2:35:13.963;16:36:05.126;0:39.897;1:05.267;0:36.372;264.3;Timur BOGUSLAVSKIY;;LMGT3;;Manthey DK Engineering;Porsche;GF;39.897;65.267;36.372;
91;2;64;2:22.545;0;;40.923;0;1:05.571;0;36.051;0;176.9;2:37:36.508;16:38:27.671;0:40.923;1:05.571;0:36.051;262.4;Timur BOGUSLAVSKIY;;LMGT3;;Manthey DK Engineering;Porsche;GF;40.923;65.571;36.051;
91;2;65;2:20.488;0;;40.099;0;1:04.649;0;35.740;0;179.5;2:39:56.996;16:40:48.159;0:40.099;1:04.649;0:35.740;263.0;Timur BOGUSLAVSKIY;;LMGT3;;Manthey DK Engineering;Porsche;GF;40.099;64.649;35.740;
91;2;66;2:21.172;0;;40.577;0;1:04.729;0;35.866;0;178.6;2:42:18.168;16:43:09.331;0:40.577;1:04.729;0:35.866;261.1;Timur BOGUSLAVSKIY;;LMGT3;;Manthey DK Engineering;Porsche;GF;40.577;64.729;35.866;
91;2;67;2:20.601;0;;39.819;0;1:04.847;0;35.935;0;179.3;2:44:38.769;16:45:29.932;0:39.819;1:04.847;0:35.935;264.9;Timur BOGUSLAVSKIY;;LMGT3;;Manthey DK Engineering;Porsche;GF;39.819;64.847;35.935;
91;2;68;3:39.584;0;;1:26.919;0;1:36.732;0;35.933;0;114.8;2:48:18.353;16:49:09.516;1:26.919;1:36.732;0:35.933;80.2;Timur BOGUSLAVSKIY;;LMGT3;;Manthey DK Engineering;Porsche;GF;86.919;96.732;35.933;
91;2;69;2:21.544;0;;39.822;0;1:04.960;0;36.762;0;178.1;2:50:39.897;16:51:31.060;0:39.822;1:04.960;0:36.762;266.9;Timur BOGUSLAVSKIY;;LMGT3;;Manthey DK Engineering;Porsche;GF;39.822;64.960;36.762;
91;2;70;2:20.737;0;;39.823;0;1:05.021;0;35.893;0;179.2;2:53:00.634;16:53:51.797;0:39.823;1:05.021;0:35.893;264.3;Timur BOGUSLAVSKIY;;LMGT3;;Manthey DK Engineering;Porsche;GF;39.823;65.021;35.893;
91;2;71;2:23.371;0;;41.849;0;1:05.605;0;35.917;0;175.9;2:55:24.005;16:56:15.168;0:41.849;1:05.605;0:35.917;253.8;Timur BOGUSLAVSKIY;;LMGT3;;Manthey DK Engineering;Porsche;GF;41.849;65.605;35.917;
91;2;72;2:20.987;0;;39.780;0;1:05.207;0;36.000;0;178.8;2:57:44.992;16:58:36.155;0:39.780;1:05.207;0:36.000;264.9;Timur BOGUSLAVSKIY;;LMGT3;;Manthey DK Engineering;Porsche;GF;39.780;65.207;36.000;
91;2;73;2:22.777;0;;39.853;0;1:06.703;0;36.221;0;176.6;3:00:07.769;17:00:58.932;0:39.853;1:06.703;0:36.221;263.6;Timur BOGUSLAVSKIY;;LMGT3;;Manthey DK Engineering;Porsche;GF;39.853;66.703;36.221;
91;2;74;2:29.796;0;B;40.153;0;1:06.524;0;43.119;0;168.3;3:02:37.565;17:03:28.728;0:40.153;1:06.524;0:43.119;261.7;Timur BOGUSLAVSKIY;;LMGT3;;Manthey DK Engineering;Porsche;GF;40.153;66.524;43.119;
91;2;75;3:31.097;0;;1:49.559;0;1:05.589;0;35.949;0;119.4;3:06:08.662;17:06:59.825;1:49.559;1:05.589;0:35.949;258.0;Timur BOGUSLAVSKIY;0:01:19.168;LMGT3;;Manthey DK Engineering;Porsche;GF;109.559;65.589;35.949;
91;2;76;2:21.893;0;;40.516;0;1:05.353;0;36.024;0;177.7;3:08:30.555;17:09:21.718;0:40.516;1:05.353;0:36.024;258.0;Timur BOGUSLAVSKIY;;LMGT3;;Manthey DK Engineering;Porsche;GF;40.516;65.353;36.024;
91;2;77;2:20.325;0;;40.107;0;1:04.445;0;35.773;0;179.7;3:10:50.880;17:11:42.043;0:40.107;1:04.445;0:35.773;259.9;Timur BOGUSLAVSKIY;;LMGT3;;Manthey DK Engineering;Porsche;GF;40.107;64.445;35.773;
91;2;78;2:20.991;0;;40.129;0;1:05.004;0;35.858;0;178.8;3:13:11.871;17:14:03.034;0:40.129;1:05.004;0:35.858;256.2;Timur BOGUSLAVSKIY;;LMGT3;;Manthey DK Engineering;Porsche;GF;40.129;65.004;35.858;
91;2;79;2:20.683;0;;39.869;0;1:04.525;0;36.289;0;179.2;3:15:32.554;17:16:23.717;0:39.869;1:04.525;0:36.289;263.0;Timur BOGUSLAVSKIY;;LMGT3;;Manthey DK Engineering;Porsche;GF;39.869;64.525;36.289;
91;2;80;2:20.742;0;;39.901;0;1:04.805;0;36.036;0;179.2;3:17:53.296;17:18:44.459;0:39.901;1:04.805;0:36.036;261.7;Timur BOGUSLAVSKIY;;LMGT3;;Manthey DK Engineering;Porsche;GF;39.901;64.805;36.036;
91;2;81;2:21.047;0;;40.227;0;1:04.895;0;35.925;0;178.8;3:20:14.343;17:21:05.506;0:40.227;1:04.895;0:35.925;262.4;Timur BOGUSLAVSKIY;;LMGT3;;Manthey DK Engineering;Porsche;GF;40.227;64.895;35.925;
91;2;82;2:22.278;0;;39.992;0;1:05.546;0;36.740;0;177.2;3:22:36.621;17:23:27.784;0:39.992;1:05.546;0:36.740;257.4;Timur BOGUSLAVSKIY;;LMGT3;;Manthey DK Engineering;Porsche;GF;39.992;65.546;36.740;
91;2;83;2:21.550;0;;39.972;0;1:05.531;0;36.047;0;178.1;3:24:58.171;17:25:49.334;0:39.972;1:05.531;0:36.047;264.3;Timur BOGUSLAVSKIY;;LMGT3;;Manthey DK Engineering;Porsche;GF;39.972;65.531;36.047;
91;2;84;2:21.159;0;;40.138;0;1:05.167;0;35.854;0;178.6;3:27:19.330;17:28:10.493;0:40.138;1:05.167;0:35.854;262.4;Timur BOGUSLAVSKIY;;LMGT3;;Manthey DK Engineering;Porsche;GF;40.138;65.167;35.854;
91;2;85;2:20.479;0;;39.846;0;1:04.702;0;35.931;0;179.5;3:29:39.809;17:30:30.972;0:39.846;1:04.702;0:35.931;266.9;Timur BOGUSLAVSKIY;;LMGT3;;Manthey DK Engineering;Porsche;GF;39.846;64.702;35.931;
91;2;86;2:20.952;0;;39.950;0;1:05.006;0;35.996;0;178.9;3:32:00.761;17:32:51.924;0:39.950;1:05.006;0:35.996;263.6;Timur BOGUSLAVSKIY;;LMGT3;;Manthey DK Engineering;Porsche;GF;39.950;65.006;35.996;
91;2;87;2:20.338;0;;39.802;0;1:04.551;0;35.985;0;179.7;3:34:21.099;17:35:12.262;0:39.802;1:04.551;0:35.985;263.0;Timur BOGUSLAVSKIY;;LMGT3;;Manthey DK Engineering;Porsche;GF;39.802;64.551;35.985;
91;2;88;2:20.819;0;;39.941;0;1:04.938;0;35.940;0;179.1;3:36:41.918;17:37:33.081;0:39.941;1:04.938;0:35.940;260.5;Timur BOGUSLAVSKIY;;LMGT3;;Manthey DK Engineering;Porsche;GF;39.941;64.938;35.940;
91;2;89;2:21.149;0;;40.208;0;1:05.037;0;35.904;0;178.6;3:39:03.067;17:39:54.230;0:40.208;1:05.037;0:35.904;263.0;Timur BOGUSLAVSKIY;;LMGT3;;Manthey DK Engineering;Porsche;GF;40.208;65.037;35.904;
91;2;90;2:21.117;0;;39.953;0;1:05.159;0;36.005;0;178.7;3:41:24.184;17:42:15.347;0:39.953;1:05.159;0:36.005;264.9;Timur BOGUSLAVSKIY;;LMGT3;;Manthey DK Engineering;Porsche;GF;39.953;65.159;36.005;
91;2;91;2:22.038;0;;39.940;0;1:05.179;0;36.919;0;177.5;3:43:46.222;17:44:37.385;0:39.940;1:05.179;0:36.919;264.9;Timur BOGUSLAVSKIY;;LMGT3;;Manthey DK Engineering;Porsche;GF;39.940;65.179;36.919;
91;2;92;2:21.396;0;;39.825;0;1:05.708;0;35.863;0;178.3;3:46:07.618;17:46:58.781;0:39.825;1:05.708;0:35.863;264.9;Timur BOGUSLAVSKIY;;LMGT3;;Manthey DK Engineering;Porsche;GF;39.825;65.708;35.863;
91;2;93;2:20.946;0;;40.028;0;1:04.970;0;35.948;0;178.9;3:48:28.564;17:49:19.727;0:40.028;1:04.970;0:35.948;263.6;Timur BOGUSLAVSKIY;;LMGT3;;Manthey DK Engineering;Porsche;GF;40.028;64.970;35.948;
91;2;94;2:26.345;0;;40.058;0;1:06.132;0;40.155;0;172.3;3:50:54.909;17:51:46.072;0:40.058;1:06.132;0:40.155;262.4;Timur BOGUSLAVSKIY;;LMGT3;;Manthey DK Engineering;Porsche;GF;40.058;66.132;40.155;
91;2;95;5:26.679;0;B;1:41.346;0;2:07.304;0;1:38.029;0;77.2;3:56:21.588;17:57:12.751;1:41.346;2:07.304;1:38.029;80.1;Timur BOGUSLAVSKIY;;LMGT3;;Manthey DK Engineering;Porsche;GF;101.346;127.304;98.029;
91;3;96;6:02.562;0;;2:33.538;0;2:09.077;0;1:19.947;0;69.5;4:02:24.150;18:03:15.313;2:33.538;2:09.077;1:19.947;79.7;Ayhancan GÜVEN;0:01:17.056;LMGT3;;Manthey DK Engineering;Porsche;SF;153.538;129.077;79.947;
91;3;97;2:57.140;0;;43.428;0;1:17.683;0;56.029;0;142.3;4:05:21.290;18:06:12.453;0:43.428;1:17.683;0:56.029;170.4;Ayhancan GÜVEN;;LMGT3;;Manthey DK Engineering;Porsche;SF;43.428;77.683;56.029;
91;3;98;3:38.719;0;;1:11.906;0;1:45.488;0;41.325;0;115.3;4:09:00.009;18:09:51.172;1:11.906;1:45.488;0:41.325;102.8;Ayhancan GÜVEN;;LMGT3;;Manthey DK Engineering;Porsche;SF;71.906;105.488;41.325;
91;3;99;2:32.071;0;;44.418;0;1:07.875;0;39.778;0;165.8;4:11:32.080;18:12:23.243;0:44.418;1:07.875;0:39.778;194.2;Ayhancan GÜVEN;;LMGT3;;Manthey DK Engineering;Porsche;SF;44.418;67.875;39.778;
91;3;100;3:16.127;0;;42.520;0;1:10.098;0;1:23.509;0;128.6;4:14:48.207;18:15:39.370;0:42.520;1:10.098;1:23.509;229.1;Ayhancan GÜVEN;;LMGT3;;Manthey DK Engineering;Porsche;SF;42.520;70.098;83.509;
91;3;101;3:01.620;0;;1:02.552;0;1:08.861;0;50.207;0;138.8;4:17:49.827;18:18:40.990;1:02.552;1:08.861;0:50.207;154.6;Ayhancan GÜVEN;;LMGT3;;Manthey DK Engineering;Porsche;GF;62.552;68.861;50.207;
91;3;102;2:20.143;0;;39.856;0;1:04.596;0;35.691;0;179.9;4:20:09.970;18:21:01.133;0:39.856;1:04.596;0:35.691;265.6;Ayhancan GÜVEN;;LMGT3;;Manthey DK Engineering;Porsche;GF;39.856;64.596;35.691;
91;3;103;2:19.765;0;;39.987;0;1:04.358;0;35.420;2;180.4;4:22:29.735;18:23:20.898;0:39.987;1:04.358;0:35.420;266.9;Ayhancan GÜVEN;;LMGT3;;Manthey DK Engineering;Porsche;GF;39.987;64.358;35.420;
91;3;104;2:19.875;0;;40.711;0;1:03.696;2;35.468;0;180.3;4:24:49.610;18:25:40.773;0:40.711;1:03.696;0:35.468;259.2;Ayhancan GÜVEN;;LMGT3;;Manthey DK Engineering;Porsche;GF;40.711;63.696;35.468;
91;3;105;2:19.116;0;;39.545;0;1:04.126;0;35.445;0;181.2;4:27:08.726;18:27:59.889;0:39.545;1:04.126;0:35.445;265.6;Ayhancan GÜVEN;;LMGT3;;Manthey DK Engineering;Porsche;GF;39.545;64.126;35.445;
91;3;106;2:18.938;0;;39.498;0;1:04.123;0;35.317;0;181.5;4:29:27.664;18:30:18.827;0:39.498;1:04.123;0:35.317;268.2;Ayhancan GÜVEN;;LMGT3;;Manthey DK Engineering;Porsche;GF;39.498;64.123;35.317;
91;3;107;2:19.606;0;;39.655;0;1:04.283;0;35.668;0;180.6;4:31:47.270;18:32:38.433;0:39.655;1:04.283;0:35.668;264.9;Ayhancan GÜVEN;;LMGT3;;Manthey DK Engineering;Porsche;GF;39.655;64.283;35.668;
91;3;108;2:19.585;0;;39.609;0;1:04.444;0;35.532;0;180.6;4:34:06.855;18:34:58.018;0:39.609;1:04.444;0:35.532;266.2;Ayhancan GÜVEN;;LMGT3;;Manthey DK Engineering;Porsche;GF;39.609;64.444;35.532;
91;3;109;2:20.416;0;;39.713;0;1:04.816;0;35.887;0;179.6;4:36:27.271;18:37:18.434;0:39.713;1:04.816;0:35.887;266.9;Ayhancan GÜVEN;;LMGT3;;Manthey DK Engineering;Porsche;GF;39.713;64.816;35.887;
91;3;110;2:22.616;0;;40.228;0;1:05.937;0;36.451;0;176.8;4:38:49.887;18:39:41.050;0:40.228;1:05.937;0:36.451;268.9;Ayhancan GÜVEN;;LMGT3;;Manthey DK Engineering;Porsche;GF;40.228;65.937;36.451;
91;3;111;2:21.136;0;;39.486;0;1:05.622;0;36.028;0;178.7;4:41:11.023;18:42:02.186;0:39.486;1:05.622;0:36.028;269.6;Ayhancan GÜVEN;;LMGT3;;Manthey DK Engineering;Porsche;GF;39.486;65.622;36.028;
91;3;112;2:20.880;0;;39.411;2;1:05.051;0;36.418;0;179.0;4:43:31.903;18:44:23.066;0:39.411;1:05.051;0:36.418;270.2;Ayhancan GÜVEN;;LMGT3;;Manthey DK Engineering;Porsche;GF;39.411;65.051;36.418;
91;3;113;2:20.534;0;;39.618;0;1:05.171;0;35.745;0;179.4;4:45:52.437;18:46:43.600;0:39.618;1:05.171;0:35.745;268.2;Ayhancan GÜVEN;;LMGT3;;Manthey DK Engineering;Porsche;GF;39.618;65.171;35.745;
91;3;114;2:21.060;0;;39.424;0;1:05.812;0;35.824;0;178.7;4:48:13.497;18:49:04.660;0:39.424;1:05.812;0:35.824;271.6;Ayhancan GÜVEN;;LMGT3;;Manthey DK Engineering;Porsche;GF;39.424;65.812;35.824;
91;3;115;2:21.123;0;;39.917;0;1:05.217;0;35.989;0;178.7;4:50:34.620;18:51:25.783;0:39.917;1:05.217;0:35.989;266.2;Ayhancan GÜVEN;;LMGT3;;Manthey DK Engineering;Porsche;GF;39.917;65.217;35.989;
91;3;116;2:21.653;0;;40.244;0;1:05.499;0;35.910;0;178.0;4:52:56.273;18:53:47.436;0:40.244;1:05.499;0:35.910;267.6;Ayhancan GÜVEN;;LMGT3;;Manthey DK Engineering;Porsche;GF;40.244;65.499;35.910;
91;3;117;2:21.509;0;;39.951;0;1:05.110;0;36.448;0;178.2;4:55:17.782;18:56:08.945;0:39.951;1:05.110;0:36.448;265.6;Ayhancan GÜVEN;;LMGT3;;Manthey DK Engineering;Porsche;GF;39.951;65.110;36.448;
91;3;118;2:23.179;0;;40.744;0;1:05.584;0;36.851;0;176.1;4:57:40.961;18:58:32.124;0:40.744;1:05.584;0:36.851;266.2;Ayhancan GÜVEN;;LMGT3;;Manthey DK Engineering;Porsche;GF;40.744;65.584;36.851;
91;3;119;2:23.361;0;;42.512;0;1:05.128;0;35.721;0;175.9;5:00:04.322;19:00:55.485;0:42.512;1:05.128;0:35.721;263.0;Ayhancan GÜVEN;;LMGT3;;Manthey DK Engineering;Porsche;GF;42.512;65.128;35.721;
91;3;120;4:00.060;0;B;41.593;0;1:49.981;0;1:28.486;0;105.0;5:04:04.382;19:04:55.545;0:41.593;1:49.981;1:28.486;259.2;Ayhancan GÜVEN;;LMGT3;;Manthey DK Engineering;Porsche;GF;41.593;109.981;88.486;
91;3;121;6:09.574;0;;2:34.313;0;2:09.309;0;1:25.952;0;68.2;5:10:13.956;19:11:05.119;2:34.313;2:09.309;1:25.952;79.3;Ayhancan GÜVEN;0:01:13.486;LMGT3;;Manthey DK Engineering;Porsche;GF;154.313;129.309;85.952;
91;3;122;4:02.775;0;;1:42.381;0;1:40.531;0;39.863;0;103.9;5:14:16.731;19:15:07.894;1:42.381;1:40.531;0:39.863;79.4;Ayhancan GÜVEN;;LMGT3;;Manthey DK Engineering;Porsche;SF;102.381;100.531;39.863;
91;3;123;4:26.882;0;;1:10.097;0;1:59.570;0;1:17.215;0;94.5;5:18:43.613;19:19:34.776;1:10.097;1:59.570;1:17.215;86.9;Ayhancan GÜVEN;;LMGT3;;Manthey DK Engineering;Porsche;SF;70.097;119.570;77.215;
91;3;124;4:01.343;0;;1:32.186;0;1:31.175;0;57.982;0;104.5;5:22:44.956;19:23:36.119;1:32.186;1:31.175;0:57.982;86.3;Ayhancan GÜVEN;;LMGT3;;Manthey DK Engineering;Porsche;SF;92.186;91.175;57.982;
91;3;125;2:58.410;0;;50.950;0;1:18.241;0;49.219;0;141.3;5:25:43.366;19:26:34.529;0:50.950;1:18.241;0:49.219;161.3;Ayhancan GÜVEN;;LMGT3;;Manthey DK Engineering;Porsche;GF;50.950;78.241;49.219;
91;3;126;2:36.747;0;;41.494;0;1:14.693;0;40.560;0;160.9;5:28:20.113;19:29:11.276;0:41.494;1:14.693;0:40.560;202.2;Ayhancan GÜVEN;;LMGT3;;Manthey DK Engineering;Porsche;SF;41.494;74.693;40.560;
91;3;127;4:16.562;0;;1:18.467;0;1:44.826;0;1:13.269;0;98.3;5:32:36.675;19:33:27.838;1:18.467;1:44.826;1:13.269;61.2;Ayhancan GÜVEN;;LMGT3;;Manthey DK Engineering;Porsche;SF;78.467;104.826;73.269;
91;3;128;3:40.033;0;;1:32.909;0;1:19.848;0;47.276;0;114.6;5:36:16.708;19:37:07.871;1:32.909;1:19.848;0:47.276;82.2;Ayhancan GÜVEN;;LMGT3;;Manthey DK Engineering;Porsche;GF;92.909;79.848;47.276;
91;3;129;2:21.152;0;;40.755;0;1:04.787;0;35.610;0;178.6;5:38:37.860;19:39:29.023;0:40.755;1:04.787;0:35.610;248.5;Ayhancan GÜVEN;;LMGT3;;Manthey DK Engineering;Porsche;GF;40.755;64.787;35.610;
91;3;130;2:19.666;0;;39.797;0;1:04.205;0;35.664;0;180.5;5:40:57.526;19:41:48.689;0:39.797;1:04.205;0:35.664;263.0;Ayhancan GÜVEN;;LMGT3;;Manthey DK Engineering;Porsche;GF;39.797;64.205;35.664;
91;3;131;2:19.346;2;;39.626;0;1:04.123;0;35.597;0;180.9;5:43:16.872;19:44:08.035;0:39.626;1:04.123;0:35.597;264.3;Ayhancan GÜVEN;;LMGT3;;Manthey DK Engineering;Porsche;GF;39.626;64.123;35.597;
91;3;132;2:21.704;0;;39.833;0;1:06.185;0;35.686;0;177.9;5:45:38.576;19:46:29.739;0:39.833;1:06.185;0:35.686;265.6;Ayhancan GÜVEN;;LMGT3;;Manthey DK Engineering;Porsche;GF;39.833;66.185;35.686;
91;3;133;2:19.585;0;;39.796;0;1:04.202;0;35.587;0;180.6;5:47:58.161;19:48:49.324;0:39.796;1:04.202;0:35.587;264.3;Ayhancan GÜVEN;;LMGT3;;Manthey DK Engineering;Porsche;GF;39.796;64.202;35.587;
91;3;134;2:19.757;0;;39.858;0;1:04.247;0;35.652;0;180.4;5:50:17.918;19:51:09.081;0:39.858;1:04.247;0:35.652;263.0;Ayhancan GÜVEN;;LMGT3;;Manthey DK Engineering;Porsche;GF;39.858;64.247;35.652;
91;3;135;2:19.926;0;;39.818;0;1:04.440;0;35.668;0;180.2;5:52:37.844;19:53:29.007;0:39.818;1:04.440;0:35.668;263.6;Ayhancan GÜVEN;;LMGT3;;Manthey DK Engineering;Porsche;GF;39.818;64.440;35.668;
91;3;136;2:19.887;0;;39.797;0;1:04.355;0;35.735;0;180.2;5:54:57.731;19:55:48.894;0:39.797;1:04.355;0:35.735;263.6;Ayhancan GÜVEN;;LMGT3;;Manthey DK Engineering;Porsche;GF;39.797;64.355;35.735;
91;3;137;2:20.083;0;;39.925;0;1:04.340;0;35.818;0;180.0;5:57:17.814;19:58:08.977;0:39.925;1:04.340;0:35.818;267.6;Ayhancan GÜVEN;;LMGT3;;Manthey DK Engineering;Porsche;GF;39.925;64.340;35.818;
91;3;138;2:20.659;0;;39.883;0;1:04.765;0;36.011;0;179.3;5:59:38.473;20:00:29.636;0:39.883;1:04.765;0:36.011;263.6;Ayhancan GÜVEN;;LMGT3;;Manthey DK Engineering;Porsche;GF;39.883;64.765;36.011;
91;3;139;2:20.929;0;;40.296;0;1:04.890;0;35.743;0;178.9;6:01:59.402;20:02:50.565;0:40.296;1:04.890;0:35.743;264.9;Ayhancan GÜVEN;;LMGT3;;Manthey DK Engineering;Porsche;FF;40.296;64.890;35.743;
92;1;1;2:32.153;0;;48.461;0;1:07.335;0;36.357;0;162.8;2:32.153;14:03:23.316;0:48.461;1:07.335;0:36.357;264.3;Yasser SHAHIN;;LMGT3;;The Bend Manthey;Porsche;GF;48.461;67.335;36.357;
92;1;2;2:21.039;0;;40.319;0;1:04.766;1;35.954;0;178.8;4:53.192;14:05:44.355;0:40.319;1:04.766;0:35.954;264.9;Yasser SHAHIN;;LMGT3;;The Bend Manthey;Porsche;GF;40.319;64.766;35.954;
92;1;3;2:21.038;0;;40.062;0;1:05.075;0;35.901;0;178.8;7:14.230;14:08:05.393;0:40.062;1:05.075;0:35.901;265.6;Yasser SHAHIN;;LMGT3;;The Bend Manthey;Porsche;GF;40.062;65.075;35.901;
92;1;4;2:21.597;0;;40.128;0;1:05.249;0;36.220;0;178.1;9:35.827;14:10:26.990;0:40.128;1:05.249;0:36.220;264.9;Yasser SHAHIN;;LMGT3;;The Bend Manthey;Porsche;GF;40.128;65.249;36.220;
92;1;5;2:22.310;0;;40.300;0;1:05.890;0;36.120;0;177.2;11:58.137;14:12:49.300;0:40.300;1:05.890;0:36.120;261.7;Yasser SHAHIN;;LMGT3;;The Bend Manthey;Porsche;GF;40.300;65.890;36.120;
92;1;6;2:25.367;0;;40.363;0;1:06.486;0;38.518;0;173.5;14:23.504;14:15:14.667;0:40.363;1:06.486;0:38.518;263.6;Yasser SHAHIN;;LMGT3;;The Bend Manthey;Porsche;SF;40.363;66.486;38.518;
92;1;7;3:02.512;0;;57.882;0;1:15.687;0;48.943;0;138.2;17:26.016;14:18:17.179;0:57.882;1:15.687;0:48.943;185.5;Yasser SHAHIN;;LMGT3;;The Bend Manthey;Porsche;SF;57.882;75.687;48.943;
92;1;8;2:46.325;0;;46.552;0;1:09.427;0;50.346;0;151.6;20:12.341;14:21:03.504;0:46.552;1:09.427;0:50.346;221.6;Yasser SHAHIN;;LMGT3;;The Bend Manthey;Porsche;SF;46.552;69.427;50.346;
92;1;9;3:10.121;0;;1:05.312;0;1:19.020;0;45.789;0;132.6;23:22.462;14:24:13.625;1:05.312;1:19.020;0:45.789;200.3;Yasser SHAHIN;;LMGT3;;The Bend Manthey;Porsche;SF;65.312;79.020;45.789;
92;1;10;2:47.246;0;;48.714;0;1:12.556;0;45.976;0;150.8;26:09.708;14:27:00.871;0:48.714;1:12.556;0:45.976;183.4;Yasser SHAHIN;;LMGT3;;The Bend Manthey;Porsche;GF;48.714;72.556;45.976;
92;1;11;2:24.482;0;;40.223;0;1:08.126;0;36.133;0;174.5;28:34.190;14:29:25.353;0:40.223;1:08.126;0:36.133;267.6;Yasser SHAHIN;;LMGT3;;The Bend Manthey;Porsche;GF;40.223;68.126;36.133;
92;1;12;2:22.625;0;;40.305;0;1:06.107;0;36.213;0;176.8;30:56.815;14:31:47.978;0:40.305;1:06.107;0:36.213;267.6;Yasser SHAHIN;;LMGT3;;The Bend Manthey;Porsche;GF;40.305;66.107;36.213;
92;1;13;2:23.465;0;;40.158;0;1:06.313;0;36.994;0;175.8;33:20.280;14:34:11.443;0:40.158;1:06.313;0:36.994;266.9;Yasser SHAHIN;;LMGT3;;The Bend Manthey;Porsche;GF;40.158;66.313;36.994;
92;1;14;2:25.493;0;;40.928;0;1:07.977;0;36.588;0;173.3;35:45.773;14:36:36.936;0:40.928;1:07.977;0:36.588;264.9;Yasser SHAHIN;;LMGT3;;The Bend Manthey;Porsche;GF;40.928;67.977;36.588;
92;1;15;2:23.081;0;;40.629;0;1:06.403;0;36.049;0;176.2;38:08.854;14:39:00.017;0:40.629;1:06.403;0:36.049;264.3;Yasser SHAHIN;;LMGT3;;The Bend Manthey;Porsche;GF;40.629;66.403;36.049;
92;1;16;2:22.874;0;;40.224;0;1:06.342;0;36.308;0;176.5;40:31.728;14:41:22.891;0:40.224;1:06.342;0:36.308;264.3;Yasser SHAHIN;;LMGT3;;The Bend Manthey;Porsche;GF;40.224;66.342;36.308;
92;1;17;2:51.879;0;;40.406;0;1:33.684;0;37.789;0;146.7;43:23.607;14:44:14.770;0:40.406;1:33.684;0:37.789;265.6;Yasser SHAHIN;;LMGT3;;The Bend Manthey;Porsche;GF;40.406;93.684;37.789;
92;1;18;2:24.280;0;;41.209;0;1:06.623;0;36.448;0;174.8;45:47.887;14:46:39.050;0:41.209;1:06.623;0:36.448;259.9;Yasser SHAHIN;;LMGT3;;The Bend Manthey;Porsche;GF;41.209;66.623;36.448;
92;1;19;2:23.130;0;;40.415;0;1:06.284;0;36.431;0;176.2;48:11.017;14:49:02.180;0:40.415;1:06.284;0:36.431;261.1;Yasser SHAHIN;;LMGT3;;The Bend Manthey;Porsche;GF;40.415;66.284;36.431;
92;1;20;2:23.586;0;;40.581;0;1:06.501;0;36.504;0;175.6;50:34.603;14:51:25.766;0:40.581;1:06.501;0:36.504;261.1;Yasser SHAHIN;;LMGT3;;The Bend Manthey;Porsche;GF;40.581;66.501;36.504;
92;1;21;2:23.546;0;;40.416;0;1:06.453;0;36.677;0;175.7;52:58.149;14:53:49.312;0:40.416;1:06.453;0:36.677;262.4;Yasser SHAHIN;;LMGT3;;The Bend Manthey;Porsche;GF;40.416;66.453;36.677;
92;1;22;2:22.645;0;;40.284;0;1:06.102;0;36.259;0;176.8;55:20.794;14:56:11.957;0:40.284;1:06.102;0:36.259;263.0;Yasser SHAHIN;;LMGT3;;The Bend Manthey;Porsche;GF;40.284;66.102;36.259;
92;1;23;2:26.515;0;;40.549;0;1:08.788;0;37.178;0;172.1;57:47.309;14:58:38.472;0:40.549;1:08.788;0:37.178;259.2;Yasser SHAHIN;;LMGT3;;The Bend Manthey;Porsche;GF;40.549;68.788;37.178;
92;1;24;2:23.992;0;;40.428;0;1:06.794;0;36.770;0;175.1;1:00:11.301;15:01:02.464;0:40.428;1:06.794;0:36.770;265.6;Yasser SHAHIN;;LMGT3;;The Bend Manthey;Porsche;GF;40.428;66.794;36.770;
92;1;25;2:23.718;0;;40.229;0;1:06.806;0;36.683;0;175.4;1:02:35.019;15:03:26.182;0:40.229;1:06.806;0:36.683;263.0;Yasser SHAHIN;;LMGT3;;The Bend Manthey;Porsche;GF;40.229;66.806;36.683;
92;1;26;2:32.089;0;B;40.581;0;1:07.875;0;43.633;0;165.8;1:05:07.108;15:05:58.271;0:40.581;1:07.875;0:43.633;263.0;Yasser SHAHIN;;LMGT3;;The Bend Manthey;Porsche;GF;40.581;67.875;43.633;
92;1;27;3:35.089;0;;1:50.869;0;1:07.370;0;36.850;0;117.2;1:08:42.197;15:09:33.360;1:50.869;1:07.370;0:36.850;250.8;Yasser SHAHIN;0:01:18.982;LMGT3;;The Bend Manthey;Porsche;GF;110.869;67.370;36.850;
92;1;28;2:23.000;0;;41.610;0;1:05.358;0;36.032;0;176.3;1:11:05.197;15:11:56.360;0:41.610;1:05.358;0:36.032;252.6;Yasser SHAHIN;;LMGT3;;The Bend Manthey;Porsche;GF;41.610;65.358;36.032;
92;1;29;2:24.157;0;;40.538;0;1:07.234;0;36.385;0;174.9;1:13:29.354;15:14:20.517;0:40.538;1:07.234;0:36.385;260.5;Yasser SHAHIN;;LMGT3;;The Bend Manthey;Porsche;GF;40.538;67.234;36.385;
92;1;30;2:23.148;0;;40.797;0;1:06.247;0;36.104;0;176.1;1:15:52.502;15:16:43.665;0:40.797;1:06.247;0:36.104;264.9;Yasser SHAHIN;;LMGT3;;The Bend Manthey;Porsche;GF;40.797;66.247;36.104;
92;1;31;2:22.240;0;;40.811;0;1:05.202;0;36.227;0;177.3;1:18:14.742;15:19:05.905;0:40.811;1:05.202;0:36.227;260.5;Yasser SHAHIN;;LMGT3;;The Bend Manthey;Porsche;GF;40.811;65.202;36.227;
92;1;32;2:22.885;0;;40.467;0;1:05.457;0;36.961;0;176.5;1:20:37.627;15:21:28.790;0:40.467;1:05.457;0:36.961;262.4;Yasser SHAHIN;;LMGT3;;The Bend Manthey;Porsche;GF;40.467;65.457;36.961;
92;1;33;2:21.368;0;;40.268;0;1:05.174;0;35.926;0;178.4;1:22:58.995;15:23:50.158;0:40.268;1:05.174;0:35.926;261.7;Yasser SHAHIN;;LMGT3;;The Bend Manthey;Porsche;GF;40.268;65.174;35.926;
92;1;34;2:22.859;0;;40.628;0;1:05.884;0;36.347;0;176.5;1:25:21.854;15:26:13.017;0:40.628;1:05.884;0:36.347;260.5;Yasser SHAHIN;;LMGT3;;The Bend Manthey;Porsche;GF;40.628;65.884;36.347;
92;1;35;2:21.994;0;;40.341;0;1:05.443;0;36.210;0;177.6;1:27:43.848;15:28:35.011;0:40.341;1:05.443;0:36.210;262.4;Yasser SHAHIN;;LMGT3;;The Bend Manthey;Porsche;GF;40.341;65.443;36.210;
92;1;36;2:23.142;0;;40.117;0;1:06.395;0;36.630;0;176.1;1:30:06.990;15:30:58.153;0:40.117;1:06.395;0:36.630;263.0;Yasser SHAHIN;;LMGT3;;The Bend Manthey;Porsche;GF;40.117;66.395;36.630;
92;1;37;2:23.794;0;;40.194;0;1:06.786;0;36.814;0;175.3;1:32:30.784;15:33:21.947;0:40.194;1:06.786;0:36.814;262.4;Yasser SHAHIN;;LMGT3;;The Bend Manthey;Porsche;GF;40.194;66.786;36.814;
92;1;38;2:23.338;0;;40.319;0;1:06.703;0;36.316;0;175.9;1:34:54.122;15:35:45.285;0:40.319;1:06.703;0:36.316;263.6;Yasser SHAHIN;;LMGT3;;The Bend Manthey;Porsche;GF;40.319;66.703;36.316;
92;1;39;2:21.965;0;;40.109;0;1:05.810;0;36.046;0;177.6;1:37:16.087;15:38:07.250;0:40.109;1:05.810;0:36.046;264.3;Yasser SHAHIN;;LMGT3;;The Bend Manthey;Porsche;GF;40.109;65.810;36.046;
92;1;40;2:22.315;0;;40.220;0;1:06.112;0;35.983;0;177.2;1:39:38.402;15:40:29.565;0:40.220;1:06.112;0:35.983;263.6;Yasser SHAHIN;;LMGT3;;The Bend Manthey;Porsche;GF;40.220;66.112;35.983;
92;1;41;2:22.569;0;;40.573;0;1:06.025;0;35.971;0;176.9;1:42:00.971;15:42:52.134;0:40.573;1:06.025;0:35.971;263.0;Yasser SHAHIN;;LMGT3;;The Bend Manthey;Porsche;GF;40.573;66.025;35.971;
92;1;42;2:21.270;0;;40.145;0;1:05.272;0;35.853;0;178.5;1:44:22.241;15:45:13.404;0:40.145;1:05.272;0:35.853;263.6;Yasser SHAHIN;;LMGT3;;The Bend Manthey;Porsche;GF;40.145;65.272;35.853;
92;1;43;2:21.754;0;;40.373;0;1:05.440;0;35.941;0;177.9;1:46:43.995;15:47:35.158;0:40.373;1:05.440;0:35.941;262.4;Yasser SHAHIN;;LMGT3;;The Bend Manthey;Porsche;GF;40.373;65.440;35.941;
92;1;44;2:21.141;0;;39.992;0;1:05.364;0;35.785;1;178.6;1:49:05.136;15:49:56.299;0:39.992;1:05.364;0:35.785;264.3;Yasser SHAHIN;;LMGT3;;The Bend Manthey;Porsche;GF;39.992;65.364;35.785;
92;1;45;2:22.263;0;;40.104;0;1:05.866;0;36.293;0;177.2;1:51:27.399;15:52:18.562;0:40.104;1:05.866;0:36.293;263.6;Yasser SHAHIN;;LMGT3;;The Bend Manthey;Porsche;GF;40.104;65.866;36.293;
92;1;46;2:23.285;0;;40.399;0;1:06.764;0;36.122;0;176.0;1:53:50.684;15:54:41.847;0:40.399;1:06.764;0:36.122;263.0;Yasser SHAHIN;;LMGT3;;The Bend Manthey;Porsche;GF;40.399;66.764;36.122;
92;1;47;2:21.930;0;;40.261;0;1:05.727;0;35.942;0;177.7;1:56:12.614;15:57:03.777;0:40.261;1:05.727;0:35.942;264.3;Yasser SHAHIN;;LMGT3;;The Bend Manthey;Porsche;GF;40.261;65.727;35.942;
92;1;48;2:22.736;0;;40.143;0;1:06.300;0;36.293;0;176.6;1:58:35.350;15:59:26.513;0:40.143;1:06.300;0:36.293;262.4;Yasser SHAHIN;;LMGT3;;The Bend Manthey;Porsche;GF;40.143;66.300;36.293;
92;1;49;2:22.833;0;;40.387;0;1:06.323;0;36.123;0;176.5;2:00:58.183;16:01:49.346;0:40.387;1:06.323;0:36.123;263.0;Yasser SHAHIN;;LMGT3;;The Bend Manthey;Porsche;GF;40.387;66.323;36.123;
92;1;50;2:22.337;0;;40.256;0;1:05.973;0;36.108;0;177.1;2:03:20.520;16:04:11.683;0:40.256;1:05.973;0:36.108;261.7;Yasser SHAHIN;;LMGT3;;The Bend Manthey;Porsche;GF;40.256;65.973;36.108;
92;1;51;2:31.533;0;B;39.969;1;1:06.439;0;45.125;0;166.4;2:05:52.053;16:06:43.216;0:39.969;1:06.439;0:45.125;264.3;Yasser SHAHIN;;LMGT3;;The Bend Manthey;Porsche;GF;39.969;66.439;45.125;
92;2;52;3:29.562;0;;1:48.288;0;1:05.390;0;35.884;0;120.3;2:09:21.615;16:10:12.778;1:48.288;1:05.390;0:35.884;255.0;Riccardo PERA;0:01:18.444;LMGT3;;The Bend Manthey;Porsche;GF;108.288;65.390;35.884;
92;2;53;2:20.041;0;;40.642;0;1:03.718;2;35.681;0;180.0;2:11:41.656;16:12:32.819;0:40.642;1:03.718;0:35.681;252.0;Riccardo PERA;;LMGT3;;The Bend Manthey;Porsche;GF;40.642;63.718;35.681;
92;2;54;2:20.518;0;;39.849;0;1:04.388;0;36.281;0;179.4;2:14:02.174;16:14:53.337;0:39.849;1:04.388;0:36.281;250.3;Riccardo PERA;;LMGT3;;The Bend Manthey;Porsche;GF;39.849;64.388;36.281;
92;2;55;2:20.763;0;;40.101;0;1:04.522;0;36.140;0;179.1;2:16:22.937;16:17:14.100;0:40.101;1:04.522;0:36.140;241.3;Riccardo PERA;;LMGT3;;The Bend Manthey;Porsche;GF;40.101;64.522;36.140;
92;2;56;2:20.296;0;;40.104;0;1:04.533;0;35.659;0;179.7;2:18:43.233;16:19:34.396;0:40.104;1:04.533;0:35.659;252.6;Riccardo PERA;;LMGT3;;The Bend Manthey;Porsche;GF;40.104;64.533;35.659;
92;2;57;2:20.246;0;;39.850;0;1:04.456;0;35.940;0;179.8;2:21:03.479;16:21:54.642;0:39.850;1:04.456;0:35.940;253.8;Riccardo PERA;;LMGT3;;The Bend Manthey;Porsche;GF;39.850;64.456;35.940;
92;2;58;2:20.010;0;;39.711;0;1:04.445;0;35.854;0;180.1;2:23:23.489;16:24:14.652;0:39.711;1:04.445;0:35.854;253.8;Riccardo PERA;;LMGT3;;The Bend Manthey;Porsche;GF;39.711;64.445;35.854;
92;2;59;2:20.095;0;;39.810;0;1:04.652;0;35.633;0;180.0;2:25:43.584;16:26:34.747;0:39.810;1:04.652;0:35.633;252.0;Riccardo PERA;;LMGT3;;The Bend Manthey;Porsche;GF;39.810;64.652;35.633;
92;2;60;2:19.845;0;;39.684;0;1:04.393;0;35.768;0;180.3;2:28:03.429;16:28:54.592;0:39.684;1:04.393;0:35.768;255.0;Riccardo PERA;;LMGT3;;The Bend Manthey;Porsche;GF;39.684;64.393;35.768;
92;2;61;2:20.833;0;;40.141;0;1:04.715;0;35.977;0;179.0;2:30:24.262;16:31:15.425;0:40.141;1:04.715;0:35.977;255.6;Riccardo PERA;;LMGT3;;The Bend Manthey;Porsche;GF;40.141;64.715;35.977;
92;2;62;2:20.700;0;;40.452;0;1:04.445;0;35.803;0;179.2;2:32:44.962;16:33:36.125;0:40.452;1:04.445;0:35.803;252.0;Riccardo PERA;;LMGT3;;The Bend Manthey;Porsche;GF;40.452;64.445;35.803;
92;2;63;2:20.389;0;;39.866;0;1:04.583;0;35.940;0;179.6;2:35:05.351;16:35:56.514;0:39.866;1:04.583;0:35.940;252.0;Riccardo PERA;;LMGT3;;The Bend Manthey;Porsche;GF;39.866;64.583;35.940;
92;2;64;2:21.260;0;;39.997;0;1:05.453;0;35.810;0;178.5;2:37:26.611;16:38:17.774;0:39.997;1:05.453;0:35.810;248.0;Riccardo PERA;;LMGT3;;The Bend Manthey;Porsche;GF;39.997;65.453;35.810;
92;2;65;2:20.801;0;;39.828;0;1:05.264;0;35.709;0;179.1;2:39:47.412;16:40:38.575;0:39.828;1:05.264;0:35.709;249.7;Riccardo PERA;;LMGT3;;The Bend Manthey;Porsche;GF;39.828;65.264;35.709;
92;2;66;2:21.617;0;;39.911;0;1:04.682;0;37.024;0;178.0;2:42:09.029;16:43:00.192;0:39.911;1:04.682;0:37.024;258.0;Riccardo PERA;;LMGT3;;The Bend Manthey;Porsche;GF;39.911;64.682;37.024;
92;2;67;2:20.311;0;;40.140;0;1:04.533;0;35.638;0;179.7;2:44:29.340;16:45:20.503;0:40.140;1:04.533;0:35.638;264.3;Riccardo PERA;;LMGT3;;The Bend Manthey;Porsche;GF;40.140;64.533;35.638;
92;2;68;3:38.117;0;;1:10.620;0;1:51.772;0;35.725;0;115.6;2:48:07.457;16:48:58.620;1:10.620;1:51.772;0:35.725;80.2;Riccardo PERA;;LMGT3;;The Bend Manthey;Porsche;GF;70.620;111.772;35.725;
92;2;69;2:20.813;0;;39.929;0;1:05.100;0;35.784;0;179.1;2:50:28.270;16:51:19.433;0:39.929;1:05.100;0:35.784;261.1;Riccardo PERA;;LMGT3;;The Bend Manthey;Porsche;GF;39.929;65.100;35.784;
92;2;70;2:21.274;0;;39.829;0;1:05.403;0;36.042;0;178.5;2:52:49.544;16:53:40.707;0:39.829;1:05.403;0:36.042;255.6;Riccardo PERA;;LMGT3;;The Bend Manthey;Porsche;GF;39.829;65.403;36.042;
92;2;71;2:20.646;0;;39.896;0;1:05.027;0;35.723;0;179.3;2:55:10.190;16:56:01.353;0:39.896;1:05.027;0:35.723;258.0;Riccardo PERA;;LMGT3;;The Bend Manthey;Porsche;GF;39.896;65.027;35.723;
92;2;72;2:20.288;0;;39.821;0;1:04.837;0;35.630;0;179.7;2:57:30.478;16:58:21.641;0:39.821;1:04.837;0:35.630;265.6;Riccardo PERA;;LMGT3;;The Bend Manthey;Porsche;GF;39.821;64.837;35.630;
92;2;73;2:20.412;0;;39.812;0;1:04.939;0;35.661;0;179.6;2:59:50.890;17:00:42.053;0:39.812;1:04.939;0:35.661;261.1;Riccardo PERA;;LMGT3;;The Bend Manthey;Porsche;GF;39.812;64.939;35.661;
92;2;74;2:20.902;0;;39.839;0;1:05.309;0;35.754;0;178.9;3:02:11.792;17:03:02.955;0:39.839;1:05.309;0:35.754;258.0;Riccardo PERA;;LMGT3;;The Bend Manthey;Porsche;GF;39.839;65.309;35.754;
92;2;75;2:20.410;0;;39.668;0;1:04.936;0;35.806;0;179.6;3:04:32.202;17:05:23.365;0:39.668;1:04.936;0:35.806;263.6;Riccardo PERA;;LMGT3;;The Bend Manthey;Porsche;GF;39.668;64.936;35.806;
92;2;76;2:21.991;0;;39.971;0;1:06.005;0;36.015;0;177.6;3:06:54.193;17:07:45.356;0:39.971;1:06.005;0:36.015;264.3;Riccardo PERA;;LMGT3;;The Bend Manthey;Porsche;GF;39.971;66.005;36.015;
92;2;77;2:21.968;0;;39.887;0;1:05.875;0;36.206;0;177.6;3:09:16.161;17:10:07.324;0:39.887;1:05.875;0:36.206;259.9;Riccardo PERA;;LMGT3;;The Bend Manthey;Porsche;GF;39.887;65.875;36.206;
92;2;78;2:28.407;0;B;39.901;0;1:06.030;0;42.476;0;169.9;3:11:44.568;17:12:35.731;0:39.901;1:06.030;0:42.476;262.4;Riccardo PERA;;LMGT3;;The Bend Manthey;Porsche;GF;39.901;66.030;42.476;
92;3;79;3:32.243;0;;1:50.238;0;1:06.279;0;35.726;0;118.8;3:15:16.811;17:16:07.974;1:50.238;1:06.279;0:35.726;256.8;Richard LIETZ;0:01:20.036;LMGT3;;The Bend Manthey;Porsche;GF;110.238;66.279;35.726;
92;3;80;2:20.586;0;;40.204;0;1:04.540;0;35.842;0;179.4;3:17:37.397;17:18:28.560;0:40.204;1:04.540;0:35.842;259.9;Richard LIETZ;;LMGT3;;The Bend Manthey;Porsche;GF;40.204;64.540;35.842;
92;3;81;2:20.243;0;;39.957;0;1:04.313;0;35.973;0;179.8;3:19:57.640;17:20:48.803;0:39.957;1:04.313;0:35.973;262.4;Richard LIETZ;;LMGT3;;The Bend Manthey;Porsche;GF;39.957;64.313;35.973;
92;3;82;2:20.367;0;;39.921;0;1:04.402;0;36.044;0;179.6;3:22:18.007;17:23:09.170;0:39.921;1:04.402;0:36.044;266.9;Richard LIETZ;;LMGT3;;The Bend Manthey;Porsche;GF;39.921;64.402;36.044;
92;3;83;2:20.105;0;;39.845;0;1:04.536;0;35.724;0;180.0;3:24:38.112;17:25:29.275;0:39.845;1:04.536;0:35.724;267.6;Richard LIETZ;;LMGT3;;The Bend Manthey;Porsche;GF;39.845;64.536;35.724;
92;3;84;2:20.452;0;;39.620;0;1:04.758;0;36.074;0;179.5;3:26:58.564;17:27:49.727;0:39.620;1:04.758;0:36.074;268.2;Richard LIETZ;;LMGT3;;The Bend Manthey;Porsche;GF;39.620;64.758;36.074;
92;3;85;2:20.254;0;;39.821;0;1:04.730;0;35.703;0;179.8;3:29:18.818;17:30:09.981;0:39.821;1:04.730;0:35.703;264.9;Richard LIETZ;;LMGT3;;The Bend Manthey;Porsche;GF;39.821;64.730;35.703;
92;3;86;2:20.016;0;;39.650;0;1:04.578;0;35.788;0;180.1;3:31:38.834;17:32:29.997;0:39.650;1:04.578;0:35.788;266.2;Richard LIETZ;;LMGT3;;The Bend Manthey;Porsche;GF;39.650;64.578;35.788;
92;3;87;2:20.452;0;;39.898;0;1:04.605;0;35.949;0;179.5;3:33:59.286;17:34:50.449;0:39.898;1:04.605;0:35.949;264.9;Richard LIETZ;;LMGT3;;The Bend Manthey;Porsche;GF;39.898;64.605;35.949;
92;3;88;2:20.372;0;;39.935;0;1:04.690;0;35.747;0;179.6;3:36:19.658;17:37:10.821;0:39.935;1:04.690;0:35.747;265.6;Richard LIETZ;;LMGT3;;The Bend Manthey;Porsche;GF;39.935;64.690;35.747;
92;3;89;2:19.984;0;;39.744;0;1:04.515;0;35.725;0;180.1;3:38:39.642;17:39:30.805;0:39.744;1:04.515;0:35.725;265.6;Richard LIETZ;;LMGT3;;The Bend Manthey;Porsche;GF;39.744;64.515;35.725;
92;3;90;2:22.395;0;;39.647;0;1:06.142;0;36.606;0;177.1;3:41:02.037;17:41:53.200;0:39.647;1:06.142;0:36.606;259.2;Richard LIETZ;;LMGT3;;The Bend Manthey;Porsche;GF;39.647;66.142;36.606;
92;3;91;2:21.510;0;;39.557;0;1:05.500;0;36.453;0;178.2;3:43:23.547;17:44:14.710;0:39.557;1:05.500;0:36.453;269.6;Richard LIETZ;;LMGT3;;The Bend Manthey;Porsche;GF;39.557;65.500;36.453;
92;3;92;2:21.608;0;;39.680;0;1:05.620;0;36.308;0;178.1;3:45:45.155;17:46:36.318;0:39.680;1:05.620;0:36.308;269.6;Richard LIETZ;;LMGT3;;The Bend Manthey;Porsche;GF;39.680;65.620;36.308;
92;3;93;2:22.451;0;;39.726;0;1:06.217;0;36.508;0;177.0;3:48:07.606;17:48:58.769;0:39.726;1:06.217;0:36.508;269.6;Richard LIETZ;;LMGT3;;The Bend Manthey;Porsche;GF;39.726;66.217;36.508;
92;3;94;2:22.914;0;;39.580;0;1:07.277;0;36.057;0;176.4;3:50:30.520;17:51:21.683;0:39.580;1:07.277;0:36.057;268.9;Richard LIETZ;;LMGT3;;The Bend Manthey;Porsche;GF;39.580;67.277;36.057;
92;3;95;5:09.662;0;B;1:32.156;0;2:07.841;0;1:29.665;0;81.4;3:55:40.182;17:56:31.345;1:32.156;2:07.841;1:29.665;80.3;Richard LIETZ;;LMGT3;;The Bend Manthey;Porsche;GF;92.156;127.841;89.665;
92;2;96;5:58.703;0;;2:25.414;0;2:08.121;0;1:25.168;0;70.3;4:01:38.885;18:02:30.048;2:25.414;2:08.121;1:25.168;79.8;Riccardo PERA;0:01:05.689;LMGT3;;The Bend Manthey;Porsche;GF;145.414;128.121;85.168;
92;2;97;3:27.305;0;;1:09.255;0;1:22.090;0;55.960;0;121.6;4:05:06.190;18:05:57.353;1:09.255;1:22.090;0:55.960;138.0;Riccardo PERA;;LMGT3;;The Bend Manthey;Porsche;SF;69.255;82.090;55.960;
92;2;98;3:47.107;0;;1:16.434;0;1:51.399;0;39.274;0;111.0;4:08:53.297;18:09:44.460;1:16.434;1:51.399;0:39.274;71.4;Riccardo PERA;;LMGT3;;The Bend Manthey;Porsche;SF;76.434;111.399;39.274;
92;2;99;2:29.866;0;;43.092;0;1:08.921;0;37.853;0;168.2;4:11:23.163;18:12:14.326;0:43.092;1:08.921;0:37.853;204.5;Riccardo PERA;;LMGT3;;The Bend Manthey;Porsche;SF;43.092;68.921;37.853;
92;2;100;3:17.734;0;;42.615;0;1:14.350;0;1:20.769;0;127.5;4:14:40.897;18:15:32.060;0:42.615;1:14.350;1:20.769;214.6;Riccardo PERA;;LMGT3;;The Bend Manthey;Porsche;SF;42.615;74.350;80.769;
92;2;101;3:06.575;0;;1:02.448;0;1:11.812;0;52.315;0;135.1;4:17:47.472;18:18:38.635;1:02.448;1:11.812;0:52.315;179.4;Riccardo PERA;;LMGT3;;The Bend Manthey;Porsche;GF;62.448;71.812;52.315;
92;2;102;2:19.287;0;;39.664;0;1:04.244;0;35.379;2;181.0;4:20:06.759;18:20:57.922;0:39.664;1:04.244;0:35.379;259.2;Riccardo PERA;;LMGT3;;The Bend Manthey;Porsche;GF;39.664;64.244;35.379;
92;2;103;2:19.396;0;;39.643;0;1:04.228;0;35.525;0;180.9;4:22:26.155;18:23:17.318;0:39.643;1:04.228;0:35.525;264.3;Riccardo PERA;;LMGT3;;The Bend Manthey;Porsche;GF;39.643;64.228;35.525;
92;2;104;2:19.682;0;;39.693;0;1:04.429;0;35.560;0;180.5;4:24:45.837;18:25:37.000;0:39.693;1:04.429;0:35.560;265.6;Riccardo PERA;;LMGT3;;The Bend Manthey;Porsche;GF;39.693;64.429;35.560;
92;2;105;2:19.724;0;;39.581;0;1:04.474;0;35.669;0;180.5;4:27:05.561;18:27:56.724;0:39.581;1:04.474;0:35.669;264.3;Riccardo PERA;;LMGT3;;The Bend Manthey;Porsche;GF;39.581;64.474;35.669;
92;2;106;2:19.610;0;;39.702;0;1:04.308;0;35.600;0;180.6;4:29:25.171;18:30:16.334;0:39.702;1:04.308;0:35.600;260.5;Riccardo PERA;;LMGT3;;The Bend Manthey;Porsche;GF;39.702;64.308;35.600;
92;2;107;2:19.554;0;;39.606;0;1:04.420;0;35.528;0;180.7;4:31:44.725;18:32:35.888;0:39.606;1:04.420;0:35.528;263.0;Riccardo PERA;;LMGT3;;The Bend Manthey;Porsche;GF;39.606;64.420;35.528;
92;2;108;2:19.599;0;;39.522;0;1:04.564;0;35.513;0;180.6;4:34:04.324;18:34:55.487;0:39.522;1:04.564;0:35.513;265.6;Riccardo PERA;;LMGT3;;The Bend Manthey;Porsche;GF;39.522;64.564;35.513;
92;2;109;2:19.871;0;;39.628;0;1:04.533;0;35.710;0;180.3;4:36:24.195;18:37:15.358;0:39.628;1:04.533;0:35.710;261.7;Riccardo PERA;;LMGT3;;The Bend Manthey;Porsche;GF;39.628;64.533;35.710;
92;2;110;2:24.018;0;;40.748;0;1:07.162;0;36.108;0;175.1;4:38:48.213;18:39:39.376;0:40.748;1:07.162;0:36.108;258.0;Riccardo PERA;;LMGT3;;The Bend Manthey;Porsche;GF;40.748;67.162;36.108;
92;2;111;2:20.856;0;;39.673;0;1:05.314;0;35.869;0;179.0;4:41:09.069;18:42:00.232;0:39.673;1:05.314;0:35.869;268.2;Riccardo PERA;;LMGT3;;The Bend Manthey;Porsche;GF;39.673;65.314;35.869;
92;2;112;2:19.724;0;;39.475;1;1:04.672;0;35.577;0;180.5;4:43:28.793;18:44:19.956;0:39.475;1:04.672;0:35.577;266.9;Riccardo PERA;;LMGT3;;The Bend Manthey;Porsche;GF;39.475;64.672;35.577;
92;2;113;2:20.234;0;;39.489;0;1:04.997;0;35.748;0;179.8;4:45:49.027;18:46:40.190;0:39.489;1:04.997;0:35.748;264.3;Riccardo PERA;;LMGT3;;The Bend Manthey;Porsche;GF;39.489;64.997;35.748;
92;2;114;2:20.572;0;;39.589;0;1:05.210;0;35.773;0;179.4;4:48:09.599;18:49:00.762;0:39.589;1:05.210;0:35.773;258.0;Riccardo PERA;;LMGT3;;The Bend Manthey;Porsche;GF;39.589;65.210;35.773;
92;2;115;2:20.630;0;;39.879;0;1:05.106;0;35.645;0;179.3;4:50:30.229;18:51:21.392;0:39.879;1:05.106;0:35.645;260.5;Riccardo PERA;;LMGT3;;The Bend Manthey;Porsche;GF;39.879;65.106;35.645;
92;2;116;2:20.267;0;;39.494;0;1:05.250;0;35.523;0;179.8;4:52:50.496;18:53:41.659;0:39.494;1:05.250;0:35.523;261.7;Riccardo PERA;;LMGT3;;The Bend Manthey;Porsche;GF;39.494;65.250;35.523;
92;2;117;2:20.203;0;;39.586;0;1:04.982;0;35.635;0;179.8;4:55:10.699;18:56:01.862;0:39.586;1:04.982;0:35.635;263.0;Riccardo PERA;;LMGT3;;The Bend Manthey;Porsche;GF;39.586;64.982;35.635;
92;2;118;2:21.806;0;;39.823;0;1:05.921;0;36.062;0;177.8;4:57:32.505;18:58:23.668;0:39.823;1:05.921;0:36.062;246.8;Riccardo PERA;;LMGT3;;The Bend Manthey;Porsche;GF;39.823;65.921;36.062;
92;2;119;2:21.839;0;;40.369;0;1:05.417;0;36.053;0;177.8;4:59:54.344;19:00:45.507;0:40.369;1:05.417;0:36.053;263.6;Riccardo PERA;;LMGT3;;The Bend Manthey;Porsche;GF;40.369;65.417;36.053;
92;2;120;3:39.130;0;;39.937;0;1:34.642;0;1:24.551;0;115.1;5:03:33.474;19:04:24.637;0:39.937;1:34.642;1:24.551;265.6;Riccardo PERA;;LMGT3;;The Bend Manthey;Porsche;GF;39.937;94.642;84.551;
92;2;121;5:16.856;0;B;1:41.223;0;2:07.116;0;1:28.517;0;79.6;5:08:50.330;19:09:41.493;1:41.223;2:07.116;1:28.517;80.3;Riccardo PERA;;LMGT3;;The Bend Manthey;Porsche;GF;101.223;127.116;88.517;
92;3;122;5:09.445;0;;2:31.149;0;1:56.529;0;41.767;0;81.5;5:13:59.775;19:14:50.938;2:31.149;1:56.529;0:41.767;79.6;Richard LIETZ;0:01:10.575;LMGT3;;The Bend Manthey;Porsche;SF;151.149;116.529;41.767;
92;3;123;4:37.598;0;;1:19.390;0;2:00.875;0;1:17.333;0;90.8;5:18:37.373;19:19:28.536;1:19.390;2:00.875;1:17.333;97.6;Richard LIETZ;;LMGT3;;The Bend Manthey;Porsche;SF;79.390;120.875;77.333;
92;3;124;4:00.878;0;;1:30.194;0;1:32.657;0;58.027;0;104.7;5:22:38.251;19:23:29.414;1:30.194;1:32.657;0:58.027;100.6;Richard LIETZ;;LMGT3;;The Bend Manthey;Porsche;SF;90.194;92.657;58.027;
92;3;125;3:01.557;0;;50.688;0;1:21.001;0;49.868;0;138.9;5:25:39.808;19:26:30.971;0:50.688;1:21.001;0:49.868;147.2;Richard LIETZ;;LMGT3;;The Bend Manthey;Porsche;GF;50.688;81.001;49.868;
92;3;126;2:36.327;0;;40.800;0;1:14.401;0;41.126;0;161.3;5:28:16.135;19:29:07.298;0:40.800;1:14.401;0:41.126;198.5;Richard LIETZ;;LMGT3;;The Bend Manthey;Porsche;SF;40.800;74.401;41.126;
92;3;127;4:15.196;0;;1:16.354;0;1:47.357;0;1:11.485;0;98.8;5:32:31.331;19:33:22.494;1:16.354;1:47.357;1:11.485;59.8;Richard LIETZ;;LMGT3;;The Bend Manthey;Porsche;SF;76.354;107.357;71.485;
92;3;128;3:42.785;0;;1:31.649;0;1:23.712;0;47.424;0;113.2;5:36:14.116;19:37:05.279;1:31.649;1:23.712;0:47.424;86.6;Richard LIETZ;;LMGT3;;The Bend Manthey;Porsche;GF;91.649;83.712;47.424;
92;3;129;2:19.996;0;;40.024;0;1:04.429;0;35.543;0;180.1;5:38:34.112;19:39:25.275;0:40.024;1:04.429;0:35.543;261.1;Richard LIETZ;;LMGT3;;The Bend Manthey;Porsche;GF;40.024;64.429;35.543;
92;3;130;2:18.820;0;;39.520;0;1:03.809;1;35.491;0;181.6;5:40:52.932;19:41:44.095;0:39.520;1:03.809;0:35.491;266.9;Richard LIETZ;;LMGT3;;The Bend Manthey;Porsche;GF;39.520;63.809;35.491;
92;3;131;2:18.801;2;;39.398;2;1:03.851;0;35.552;0;181.7;5:43:11.733;19:44:02.896;0:39.398;1:03.851;0:35.552;266.9;Richard LIETZ;;LMGT3;;The Bend Manthey;Porsche;GF;39.398;63.851;35.552;
92;3;132;2:19.356;0;;39.496;0;1:04.296;0;35.564;0;180.9;5:45:31.089;19:46:22.252;0:39.496;1:04.296;0:35.564;267.6;Richard LIETZ;;LMGT3;;The Bend Manthey;Porsche;GF;39.496;64.296;35.564;
92;3;133;2:19.180;0;;39.698;0;1:04.020;0;35.462;1;181.2;5:47:50.269;19:48:41.432;0:39.698;1:04.020;0:35.462;266.9;Richard LIETZ;;LMGT3;;The Bend Manthey;Porsche;GF;39.698;64.020;35.462;
92;3;134;2:19.165;0;;39.474;0;1:04.137;0;35.554;0;181.2;5:50:09.434;19:51:00.597;0:39.474;1:04.137;0:35.554;266.9;Richard LIETZ;;LMGT3;;The Bend Manthey;Porsche;GF;39.474;64.137;35.554;
92;3;135;2:19.797;0;;39.516;0;1:04.668;0;35.613;0;180.4;5:52:29.231;19:53:20.394;0:39.516;1:04.668;0:35.613;267.6;Richard LIETZ;;LMGT3;;The Bend Manthey;Porsche;GF;39.516;64.668;35.613;
92;3;136;2:19.610;0;;39.522;0;1:04.521;0;35.567;0;180.6;5:54:48.841;19:55:40.004;0:39.522;1:04.521;0:35.567;266.9;Richard LIETZ;;LMGT3;;The Bend Manthey;Porsche;GF;39.522;64.521;35.567;
92;3;137;2:20.160;0;;39.512;0;1:04.934;0;35.714;0;179.9;5:57:09.001;19:58:00.164;0:39.512;1:04.934;0:35.714;267.6;Richard LIETZ;;LMGT3;;The Bend Manthey;Porsche;GF;39.512;64.934;35.714;
92;3;138;2:20.375;0;;39.511;0;1:05.086;0;35.778;0;179.6;5:59:29.376;20:00:20.539;0:39.511;1:05.086;0:35.778;267.6;Richard LIETZ;;LMGT3;;The Bend Manthey;Porsche;GF;39.511;65.086;35.778;
92;3;139;2:19.480;0;;39.605;0;1:04.310;0;35.565;0;180.8;6:01:48.856;20:02:40.019;0:39.605;1:04.310;0:35.565;266.9;Richard LIETZ;;LMGT3;;The Bend Manthey;Porsche;FF;39.605;64.310;35.565;
93;1;1;2:09.515;0;;36.359;0;1:01.260;0;31.896;0;191.3;2:09.515;14:03:00.678;0:36.359;1:01.260;0:31.896;275.0;Paul DI RESTA;;HYPERCAR;;Peugeot Totalenergies;Peugeot;GF;36.359;61.260;31.896;
93;1;2;2:05.575;0;;34.476;0;59.468;0;31.631;0;200.8;4:15.090;14:05:06.253;0:34.476;0:59.468;0:31.631;276.4;Paul DI RESTA;;HYPERCAR;;Peugeot Totalenergies;Peugeot;GF;34.476;59.468;31.631;
93;1;3;2:05.588;0;;34.573;0;59.299;0;31.716;0;200.8;6:20.678;14:07:11.841;0:34.573;0:59.299;0:31.716;294.5;Paul DI RESTA;;HYPERCAR;;Peugeot Totalenergies;Peugeot;GF;34.573;59.299;31.716;
93;1;4;2:05.468;0;;34.516;0;59.235;0;31.717;0;201.0;8:26.146;14:09:17.309;0:34.516;0:59.235;0:31.717;295.3;Paul DI RESTA;;HYPERCAR;;Peugeot Totalenergies;Peugeot;GF;34.516;59.235;31.717;
93;1;5;2:06.011;0;;34.573;0;59.729;0;31.709;0;200.1;10:32.157;14:11:23.320;0:34.573;0:59.729;0:31.709;294.5;Paul DI RESTA;;HYPERCAR;;Peugeot Totalenergies;Peugeot;GF;34.573;59.729;31.709;
93;1;6;2:05.536;0;;34.618;0;59.091;1;31.827;0;200.9;12:37.693;14:13:28.856;0:34.618;0:59.091;0:31.827;305.2;Paul DI RESTA;;HYPERCAR;;Peugeot Totalenergies;Peugeot;GF;34.618;59.091;31.827;
93;1;7;2:30.724;0;;34.485;0;1:00.589;0;55.650;0;167.3;15:08.417;14:15:59.580;0:34.485;1:00.589;0:55.650;301.0;Paul DI RESTA;;HYPERCAR;;Peugeot Totalenergies;Peugeot;SF;34.485;60.589;55.650;
93;1;8;4:45.539;0;;1:27.060;0;1:56.232;0;1:22.247;0;88.3;19:53.956;14:20:45.119;1:27.060;1:56.232;1:22.247;83.4;Paul DI RESTA;;HYPERCAR;;Peugeot Totalenergies;Peugeot;SF;87.060;116.232;82.247;
93;1;9;3:07.604;0;;1:07.506;0;1:19.180;0;40.918;0;134.4;23:01.560;14:23:52.723;1:07.506;1:19.180;0:40.918;158.2;Paul DI RESTA;;HYPERCAR;;Peugeot Totalenergies;Peugeot;SF;67.506;79.180;40.918;
93;1;10;2:57.952;0;;48.041;0;1:19.661;0;50.250;0;141.7;25:59.512;14:26:50.675;0:48.041;1:19.661;0:50.250;177.6;Paul DI RESTA;;HYPERCAR;;Peugeot Totalenergies;Peugeot;GF;48.041;79.661;50.250;
93;1;11;2:06.823;0;;34.785;0;1:00.161;0;31.877;0;198.8;28:06.335;14:28:57.498;0:34.785;1:00.161;0:31.877;295.3;Paul DI RESTA;;HYPERCAR;;Peugeot Totalenergies;Peugeot;GF;34.785;60.161;31.877;
93;1;12;2:06.233;0;;34.504;0;59.907;0;31.822;0;199.7;30:12.568;14:31:03.731;0:34.504;0:59.907;0:31.822;290.5;Paul DI RESTA;;HYPERCAR;;Peugeot Totalenergies;Peugeot;GF;34.504;59.907;31.822;
93;1;13;2:05.967;0;;34.581;0;59.532;0;31.854;0;200.2;32:18.535;14:33:09.698;0:34.581;0:59.532;0:31.854;299.3;Paul DI RESTA;;HYPERCAR;;Peugeot Totalenergies;Peugeot;GF;34.581;59.532;31.854;
93;1;14;2:06.074;0;;34.607;0;59.596;0;31.871;0;200.0;34:24.609;14:35:15.772;0:34.607;0:59.596;0:31.871;296.1;Paul DI RESTA;;HYPERCAR;;Peugeot Totalenergies;Peugeot;GF;34.607;59.596;31.871;
93;1;15;2:05.958;0;;34.680;0;59.570;0;31.708;0;200.2;36:30.567;14:37:21.730;0:34.680;0:59.570;0:31.708;296.1;Paul DI RESTA;;HYPERCAR;;Peugeot Totalenergies;Peugeot;GF;34.680;59.570;31.708;
93;1;16;2:06.422;0;;34.610;0;59.946;0;31.866;0;199.4;38:36.989;14:39:28.152;0:34.610;0:59.946;0:31.866;296.1;Paul DI RESTA;;HYPERCAR;;Peugeot Totalenergies;Peugeot;GF;34.610;59.946;31.866;
93;1;17;2:08.123;0;;34.679;0;1:00.562;0;32.882;0;196.8;40:45.112;14:41:36.275;0:34.679;1:00.562;0:32.882;296.1;Paul DI RESTA;;HYPERCAR;;Peugeot Totalenergies;Peugeot;GF;34.679;60.562;32.882;
93;1;18;2:10.227;0;;35.414;0;1:01.569;0;33.244;0;193.6;42:55.339;14:43:46.502;0:35.414;1:01.569;0:33.244;308.7;Paul DI RESTA;;HYPERCAR;;Peugeot Totalenergies;Peugeot;GF;35.414;61.569;33.244;
93;1;19;2:07.774;0;;34.786;0;1:00.447;0;32.541;0;197.3;45:03.113;14:45:54.276;0:34.786;1:00.447;0:32.541;291.3;Paul DI RESTA;;HYPERCAR;;Peugeot Totalenergies;Peugeot;GF;34.786;60.447;32.541;
93;1;20;2:05.903;0;;34.509;0;59.616;0;31.778;0;200.3;47:09.016;14:48:00.179;0:34.509;0:59.616;0:31.778;296.1;Paul DI RESTA;;HYPERCAR;;Peugeot Totalenergies;Peugeot;GF;34.509;59.616;31.778;
93;1;21;2:05.428;0;;34.386;0;59.287;0;31.755;0;201.0;49:14.444;14:50:05.607;0:34.386;0:59.287;0:31.755;289.7;Paul DI RESTA;;HYPERCAR;;Peugeot Totalenergies;Peugeot;GF;34.386;59.287;31.755;
93;1;22;2:05.539;0;;34.431;0;59.293;0;31.815;0;200.8;51:19.983;14:52:11.146;0:34.431;0:59.293;0:31.815;296.9;Paul DI RESTA;;HYPERCAR;;Peugeot Totalenergies;Peugeot;GF;34.431;59.293;31.815;
93;1;23;2:05.625;0;;34.395;0;59.634;0;31.596;1;200.7;53:25.608;14:54:16.771;0:34.395;0:59.634;0:31.596;296.1;Paul DI RESTA;;HYPERCAR;;Peugeot Totalenergies;Peugeot;GF;34.395;59.634;31.596;
93;1;24;2:05.506;0;;34.409;0;59.442;0;31.655;0;200.9;55:31.114;14:56:22.277;0:34.409;0:59.442;0:31.655;296.1;Paul DI RESTA;;HYPERCAR;;Peugeot Totalenergies;Peugeot;GF;34.409;59.442;31.655;
93;1;25;2:06.793;0;;34.574;0;1:00.289;0;31.930;0;198.9;57:37.907;14:58:29.070;0:34.574;1:00.289;0:31.930;302.7;Paul DI RESTA;;HYPERCAR;;Peugeot Totalenergies;Peugeot;GF;34.574;60.289;31.930;
93;1;26;2:07.201;0;;34.288;2;1:00.094;0;32.819;0;198.2;59:45.108;15:00:36.271;0:34.288;1:00.094;0:32.819;299.3;Paul DI RESTA;;HYPERCAR;;Peugeot Totalenergies;Peugeot;GF;34.288;60.094;32.819;
93;1;27;2:13.424;0;B;35.368;0;1:00.198;0;37.858;0;189.0;1:01:58.532;15:02:49.695;0:35.368;1:00.198;0:37.858;310.5;Paul DI RESTA;;HYPERCAR;;Peugeot Totalenergies;Peugeot;GF;35.368;60.198;37.858;
93;1;28;3:05.382;0;;1:32.970;0;1:00.591;0;31.821;0;136.0;1:05:03.914;15:05:55.077;1:32.970;1:00.591;0:31.821;309.6;Paul DI RESTA;0:01:08.873;HYPERCAR;;Peugeot Totalenergies;Peugeot;GF;92.970;60.591;31.821;
93;1;29;2:07.678;0;;34.532;0;1:00.716;0;32.430;0;197.5;1:07:11.592;15:08:02.755;0:34.532;1:00.716;0:32.430;299.3;Paul DI RESTA;;HYPERCAR;;Peugeot Totalenergies;Peugeot;GF;34.532;60.716;32.430;
93;1;30;2:07.212;0;;34.590;0;1:00.334;0;32.288;0;198.2;1:09:18.804;15:10:09.967;0:34.590;1:00.334;0:32.288;303.5;Paul DI RESTA;;HYPERCAR;;Peugeot Totalenergies;Peugeot;GF;34.590;60.334;32.288;
93;1;31;2:06.942;0;;34.568;0;1:00.392;0;31.982;0;198.6;1:11:25.746;15:12:16.909;0:34.568;1:00.392;0:31.982;305.2;Paul DI RESTA;;HYPERCAR;;Peugeot Totalenergies;Peugeot;GF;34.568;60.392;31.982;
93;1;32;2:06.650;0;;34.546;0;1:00.252;0;31.852;0;199.1;1:13:32.396;15:14:23.559;0:34.546;1:00.252;0:31.852;289.7;Paul DI RESTA;;HYPERCAR;;Peugeot Totalenergies;Peugeot;GF;34.546;60.252;31.852;
93;1;33;2:09.340;0;;36.044;0;1:00.971;0;32.325;0;194.9;1:15:41.736;15:16:32.899;0:36.044;1:00.971;0:32.325;304.4;Paul DI RESTA;;HYPERCAR;;Peugeot Totalenergies;Peugeot;GF;36.044;60.971;32.325;
93;1;34;2:06.909;0;;34.413;0;1:00.321;0;32.175;0;198.7;1:17:48.645;15:18:39.808;0:34.413;1:00.321;0:32.175;299.3;Paul DI RESTA;;HYPERCAR;;Peugeot Totalenergies;Peugeot;GF;34.413;60.321;32.175;
93;1;35;2:08.860;0;;35.830;0;1:01.051;0;31.979;0;195.7;1:19:57.505;15:20:48.668;0:35.830;1:01.051;0:31.979;283.7;Paul DI RESTA;;HYPERCAR;;Peugeot Totalenergies;Peugeot;GF;35.830;61.051;31.979;
93;1;36;2:07.136;0;;34.517;0;1:00.586;0;32.033;0;198.3;1:22:04.641;15:22:55.804;0:34.517;1:00.586;0:32.033;306.1;Paul DI RESTA;;HYPERCAR;;Peugeot Totalenergies;Peugeot;GF;34.517;60.586;32.033;
93;1;37;2:06.552;0;;34.490;0;1:00.221;0;31.841;0;199.2;1:24:11.193;15:25:02.356;0:34.490;1:00.221;0:31.841;298.5;Paul DI RESTA;;HYPERCAR;;Peugeot Totalenergies;Peugeot;GF;34.490;60.221;31.841;
93;1;38;2:06.182;0;;34.368;0;1:00.010;0;31.804;0;199.8;1:26:17.375;15:27:08.538;0:34.368;1:00.010;0:31.804;305.2;Paul DI RESTA;;HYPERCAR;;Peugeot Totalenergies;Peugeot;GF;34.368;60.010;31.804;
93;1;39;2:07.221;0;;34.557;0;1:00.801;0;31.863;0;198.2;1:28:24.596;15:29:15.759;0:34.557;1:00.801;0:31.863;307.8;Paul DI RESTA;;HYPERCAR;;Peugeot Totalenergies;Peugeot;GF;34.557;60.801;31.863;
93;1;40;2:07.319;0;;34.477;0;1:00.699;0;32.143;0;198.0;1:30:31.915;15:31:23.078;0:34.477;1:00.699;0:32.143;301.0;Paul DI RESTA;;HYPERCAR;;Peugeot Totalenergies;Peugeot;GF;34.477;60.699;32.143;
93;1;41;2:06.725;0;;34.551;0;1:00.141;0;32.033;0;199.0;1:32:38.640;15:33:29.803;0:34.551;1:00.141;0:32.033;301.0;Paul DI RESTA;;HYPERCAR;;Peugeot Totalenergies;Peugeot;GF;34.551;60.141;32.033;
93;1;42;2:06.925;0;;34.372;0;1:00.590;0;31.963;0;198.7;1:34:45.565;15:35:36.728;0:34.372;1:00.590;0:31.963;304.4;Paul DI RESTA;;HYPERCAR;;Peugeot Totalenergies;Peugeot;GF;34.372;60.590;31.963;
93;1;43;2:06.859;0;;34.515;0;1:00.078;0;32.266;0;198.8;1:36:52.424;15:37:43.587;0:34.515;1:00.078;0:32.266;297.7;Paul DI RESTA;;HYPERCAR;;Peugeot Totalenergies;Peugeot;GF;34.515;60.078;32.266;
93;1;44;2:10.691;0;;35.549;0;1:03.192;0;31.950;0;192.9;1:39:03.115;15:39:54.278;0:35.549;1:03.192;0:31.950;294.5;Paul DI RESTA;;HYPERCAR;;Peugeot Totalenergies;Peugeot;GF;35.549;63.192;31.950;
93;1;45;2:07.216;0;;34.513;0;1:00.758;0;31.945;0;198.2;1:41:10.331;15:42:01.494;0:34.513;1:00.758;0:31.945;301.0;Paul DI RESTA;;HYPERCAR;;Peugeot Totalenergies;Peugeot;GF;34.513;60.758;31.945;
93;1;46;2:07.775;0;;35.054;0;1:00.556;0;32.165;0;197.3;1:43:18.106;15:44:09.269;0:35.054;1:00.556;0:32.165;298.5;Paul DI RESTA;;HYPERCAR;;Peugeot Totalenergies;Peugeot;GF;35.054;60.556;32.165;
93;1;47;2:06.749;0;;34.596;0;1:00.347;0;31.806;0;198.9;1:45:24.855;15:46:16.018;0:34.596;1:00.347;0:31.806;298.5;Paul DI RESTA;;HYPERCAR;;Peugeot Totalenergies;Peugeot;GF;34.596;60.347;31.806;
93;1;48;2:06.479;0;;34.507;0;1:00.074;0;31.898;0;199.4;1:47:31.334;15:48:22.497;0:34.507;1:00.074;0:31.898;301.0;Paul DI RESTA;;HYPERCAR;;Peugeot Totalenergies;Peugeot;GF;34.507;60.074;31.898;
93;1;49;2:06.672;0;;34.542;0;59.994;0;32.136;0;199.1;1:49:38.006;15:50:29.169;0:34.542;0:59.994;0:32.136;303.5;Paul DI RESTA;;HYPERCAR;;Peugeot Totalenergies;Peugeot;GF;34.542;59.994;32.136;
93;1;50;2:07.065;0;;34.678;0;1:00.247;0;32.140;0;198.4;1:51:45.071;15:52:36.234;0:34.678;1:00.247;0:32.140;296.9;Paul DI RESTA;;HYPERCAR;;Peugeot Totalenergies;Peugeot;GF;34.678;60.247;32.140;
93;1;51;2:13.402;0;B;34.819;0;1:00.623;0;37.960;0;189.0;1:53:58.473;15:54:49.636;0:34.819;1:00.623;0:37.960;304.4;Paul DI RESTA;;HYPERCAR;;Peugeot Totalenergies;Peugeot;GF;34.819;60.623;37.960;
93;3;52;3:25.148;0;;1:47.921;0;1:04.663;0;32.564;0;122.9;1:57:23.621;15:58:14.784;1:47.921;1:04.663;0:32.564;240.8;Nick CASSIDY;0:01:19.326;HYPERCAR;;Peugeot Totalenergies;Peugeot;GF;107.921;64.663;32.564;
93;3;53;2:07.968;0;;34.780;0;1:00.418;0;32.770;0;197.0;1:59:31.589;16:00:22.752;0:34.780;1:00.418;0:32.770;298.5;Nick CASSIDY;;HYPERCAR;;Peugeot Totalenergies;Peugeot;GF;34.780;60.418;32.770;
93;3;54;2:08.005;0;;35.723;0;59.885;0;32.397;0;197.0;2:01:39.594;16:02:30.757;0:35.723;0:59.885;0:32.397;283.7;Nick CASSIDY;;HYPERCAR;;Peugeot Totalenergies;Peugeot;GF;35.723;59.885;32.397;
93;3;55;2:05.564;0;;34.806;0;59.200;0;31.558;0;200.8;2:03:45.158;16:04:36.321;0:34.806;0:59.200;0:31.558;310.5;Nick CASSIDY;;HYPERCAR;;Peugeot Totalenergies;Peugeot;GF;34.806;59.200;31.558;
93;3;56;2:07.183;0;;36.447;0;59.155;0;31.581;0;198.3;2:05:52.341;16:06:43.504;0:36.447;0:59.155;0:31.581;305.2;Nick CASSIDY;;HYPERCAR;;Peugeot Totalenergies;Peugeot;GF;36.447;59.155;31.581;
93;3;57;2:07.643;0;;34.382;0;1:01.573;0;31.688;0;197.5;2:07:59.984;16:08:51.147;0:34.382;1:01.573;0:31.688;304.4;Nick CASSIDY;;HYPERCAR;;Peugeot Totalenergies;Peugeot;GF;34.382;61.573;31.688;
93;3;58;2:04.935;0;;34.422;0;58.992;0;31.521;1;201.8;2:10:04.919;16:10:56.082;0:34.422;0:58.992;0:31.521;302.7;Nick CASSIDY;;HYPERCAR;;Peugeot Totalenergies;Peugeot;GF;34.422;58.992;31.521;
93;3;59;2:05.457;0;;34.824;0;58.976;1;31.657;0;201.0;2:12:10.376;16:13:01.539;0:34.824;0:58.976;0:31.657;311.4;Nick CASSIDY;;HYPERCAR;;Peugeot Totalenergies;Peugeot;GF;34.824;58.976;31.657;
93;3;60;2:05.730;0;;34.365;0;59.569;0;31.796;0;200.5;2:14:16.106;16:15:07.269;0:34.365;0:59.569;0:31.796;295.3;Nick CASSIDY;;HYPERCAR;;Peugeot Totalenergies;Peugeot;GF;34.365;59.569;31.796;
93;3;61;2:06.902;0;;34.407;0;1:00.469;0;32.026;0;198.7;2:16:23.008;16:17:14.171;0:34.407;1:00.469;0:32.026;301.0;Nick CASSIDY;;HYPERCAR;;Peugeot Totalenergies;Peugeot;GF;34.407;60.469;32.026;
93;3;62;2:06.632;0;;34.543;0;1:00.314;0;31.775;0;199.1;2:18:29.640;16:19:20.803;0:34.543;1:00.314;0:31.775;305.2;Nick CASSIDY;;HYPERCAR;;Peugeot Totalenergies;Peugeot;GF;34.543;60.314;31.775;
93;3;63;2:08.252;0;;35.738;0;1:00.448;0;32.066;0;196.6;2:20:37.892;16:21:29.055;0:35.738;1:00.448;0:32.066;297.7;Nick CASSIDY;;HYPERCAR;;Peugeot Totalenergies;Peugeot;GF;35.738;60.448;32.066;
93;3;64;2:07.484;0;;34.535;0;1:00.826;0;32.123;0;197.8;2:22:45.376;16:23:36.539;0:34.535;1:00.826;0:32.123;309.6;Nick CASSIDY;;HYPERCAR;;Peugeot Totalenergies;Peugeot;GF;34.535;60.826;32.123;
93;3;65;2:06.485;0;;34.813;0;59.888;0;31.784;0;199.3;2:24:51.861;16:25:43.024;0:34.813;0:59.888;0:31.784;297.7;Nick CASSIDY;;HYPERCAR;;Peugeot Totalenergies;Peugeot;GF;34.813;59.888;31.784;
93;3;66;2:06.672;0;;34.737;0;1:00.060;0;31.875;0;199.1;2:26:58.533;16:27:49.696;0:34.737;1:00.060;0:31.875;289.0;Nick CASSIDY;;HYPERCAR;;Peugeot Totalenergies;Peugeot;GF;34.737;60.060;31.875;
93;3;67;2:07.419;0;;34.557;0;1:00.788;0;32.074;0;197.9;2:29:05.952;16:29:57.115;0:34.557;1:00.788;0:32.074;307.0;Nick CASSIDY;;HYPERCAR;;Peugeot Totalenergies;Peugeot;GF;34.557;60.788;32.074;
93;3;68;2:05.379;0;;34.444;0;59.393;0;31.542;0;201.1;2:31:11.331;16:32:02.494;0:34.444;0:59.393;0:31.542;298.5;Nick CASSIDY;;HYPERCAR;;Peugeot Totalenergies;Peugeot;GF;34.444;59.393;31.542;
93;3;69;2:06.014;0;;34.473;0;59.769;0;31.772;0;200.1;2:33:17.345;16:34:08.508;0:34.473;0:59.769;0:31.772;296.1;Nick CASSIDY;;HYPERCAR;;Peugeot Totalenergies;Peugeot;GF;34.473;59.769;31.772;
93;3;70;2:06.841;0;;34.431;0;59.983;0;32.427;0;198.8;2:35:24.186;16:36:15.349;0:34.431;0:59.983;0:32.427;304.4;Nick CASSIDY;;HYPERCAR;;Peugeot Totalenergies;Peugeot;GF;34.431;59.983;32.427;
93;3;71;2:06.750;0;;34.339;1;1:00.328;0;32.083;0;198.9;2:37:30.936;16:38:22.099;0:34.339;1:00.328;0:32.083;300.2;Nick CASSIDY;;HYPERCAR;;Peugeot Totalenergies;Peugeot;GF;34.339;60.328;32.083;
93;3;72;2:06.599;0;;34.577;0;1:00.003;0;32.019;0;199.2;2:39:37.535;16:40:28.698;0:34.577;1:00.003;0:32.019;288.2;Nick CASSIDY;;HYPERCAR;;Peugeot Totalenergies;Peugeot;GF;34.577;60.003;32.019;
93;3;73;2:08.925;0;;35.422;0;1:01.030;0;32.473;0;195.6;2:41:46.460;16:42:37.623;0:35.422;1:01.030;0:32.473;307.8;Nick CASSIDY;;HYPERCAR;;Peugeot Totalenergies;Peugeot;GF;35.422;61.030;32.473;
93;3;74;2:07.196;0;;34.711;0;1:00.614;0;31.871;0;198.2;2:43:53.656;16:44:44.819;0:34.711;1:00.614;0:31.871;301.0;Nick CASSIDY;;HYPERCAR;;Peugeot Totalenergies;Peugeot;GF;34.711;60.614;31.871;
93;3;75;3:33.879;0;;34.704;0;1:45.819;0;1:13.356;0;117.9;2:47:27.535;16:48:18.698;0:34.704;1:45.819;1:13.356;301.0;Nick CASSIDY;;HYPERCAR;;Peugeot Totalenergies;Peugeot;GF;34.704;105.819;73.356;
93;3;76;2:12.769;0;B;35.049;0;59.693;0;38.027;0;189.9;2:49:40.304;16:50:31.467;0:35.049;0:59.693;0:38.027;287.4;Nick CASSIDY;;HYPERCAR;;Peugeot Totalenergies;Peugeot;GF;35.049;59.693;38.027;
93;3;77;3:04.489;0;;1:31.477;0;1:00.896;0;32.116;0;136.7;2:52:44.793;16:53:35.956;1:31.477;1:00.896;0:32.116;299.3;Nick CASSIDY;0:01:07.037;HYPERCAR;;Peugeot Totalenergies;Peugeot;GF;91.477;60.896;32.116;
93;3;78;2:08.949;0;;34.905;0;1:01.424;0;32.620;0;195.5;2:54:53.742;16:55:44.905;0:34.905;1:01.424;0:32.620;298.5;Nick CASSIDY;;HYPERCAR;;Peugeot Totalenergies;Peugeot;GF;34.905;61.424;32.620;
93;3;79;2:09.020;0;;35.038;0;1:01.219;0;32.763;0;195.4;2:57:02.762;16:57:53.925;0:35.038;1:01.219;0:32.763;286.7;Nick CASSIDY;;HYPERCAR;;Peugeot Totalenergies;Peugeot;GF;35.038;61.219;32.763;
93;3;80;2:07.378;0;;34.624;0;1:00.658;0;32.096;0;197.9;2:59:10.140;17:00:01.303;0:34.624;1:00.658;0:32.096;294.5;Nick CASSIDY;;HYPERCAR;;Peugeot Totalenergies;Peugeot;GF;34.624;60.658;32.096;
93;3;81;2:09.425;0;;34.634;0;1:01.287;0;33.504;0;194.8;3:01:19.565;17:02:10.728;0:34.634;1:01.287;0:33.504;299.3;Nick CASSIDY;;HYPERCAR;;Peugeot Totalenergies;Peugeot;GF;34.634;61.287;33.504;
93;3;82;2:07.855;0;;34.715;0;1:00.452;0;32.688;0;197.2;3:03:27.420;17:04:18.583;0:34.715;1:00.452;0:32.688;296.1;Nick CASSIDY;;HYPERCAR;;Peugeot Totalenergies;Peugeot;GF;34.715;60.452;32.688;
93;3;83;2:08.988;0;;35.566;0;1:01.095;0;32.327;0;195.5;3:05:36.408;17:06:27.571;0:35.566;1:01.095;0:32.327;305.2;Nick CASSIDY;;HYPERCAR;;Peugeot Totalenergies;Peugeot;GF;35.566;61.095;32.327;
93;3;84;2:08.217;0;;34.866;0;1:00.854;0;32.497;0;196.7;3:07:44.625;17:08:35.788;0:34.866;1:00.854;0:32.497;296.9;Nick CASSIDY;;HYPERCAR;;Peugeot Totalenergies;Peugeot;GF;34.866;60.854;32.497;
93;3;85;2:07.619;0;;34.934;0;1:00.636;0;32.049;0;197.6;3:09:52.244;17:10:43.407;0:34.934;1:00.636;0:32.049;297.7;Nick CASSIDY;;HYPERCAR;;Peugeot Totalenergies;Peugeot;GF;34.934;60.636;32.049;
93;3;86;2:08.530;0;;34.747;0;1:01.509;0;32.274;0;196.2;3:12:00.774;17:12:51.937;0:34.747;1:01.509;0:32.274;269.6;Nick CASSIDY;;HYPERCAR;;Peugeot Totalenergies;Peugeot;GF;34.747;61.509;32.274;
93;3;87;2:07.391;0;;34.772;0;1:00.531;0;32.088;0;197.9;3:14:08.165;17:14:59.328;0:34.772;1:00.531;0:32.088;293.7;Nick CASSIDY;;HYPERCAR;;Peugeot Totalenergies;Peugeot;GF;34.772;60.531;32.088;
93;3;88;2:07.504;0;;34.663;0;1:00.810;0;32.031;0;197.8;3:16:15.669;17:17:06.832;0:34.663;1:00.810;0:32.031;290.5;Nick CASSIDY;;HYPERCAR;;Peugeot Totalenergies;Peugeot;GF;34.663;60.810;32.031;
93;3;89;2:08.895;0;;35.714;0;1:01.193;0;31.988;0;195.6;3:18:24.564;17:19:15.727;0:35.714;1:01.193;0:31.988;263.0;Nick CASSIDY;;HYPERCAR;;Peugeot Totalenergies;Peugeot;GF;35.714;61.193;31.988;
93;3;90;2:07.099;0;;34.521;0;1:00.485;0;32.093;0;198.4;3:20:31.663;17:21:22.826;0:34.521;1:00.485;0:32.093;297.7;Nick CASSIDY;;HYPERCAR;;Peugeot Totalenergies;Peugeot;GF;34.521;60.485;32.093;
93;3;91;2:07.460;0;;34.610;0;1:00.685;0;32.165;0;197.8;3:22:39.123;17:23:30.286;0:34.610;1:00.685;0:32.165;282.9;Nick CASSIDY;;HYPERCAR;;Peugeot Totalenergies;Peugeot;GF;34.610;60.685;32.165;
93;3;92;2:08.919;0;;35.991;0;1:00.886;0;32.042;0;195.6;3:24:48.042;17:25:39.205;0:35.991;1:00.886;0:32.042;302.7;Nick CASSIDY;;HYPERCAR;;Peugeot Totalenergies;Peugeot;GF;35.991;60.886;32.042;
93;3;93;2:07.903;0;;34.748;0;1:01.106;0;32.049;0;197.1;3:26:55.945;17:27:47.108;0:34.748;1:01.106;0:32.049;290.5;Nick CASSIDY;;HYPERCAR;;Peugeot Totalenergies;Peugeot;GF;34.748;61.106;32.049;
93;3;94;2:14.709;0;B;34.585;0;1:01.186;0;38.938;0;187.2;3:29:10.654;17:30:01.817;0:34.585;1:01.186;0:38.938;305.2;Nick CASSIDY;;HYPERCAR;;Peugeot Totalenergies;Peugeot;GF;34.585;61.186;38.938;
93;2;95;3:19.550;0;;1:43.351;0;1:03.377;0;32.822;0;126.4;3:32:30.204;17:33:21.367;1:43.351;1:03.377;0:32.822;237.6;Stoffel VANDOORNE;0:01:13.757;HYPERCAR;;Peugeot Totalenergies;Peugeot;GF;103.351;63.377;32.822;
93;2;96;2:06.816;0;;35.144;0;59.566;0;32.106;0;198.8;3:34:37.020;17:35:28.183;0:35.144;0:59.566;0:32.106;305.2;Stoffel VANDOORNE;;HYPERCAR;;Peugeot Totalenergies;Peugeot;GF;35.144;59.566;32.106;
93;2;97;2:06.407;0;;34.893;0;59.425;0;32.089;0;199.5;3:36:43.427;17:37:34.590;0:34.893;0:59.425;0:32.089;302.7;Stoffel VANDOORNE;;HYPERCAR;;Peugeot Totalenergies;Peugeot;GF;34.893;59.425;32.089;
93;2;98;2:05.884;0;;34.828;0;59.308;0;31.748;0;200.3;3:38:49.311;17:39:40.474;0:34.828;0:59.308;0:31.748;301.0;Stoffel VANDOORNE;;HYPERCAR;;Peugeot Totalenergies;Peugeot;GF;34.828;59.308;31.748;
93;2;99;2:07.637;0;;34.574;0;1:00.502;0;32.561;0;197.5;3:40:56.948;17:41:48.111;0:34.574;1:00.502;0:32.561;303.5;Stoffel VANDOORNE;;HYPERCAR;;Peugeot Totalenergies;Peugeot;GF;34.574;60.502;32.561;
93;2;100;2:07.277;0;;34.648;0;1:00.842;0;31.787;0;198.1;3:43:04.225;17:43:55.388;0:34.648;1:00.842;0:31.787;311.4;Stoffel VANDOORNE;;HYPERCAR;;Peugeot Totalenergies;Peugeot;GF;34.648;60.842;31.787;
93;2;101;2:04.933;0;;34.496;0;58.828;0;31.609;0;201.8;3:45:09.158;17:46:00.321;0:34.496;0:58.828;0:31.609;308.7;Stoffel VANDOORNE;;HYPERCAR;;Peugeot Totalenergies;Peugeot;GF;34.496;58.828;31.609;
93;2;102;2:08.263;0;;34.593;0;1:01.226;0;32.444;0;196.6;3:47:17.421;17:48:08.584;0:34.593;1:01.226;0:32.444;315.9;Stoffel VANDOORNE;;HYPERCAR;;Peugeot Totalenergies;Peugeot;GF;34.593;61.226;32.444;
93;2;103;2:07.923;0;;34.641;0;1:00.973;0;32.309;0;197.1;3:49:25.344;17:50:16.507;0:34.641;1:00.973;0:32.309;314.1;Stoffel VANDOORNE;;HYPERCAR;;Peugeot Totalenergies;Peugeot;GF;34.641;60.973;32.309;
93;2;104;3:19.733;0;;34.601;0;1:20.849;0;1:24.283;0;126.2;3:52:45.077;17:53:36.240;0:34.601;1:20.849;1:24.283;301.8;Stoffel VANDOORNE;;HYPERCAR;;Peugeot Totalenergies;Peugeot;GF;34.601;80.849;84.283;
93;2;105;5:16.951;0;B;1:40.865;0;2:07.239;0;1:28.847;0;79.6;3:58:02.028;17:58:53.191;1:40.865;2:07.239;1:28.847;80.2;Stoffel VANDOORNE;;HYPERCAR;;Peugeot Totalenergies;Peugeot;GF;100.865;127.239;88.847;
93;2;106;4:56.758;0;;2:03.659;0;2:06.073;0;47.026;0;85.0;4:02:58.786;18:03:49.949;2:03.659;2:06.073;0:47.026;80.1;Stoffel VANDOORNE;0:00:44.544;HYPERCAR;;Peugeot Totalenergies;Peugeot;SF;123.659;126.073;47.026;
93;2;107;2:43.018;0;;51.567;0;1:09.639;0;41.812;0;154.7;4:05:41.804;18:06:32.967;0:51.567;1:09.639;0:41.812;170.9;Stoffel VANDOORNE;;HYPERCAR;;Peugeot Totalenergies;Peugeot;SF;51.567;69.639;41.812;
93;2;108;4:21.100;0;;1:02.932;0;1:58.071;0;1:20.097;0;96.6;4:10:02.904;18:10:54.067;1:02.932;1:58.071;1:20.097;67.1;Stoffel VANDOORNE;;HYPERCAR;;Peugeot Totalenergies;Peugeot;SF;62.932;118.071;80.097;
93;2;109;4:28.120;0;;1:23.390;0;1:47.602;0;1:17.128;0;94.0;4:14:31.024;18:15:22.187;1:23.390;1:47.602;1:17.128;84.2;Stoffel VANDOORNE;;HYPERCAR;;Peugeot Totalenergies;Peugeot;SF;83.390;107.602;77.128;
93;2;110;3:06.210;0;;1:04.048;0;1:13.907;0;48.255;0;135.4;4:17:37.234;18:18:28.397;1:04.048;1:13.907;0:48.255;219.8;Stoffel VANDOORNE;;HYPERCAR;;Peugeot Totalenergies;Peugeot;GF;64.048;73.907;48.255;
93;2;111;2:07.553;0;;35.247;0;1:00.386;0;31.920;0;197.7;4:19:44.787;18:20:35.950;0:35.247;1:00.386;0:31.920;;Stoffel VANDOORNE;;HYPERCAR;;Peugeot Totalenergies;Peugeot;GF;35.247;60.386;31.920;
93;2;112;2:06.634;0;;34.926;0;1:00.095;0;31.613;0;199.1;4:21:51.421;18:22:42.584;0:34.926;1:00.095;0:31.613;302.7;Stoffel VANDOORNE;;HYPERCAR;;Peugeot Totalenergies;Peugeot;GF;34.926;60.095;31.613;
93;2;113;2:05.745;0;;34.697;0;59.389;0;31.659;0;200.5;4:23:57.166;18:24:48.329;0:34.697;0:59.389;0:31.659;296.9;Stoffel VANDOORNE;;HYPERCAR;;Peugeot Totalenergies;Peugeot;GF;34.697;59.389;31.659;
93;2;114;2:05.649;0;;34.576;0;59.348;0;31.725;0;200.7;4:26:02.815;18:26:53.978;0:34.576;0:59.348;0:31.725;298.5;Stoffel VANDOORNE;;HYPERCAR;;Peugeot Totalenergies;Peugeot;GF;34.576;59.348;31.725;
93;2;115;2:06.520;0;;34.710;0;59.951;0;31.859;0;199.3;4:28:09.335;18:29:00.498;0:34.710;0:59.951;0:31.859;295.3;Stoffel VANDOORNE;;HYPERCAR;;Peugeot Totalenergies;Peugeot;GF;34.710;59.951;31.859;
93;2;116;2:06.602;0;;34.725;0;59.932;0;31.945;0;199.2;4:30:15.937;18:31:07.100;0:34.725;0:59.932;0:31.945;301.0;Stoffel VANDOORNE;;HYPERCAR;;Peugeot Totalenergies;Peugeot;GF;34.725;59.932;31.945;
93;2;117;2:06.184;0;;34.672;0;59.524;0;31.988;0;199.8;4:32:22.121;18:33:13.284;0:34.672;0:59.524;0:31.988;298.5;Stoffel VANDOORNE;;HYPERCAR;;Peugeot Totalenergies;Peugeot;GF;34.672;59.524;31.988;
93;2;118;2:06.425;0;;34.677;0;59.773;0;31.975;0;199.4;4:34:28.546;18:35:19.709;0:34.677;0:59.773;0:31.975;303.5;Stoffel VANDOORNE;;HYPERCAR;;Peugeot Totalenergies;Peugeot;GF;34.677;59.773;31.975;
93;2;119;2:09.970;0;;35.109;0;1:02.192;0;32.669;0;194.0;4:36:38.516;18:37:29.679;0:35.109;1:02.192;0:32.669;307.8;Stoffel VANDOORNE;;HYPERCAR;;Peugeot Totalenergies;Peugeot;GF;35.109;62.192;32.669;
93;2;120;2:10.959;0;;34.963;0;1:01.842;0;34.154;0;192.5;4:38:49.475;18:39:40.638;0:34.963;1:01.842;0:34.154;296.1;Stoffel VANDOORNE;;HYPERCAR;;Peugeot Totalenergies;Peugeot;GF;34.963;61.842;34.154;
93;2;121;2:09.274;0;;35.962;0;1:01.030;0;32.282;0;195.0;4:40:58.749;18:41:49.912;0:35.962;1:01.030;0:32.282;309.6;Stoffel VANDOORNE;;HYPERCAR;;Peugeot Totalenergies;Peugeot;GF;35.962;61.030;32.282;
93;2;122;2:06.016;0;;34.560;0;59.594;0;31.862;0;200.1;4:43:04.765;18:43:55.928;0:34.560;0:59.594;0:31.862;311.4;Stoffel VANDOORNE;;HYPERCAR;;Peugeot Totalenergies;Peugeot;GF;34.560;59.594;31.862;
93;2;123;2:06.460;0;;34.517;0;59.948;0;31.995;0;199.4;4:45:11.225;18:46:02.388;0:34.517;0:59.948;0:31.995;306.1;Stoffel VANDOORNE;;HYPERCAR;;Peugeot Totalenergies;Peugeot;GF;34.517;59.948;31.995;
93;2;124;2:08.149;0;;34.552;0;1:01.557;0;32.040;0;196.8;4:47:19.374;18:48:10.537;0:34.552;1:01.557;0:32.040;298.5;Stoffel VANDOORNE;;HYPERCAR;;Peugeot Totalenergies;Peugeot;GF;34.552;61.557;32.040;
93;2;125;2:06.366;0;;34.669;0;59.852;0;31.845;0;199.5;4:49:25.740;18:50:16.903;0:34.669;0:59.852;0:31.845;301.0;Stoffel VANDOORNE;;HYPERCAR;;Peugeot Totalenergies;Peugeot;GF;34.669;59.852;31.845;
93;2;126;2:05.817;0;;34.577;0;59.522;0;31.718;0;200.4;4:51:31.557;18:52:22.720;0:34.577;0:59.522;0:31.718;295.3;Stoffel VANDOORNE;;HYPERCAR;;Peugeot Totalenergies;Peugeot;GF;34.577;59.522;31.718;
93;2;127;2:06.478;0;;34.460;0;59.959;0;32.059;0;199.4;4:53:38.035;18:54:29.198;0:34.460;0:59.959;0:32.059;302.7;Stoffel VANDOORNE;;HYPERCAR;;Peugeot Totalenergies;Peugeot;GF;34.460;59.959;32.059;
93;2;128;2:07.048;0;;34.648;0;1:00.257;0;32.143;0;198.5;4:55:45.083;18:56:36.246;0:34.648;1:00.257;0:32.143;307.0;Stoffel VANDOORNE;;HYPERCAR;;Peugeot Totalenergies;Peugeot;GF;34.648;60.257;32.143;
93;2;129;2:11.160;0;;34.549;0;1:02.618;0;33.993;0;192.2;4:57:56.243;18:58:47.406;0:34.549;1:02.618;0:33.993;301.0;Stoffel VANDOORNE;;HYPERCAR;;Peugeot Totalenergies;Peugeot;GF;34.549;62.618;33.993;
93;2;130;2:11.340;0;;35.285;0;1:02.299;0;33.756;0;192.0;5:00:07.583;19:00:58.746;0:35.285;1:02.299;0:33.756;306.1;Stoffel VANDOORNE;;HYPERCAR;;Peugeot Totalenergies;Peugeot;GF;35.285;62.299;33.756;
93;2;131;3:44.459;0;;35.949;0;1:44.223;0;1:24.287;0;112.3;5:03:52.042;19:04:43.205;0:35.949;1:44.223;1:24.287;305.2;Stoffel VANDOORNE;;HYPERCAR;;Peugeot Totalenergies;Peugeot;GF;35.949;104.223;84.287;
93;2;132;5:16.776;0;B;1:41.326;0;2:06.772;0;1:28.678;0;79.6;5:09:08.818;19:09:59.981;1:41.326;2:06.772;1:28.678;80.1;Stoffel VANDOORNE;;HYPERCAR;;Peugeot Totalenergies;Peugeot;GF;101.326;126.772;88.678;
93;2;133;5:02.275;0;;2:39.332;0;1:42.362;0;40.581;0;83.4;5:14:11.093;19:15:02.256;2:39.332;1:42.362;0:40.581;79.6;Stoffel VANDOORNE;0:01:18.350;HYPERCAR;;Peugeot Totalenergies;Peugeot;SF;159.332;102.362;40.581;
93;2;134;4:31.201;0;;1:13.656;0;1:59.972;0;1:17.573;0;93.0;5:18:42.294;19:19:33.457;1:13.656;1:59.972;1:17.573;92.8;Stoffel VANDOORNE;;HYPERCAR;;Peugeot Totalenergies;Peugeot;SF;73.656;119.972;77.573;
93;2;135;4:01.061;0;;1:31.433;0;1:31.926;0;57.702;0;104.6;5:22:43.355;19:23:34.518;1:31.433;1:31.926;0:57.702;76.5;Stoffel VANDOORNE;;HYPERCAR;;Peugeot Totalenergies;Peugeot;SF;91.433;91.926;57.702;
93;2;136;2:58.416;0;;50.648;0;1:18.983;0;48.785;0;141.3;5:25:41.771;19:26:32.934;0:50.648;1:18.983;0:48.785;204.1;Stoffel VANDOORNE;;HYPERCAR;;Peugeot Totalenergies;Peugeot;GF;50.648;78.983;48.785;
93;2;137;2:31.740;0;;38.135;0;1:11.366;0;42.239;0;166.2;5:28:13.511;19:29:04.674;0:38.135;1:11.366;0:42.239;180.6;Stoffel VANDOORNE;;HYPERCAR;;Peugeot Totalenergies;Peugeot;SF;38.135;71.366;42.239;
93;2;138;4:16.323;0;;1:16.213;0;1:48.804;0;1:11.306;0;98.4;5:32:29.834;19:33:20.997;1:16.213;1:48.804;1:11.306;66.0;Stoffel VANDOORNE;;HYPERCAR;;Peugeot Totalenergies;Peugeot;SF;76.213;108.804;71.306;
93;2;139;3:43.325;0;;1:31.741;0;1:24.422;0;47.162;0;112.9;5:36:13.159;19:37:04.322;1:31.741;1:24.422;0:47.162;86.2;Stoffel VANDOORNE;;HYPERCAR;;Peugeot Totalenergies;Peugeot;GF;91.741;84.422;47.162;
93;2;140;2:12.473;0;;37.586;0;1:02.596;0;32.291;0;190.3;5:38:25.632;19:39:16.795;0:37.586;1:02.596;0:32.291;266.9;Stoffel VANDOORNE;;HYPERCAR;;Peugeot Totalenergies;Peugeot;GF;37.586;62.596;32.291;
93;2;141;2:04.182;0;;34.493;0;58.342;3;31.347;2;203.0;5:40:29.814;19:41:20.977;0:34.493;0:58.342;0:31.347;307.0;Stoffel VANDOORNE;;HYPERCAR;;Peugeot Totalenergies;Peugeot;GF;34.493;58.342;31.347;
93;2;142;2:04.177;3;;34.430;0;58.368;0;31.379;0;203.1;5:42:33.991;19:43:25.154;0:34.430;0:58.368;0:31.379;312.3;Stoffel VANDOORNE;;HYPERCAR;;Peugeot Totalenergies;Peugeot;GF;34.430;58.368;31.379;
93;2;143;2:04.795;0;;34.311;1;58.743;0;31.741;0;202.0;5:44:38.786;19:45:29.949;0:34.311;0:58.743;0:31.741;313.2;Stoffel VANDOORNE;;HYPERCAR;;Peugeot Totalenergies;Peugeot;GF;34.311;58.743;31.741;
93;2;144;2:05.479;0;;34.528;0;59.337;0;31.614;0;200.9;5:46:44.265;19:47:35.428;0:34.528;0:59.337;0:31.614;307.0;Stoffel VANDOORNE;;HYPERCAR;;Peugeot Totalenergies;Peugeot;GF;34.528;59.337;31.614;
93;2;145;2:05.586;0;;34.808;0;59.162;0;31.616;0;200.8;5:48:49.851;19:49:41.014;0:34.808;0:59.162;0:31.616;310.5;Stoffel VANDOORNE;;HYPERCAR;;Peugeot Totalenergies;Peugeot;GF;34.808;59.162;31.616;
93;2;146;2:05.468;0;;34.539;0;59.420;0;31.509;0;201.0;5:50:55.319;19:51:46.482;0:34.539;0:59.420;0:31.509;309.6;Stoffel VANDOORNE;;HYPERCAR;;Peugeot Totalenergies;Peugeot;GF;34.539;59.420;31.509;
93;2;147;2:05.462;0;;34.432;0;59.262;0;31.768;0;201.0;5:53:00.781;19:53:51.944;0:34.432;0:59.262;0:31.768;313.2;Stoffel VANDOORNE;;HYPERCAR;;Peugeot Totalenergies;Peugeot;GF;34.432;59.262;31.768;
93;2;148;2:08.129;0;;34.500;0;1:00.654;0;32.975;0;196.8;5:55:08.910;19:56:00.073;0:34.500;1:00.654;0:32.975;377.6;Stoffel VANDOORNE;;HYPERCAR;;Peugeot Totalenergies;Peugeot;GF;34.500;60.654;32.975;
93;2;149;2:07.383;0;;34.841;0;1:00.263;0;32.279;0;197.9;5:57:16.293;19:58:07.456;0:34.841;1:00.263;0:32.279;313.2;Stoffel VANDOORNE;;HYPERCAR;;Peugeot Totalenergies;Peugeot;GF;34.841;60.263;32.279;
93;2;150;2:08.977;0;;36.182;0;1:00.722;0;32.073;0;195.5;5:59:25.270;20:00:16.433;0:36.182;1:00.722;0:32.073;303.5;Stoffel VANDOORNE;;HYPERCAR;;Peugeot Totalenergies;Peugeot;GF;36.182;60.722;32.073;
93;2;151;2:04.627;0;;34.437;0;58.814;0;31.376;0;202.3;6:01:29.897;20:02:21.060;0:34.437;0:58.814;0:31.376;315.0;Stoffel VANDOORNE;;HYPERCAR;;Peugeot Totalenergies;Peugeot;FF;34.437;58.814;31.376;
94;1;1;2:05.772;0;;34.247;0;59.579;0;31.946;0;197.0;2:05.772;14:02:56.935;0:34.247;0:59.579;0:31.946;275.0;Loïc DUVAL;;HYPERCAR;;Peugeot Totalenergies;Peugeot;GF;34.247;59.579;31.946;
94;1;2;2:05.556;0;;34.520;0;59.279;0;31.757;0;200.8;4:11.328;14:05:02.491;0:34.520;0:59.279;0:31.757;296.1;Loïc DUVAL;;HYPERCAR;;Peugeot Totalenergies;Peugeot;GF;34.520;59.279;31.757;
94;1;3;2:05.092;2;;34.513;0;59.034;2;31.545;1;201.6;6:16.420;14:07:07.583;0:34.513;0:59.034;0:31.545;303.5;Loïc DUVAL;;HYPERCAR;;Peugeot Totalenergies;Peugeot;GF;34.513;59.034;31.545;
94;1;4;2:05.358;0;;34.494;0;59.110;0;31.754;0;201.1;8:21.778;14:09:12.941;0:34.494;0:59.110;0:31.754;307.8;Loïc DUVAL;;HYPERCAR;;Peugeot Totalenergies;Peugeot;GF;34.494;59.110;31.754;
94;1;5;2:05.609;0;;34.675;0;59.200;0;31.734;0;200.7;10:27.387;14:11:18.550;0:34.675;0:59.200;0:31.734;304.4;Loïc DUVAL;;HYPERCAR;;Peugeot Totalenergies;Peugeot;GF;34.675;59.200;31.734;
94;1;6;2:05.342;0;;34.572;0;59.080;0;31.690;0;201.2;12:32.729;14:13:23.892;0:34.572;0:59.080;0:31.690;308.7;Loïc DUVAL;;HYPERCAR;;Peugeot Totalenergies;Peugeot;GF;34.572;59.080;31.690;
94;1;7;2:27.841;0;;34.569;0;59.266;0;54.006;0;170.5;15:00.570;14:15:51.733;0:34.569;0:59.266;0:54.006;302.7;Loïc DUVAL;;HYPERCAR;;Peugeot Totalenergies;Peugeot;SF;34.569;59.266;54.006;
94;1;8;4:46.462;0;;1:27.226;0;1:57.696;0;1:21.540;0;88.0;19:47.032;14:20:38.195;1:27.226;1:57.696;1:21.540;81.7;Loïc DUVAL;;HYPERCAR;;Peugeot Totalenergies;Peugeot;SF;87.226;117.696;81.540;
94;1;9;3:07.639;0;;1:05.776;0;1:20.903;0;40.960;0;134.4;22:54.671;14:23:45.834;1:05.776;1:20.903;0:40.960;173.4;Loïc DUVAL;;HYPERCAR;;Peugeot Totalenergies;Peugeot;SF;65.776;80.903;40.960;
94;1;10;3:01.235;0;;45.945;0;1:22.926;0;52.364;0;139.1;25:55.906;14:26:47.069;0:45.945;1:22.926;0:52.364;239.7;Loïc DUVAL;;HYPERCAR;;Peugeot Totalenergies;Peugeot;GF;45.945;82.926;52.364;
94;1;11;2:05.865;0;;34.995;0;59.263;0;31.607;0;200.3;28:01.771;14:28:52.934;0:34.995;0:59.263;0:31.607;290.5;Loïc DUVAL;;HYPERCAR;;Peugeot Totalenergies;Peugeot;GF;34.995;59.263;31.607;
94;1;12;2:05.560;0;;34.514;0;59.396;0;31.650;0;200.8;30:07.331;14:30:58.494;0:34.514;0:59.396;0:31.650;293.7;Loïc DUVAL;;HYPERCAR;;Peugeot Totalenergies;Peugeot;GF;34.514;59.396;31.650;
94;1;13;2:05.635;0;;34.566;0;59.261;0;31.808;0;200.7;32:12.966;14:33:04.129;0:34.566;0:59.261;0:31.808;293.7;Loïc DUVAL;;HYPERCAR;;Peugeot Totalenergies;Peugeot;GF;34.566;59.261;31.808;
94;1;14;2:06.384;0;;34.543;0;59.728;0;32.113;0;199.5;34:19.350;14:35:10.513;0:34.543;0:59.728;0:32.113;295.3;Loïc DUVAL;;HYPERCAR;;Peugeot Totalenergies;Peugeot;GF;34.543;59.728;32.113;
94;1;15;2:06.318;0;;35.054;0;59.576;0;31.688;0;199.6;36:25.668;14:37:16.831;0:35.054;0:59.576;0:31.688;301.8;Loïc DUVAL;;HYPERCAR;;Peugeot Totalenergies;Peugeot;GF;35.054;59.576;31.688;
94;1;16;2:05.718;0;;34.649;0;59.431;0;31.638;0;200.6;38:31.386;14:39:22.549;0:34.649;0:59.431;0:31.638;296.1;Loïc DUVAL;;HYPERCAR;;Peugeot Totalenergies;Peugeot;GF;34.649;59.431;31.638;
94;1;17;2:06.849;0;;34.574;0;59.981;0;32.294;0;198.8;40:38.235;14:41:29.398;0:34.574;0:59.981;0:32.294;295.3;Loïc DUVAL;;HYPERCAR;;Peugeot Totalenergies;Peugeot;GF;34.574;59.981;32.294;
94;1;18;2:11.955;0;;36.039;0;1:03.199;0;32.717;0;191.1;42:50.190;14:43:41.353;0:36.039;1:03.199;0:32.717;301.0;Loïc DUVAL;;HYPERCAR;;Peugeot Totalenergies;Peugeot;GF;36.039;63.199;32.717;
94;1;19;2:07.100;0;;34.603;0;1:00.865;0;31.632;0;198.4;44:57.290;14:45:48.453;0:34.603;1:00.865;0:31.632;288.2;Loïc DUVAL;;HYPERCAR;;Peugeot Totalenergies;Peugeot;GF;34.603;60.865;31.632;
94;1;20;2:05.196;0;;34.486;0;59.135;0;31.575;0;201.4;47:02.486;14:47:53.649;0:34.486;0:59.135;0:31.575;290.5;Loïc DUVAL;;HYPERCAR;;Peugeot Totalenergies;Peugeot;GF;34.486;59.135;31.575;
94;1;21;2:05.327;0;;34.458;0;59.294;0;31.575;0;201.2;49:07.813;14:49:58.976;0:34.458;0:59.294;0:31.575;290.5;Loïc DUVAL;;HYPERCAR;;Peugeot Totalenergies;Peugeot;GF;34.458;59.294;31.575;
94;1;22;2:05.216;0;;34.528;0;59.086;0;31.602;0;201.4;51:13.029;14:52:04.192;0:34.528;0:59.086;0:31.602;291.3;Loïc DUVAL;;HYPERCAR;;Peugeot Totalenergies;Peugeot;GF;34.528;59.086;31.602;
94;1;23;2:05.352;0;;34.542;0;59.161;0;31.649;0;201.1;53:18.381;14:54:09.544;0:34.542;0:59.161;0:31.649;294.5;Loïc DUVAL;;HYPERCAR;;Peugeot Totalenergies;Peugeot;GF;34.542;59.161;31.649;
94;1;24;2:06.471;0;;34.392;2;59.525;0;32.554;0;199.4;55:24.852;14:56:16.015;0:34.392;0:59.525;0:32.554;292.9;Loïc DUVAL;;HYPERCAR;;Peugeot Totalenergies;Peugeot;GF;34.392;59.525;32.554;
94;1;25;2:08.236;0;;34.616;0;1:00.374;0;33.246;0;196.6;57:33.088;14:58:24.251;0:34.616;1:00.374;0:33.246;301.8;Loïc DUVAL;;HYPERCAR;;Peugeot Totalenergies;Peugeot;GF;34.616;60.374;33.246;
94;1;26;2:07.836;0;;34.434;0;1:00.828;0;32.574;0;197.2;59:40.924;15:00:32.087;0:34.434;1:00.828;0:32.574;302.7;Loïc DUVAL;;HYPERCAR;;Peugeot Totalenergies;Peugeot;GF;34.434;60.828;32.574;
94;1;27;2:11.810;0;B;34.553;0;59.340;0;37.917;0;191.3;1:01:52.734;15:02:43.897;0:34.553;0:59.340;0:37.917;306.1;Loïc DUVAL;;HYPERCAR;;Peugeot Totalenergies;Peugeot;GF;34.553;59.340;37.917;
94;1;28;3:04.938;0;;1:33.016;0;59.886;0;32.036;0;136.3;1:04:57.672;15:05:48.835;1:33.016;0:59.886;0:32.036;308.7;Loïc DUVAL;0:01:08.693;HYPERCAR;;Peugeot Totalenergies;Peugeot;GF;93.016;59.886;32.036;
94;1;29;2:06.750;0;;34.662;0;1:00.272;0;31.816;0;198.9;1:07:04.422;15:07:55.585;0:34.662;1:00.272;0:31.816;308.7;Loïc DUVAL;;HYPERCAR;;Peugeot Totalenergies;Peugeot;GF;34.662;60.272;31.816;
94;1;30;2:06.173;0;;34.557;0;59.731;0;31.885;0;199.8;1:09:10.595;15:10:01.758;0:34.557;0:59.731;0:31.885;303.5;Loïc DUVAL;;HYPERCAR;;Peugeot Totalenergies;Peugeot;GF;34.557;59.731;31.885;
94;1;31;2:06.715;0;;34.594;0;1:00.364;0;31.757;0;199.0;1:11:17.310;15:12:08.473;0:34.594;1:00.364;0:31.757;302.7;Loïc DUVAL;;HYPERCAR;;Peugeot Totalenergies;Peugeot;GF;34.594;60.364;31.757;
94;1;32;2:06.710;0;;34.694;0;59.945;0;32.071;0;199.0;1:13:24.020;15:14:15.183;0:34.694;0:59.945;0:32.071;302.7;Loïc DUVAL;;HYPERCAR;;Peugeot Totalenergies;Peugeot;GF;34.694;59.945;32.071;
94;1;33;2:06.734;0;;34.687;0;1:00.202;0;31.845;0;199.0;1:15:30.754;15:16:21.917;0:34.687;1:00.202;0:31.845;305.2;Loïc DUVAL;;HYPERCAR;;Peugeot Totalenergies;Peugeot;GF;34.687;60.202;31.845;
94;1;34;2:08.005;0;;34.620;0;1:01.098;0;32.287;0;197.0;1:17:38.759;15:18:29.922;0:34.620;1:01.098;0:32.287;312.3;Loïc DUVAL;;HYPERCAR;;Peugeot Totalenergies;Peugeot;GF;34.620;61.098;32.287;
94;1;35;2:06.977;0;;34.793;0;1:00.007;0;32.177;0;198.6;1:19:45.736;15:20:36.899;0:34.793;1:00.007;0:32.177;311.4;Loïc DUVAL;;HYPERCAR;;Peugeot Totalenergies;Peugeot;GF;34.793;60.007;32.177;
94;1;36;2:07.287;0;;34.704;0;1:00.744;0;31.839;0;198.1;1:21:53.023;15:22:44.186;0:34.704;1:00.744;0:31.839;307.0;Loïc DUVAL;;HYPERCAR;;Peugeot Totalenergies;Peugeot;GF;34.704;60.744;31.839;
94;1;37;2:06.268;0;;34.551;0;59.891;0;31.826;0;199.7;1:23:59.291;15:24:50.454;0:34.551;0:59.891;0:31.826;307.0;Loïc DUVAL;;HYPERCAR;;Peugeot Totalenergies;Peugeot;GF;34.551;59.891;31.826;
94;1;38;2:06.527;0;;34.489;0;59.861;0;32.177;0;199.3;1:26:05.818;15:26:56.981;0:34.489;0:59.861;0:32.177;306.1;Loïc DUVAL;;HYPERCAR;;Peugeot Totalenergies;Peugeot;GF;34.489;59.861;32.177;
94;1;39;2:06.561;0;;34.566;0;1:00.071;0;31.924;0;199.2;1:28:12.379;15:29:03.542;0:34.566;1:00.071;0:31.924;307.8;Loïc DUVAL;;HYPERCAR;;Peugeot Totalenergies;Peugeot;GF;34.566;60.071;31.924;
94;1;40;2:06.947;0;;34.547;0;1:00.615;0;31.785;0;198.6;1:30:19.326;15:31:10.489;0:34.547;1:00.615;0:31.785;305.2;Loïc DUVAL;;HYPERCAR;;Peugeot Totalenergies;Peugeot;GF;34.547;60.615;31.785;
94;1;41;2:07.392;0;;34.641;0;1:00.379;0;32.372;0;197.9;1:32:26.718;15:33:17.881;0:34.641;1:00.379;0:32.372;307.0;Loïc DUVAL;;HYPERCAR;;Peugeot Totalenergies;Peugeot;GF;34.641;60.379;32.372;
94;1;42;2:06.710;0;;34.607;0;1:00.232;0;31.871;0;199.0;1:34:33.428;15:35:24.591;0:34.607;1:00.232;0:31.871;311.4;Loïc DUVAL;;HYPERCAR;;Peugeot Totalenergies;Peugeot;GF;34.607;60.232;31.871;
94;1;43;2:10.279;0;;35.060;0;1:02.849;0;32.370;0;193.5;1:36:43.707;15:37:34.870;0:35.060;1:02.849;0:32.370;300.2;Loïc DUVAL;;HYPERCAR;;Peugeot Totalenergies;Peugeot;GF;35.060;62.849;32.370;
94;1;44;2:06.817;0;;34.648;0;1:00.185;0;31.984;0;198.8;1:38:50.524;15:39:41.687;0:34.648;1:00.185;0:31.984;313.2;Loïc DUVAL;;HYPERCAR;;Peugeot Totalenergies;Peugeot;GF;34.648;60.185;31.984;
94;1;45;2:08.721;0;;34.916;0;1:01.718;0;32.087;0;195.9;1:40:59.245;15:41:50.408;0:34.916;1:01.718;0:32.087;310.5;Loïc DUVAL;;HYPERCAR;;Peugeot Totalenergies;Peugeot;GF;34.916;61.718;32.087;
94;1;46;2:07.223;0;;34.579;0;1:00.321;0;32.323;0;198.2;1:43:06.468;15:43:57.631;0:34.579;1:00.321;0:32.323;303.5;Loïc DUVAL;;HYPERCAR;;Peugeot Totalenergies;Peugeot;GF;34.579;60.321;32.323;
94;1;47;2:06.528;0;;34.572;0;1:00.104;0;31.852;0;199.3;1:45:12.996;15:46:04.159;0:34.572;1:00.104;0:31.852;305.2;Loïc DUVAL;;HYPERCAR;;Peugeot Totalenergies;Peugeot;GF;34.572;60.104;31.852;
94;1;48;2:06.420;0;;34.489;0;1:00.136;0;31.795;0;199.4;1:47:19.416;15:48:10.579;0:34.489;1:00.136;0:31.795;309.6;Loïc DUVAL;;HYPERCAR;;Peugeot Totalenergies;Peugeot;GF;34.489;60.136;31.795;
94;1;49;2:06.784;0;;34.752;0;1:00.140;0;31.892;0;198.9;1:49:26.200;15:50:17.363;0:34.752;1:00.140;0:31.892;307.0;Loïc DUVAL;;HYPERCAR;;Peugeot Totalenergies;Peugeot;GF;34.752;60.140;31.892;
94;1;50;2:08.413;0;;34.548;0;1:01.323;0;32.542;0;196.4;1:51:34.613;15:52:25.776;0:34.548;1:01.323;0:32.542;307.0;Loïc DUVAL;;HYPERCAR;;Peugeot Totalenergies;Peugeot;GF;34.548;61.323;32.542;
94;1;51;2:07.636;0;;34.591;0;1:01.159;0;31.886;0;197.5;1:53:42.249;15:54:33.412;0:34.591;1:01.159;0:31.886;306.1;Loïc DUVAL;;HYPERCAR;;Peugeot Totalenergies;Peugeot;GF;34.591;61.159;31.886;
94;1;52;2:13.519;0;B;34.961;0;1:00.358;0;38.200;0;188.8;1:55:55.768;15:56:46.931;0:34.961;1:00.358;0:38.200;312.3;Loïc DUVAL;;HYPERCAR;;Peugeot Totalenergies;Peugeot;GF;34.961;60.358;38.200;
94;3;53;3:24.051;0;;1:48.386;0;1:02.786;0;32.879;0;123.6;1:59:19.819;16:00:10.982;1:48.386;1:02.786;0:32.879;272.3;Théo POURCHAIRE;0:01:20.772;HYPERCAR;;Peugeot Totalenergies;Peugeot;GF;108.386;62.786;32.879;
94;3;54;2:09.442;0;;35.853;0;1:01.304;0;32.285;0;194.8;2:01:29.261;16:02:20.424;0:35.853;1:01.304;0:32.285;314.1;Théo POURCHAIRE;;HYPERCAR;;Peugeot Totalenergies;Peugeot;GF;35.853;61.304;32.285;
94;3;55;2:05.681;0;;34.651;0;59.360;0;31.670;0;200.6;2:03:34.942;16:04:26.105;0:34.651;0:59.360;0:31.670;301.0;Théo POURCHAIRE;;HYPERCAR;;Peugeot Totalenergies;Peugeot;GF;34.651;59.360;31.670;
94;3;56;2:06.714;0;;34.570;0;59.218;1;32.926;0;199.0;2:05:41.656;16:06:32.819;0:34.570;0:59.218;0:32.926;299.3;Théo POURCHAIRE;;HYPERCAR;;Peugeot Totalenergies;Peugeot;GF;34.570;59.218;32.926;
94;3;57;2:05.585;0;;34.576;0;59.503;0;31.506;2;200.8;2:07:47.241;16:08:38.404;0:34.576;0:59.503;0:31.506;303.5;Théo POURCHAIRE;;HYPERCAR;;Peugeot Totalenergies;Peugeot;GF;34.576;59.503;31.506;
94;3;58;2:06.164;0;;34.499;0;59.961;0;31.704;0;199.9;2:09:53.405;16:10:44.568;0:34.499;0:59.961;0:31.704;302.7;Théo POURCHAIRE;;HYPERCAR;;Peugeot Totalenergies;Peugeot;GF;34.499;59.961;31.704;
94;3;59;2:05.681;0;;34.628;0;59.326;0;31.727;0;200.6;2:11:59.086;16:12:50.249;0:34.628;0:59.326;0:31.727;305.2;Théo POURCHAIRE;;HYPERCAR;;Peugeot Totalenergies;Peugeot;GF;34.628;59.326;31.727;
94;3;60;2:06.663;0;;34.501;0;1:00.000;0;32.162;0;199.1;2:14:05.749;16:14:56.912;0:34.501;1:00.000;0:32.162;299.3;Théo POURCHAIRE;;HYPERCAR;;Peugeot Totalenergies;Peugeot;GF;34.501;60.000;32.162;
94;3;61;2:06.362;0;;34.789;0;59.642;0;31.931;0;199.5;2:16:12.111;16:17:03.274;0:34.789;0:59.642;0:31.931;306.1;Théo POURCHAIRE;;HYPERCAR;;Peugeot Totalenergies;Peugeot;GF;34.789;59.642;31.931;
94;3;62;2:06.215;0;;34.475;1;59.836;0;31.904;0;199.8;2:18:18.326;16:19:09.489;0:34.475;0:59.836;0:31.904;296.9;Théo POURCHAIRE;;HYPERCAR;;Peugeot Totalenergies;Peugeot;GF;34.475;59.836;31.904;
94;3;63;2:07.608;0;;34.840;0;1:00.650;0;32.118;0;197.6;2:20:25.934;16:21:17.097;0:34.840;1:00.650;0:32.118;310.5;Théo POURCHAIRE;;HYPERCAR;;Peugeot Totalenergies;Peugeot;GF;34.840;60.650;32.118;
94;3;64;2:07.052;0;;34.729;0;1:00.426;0;31.897;0;198.5;2:22:32.986;16:23:24.149;0:34.729;1:00.426;0:31.897;306.1;Théo POURCHAIRE;;HYPERCAR;;Peugeot Totalenergies;Peugeot;GF;34.729;60.426;31.897;
94;3;65;2:06.270;0;;34.487;0;59.994;0;31.789;0;199.7;2:24:39.256;16:25:30.419;0:34.487;0:59.994;0:31.789;298.5;Théo POURCHAIRE;;HYPERCAR;;Peugeot Totalenergies;Peugeot;GF;34.487;59.994;31.789;
94;3;66;2:07.113;0;;34.556;0;1:00.723;0;31.834;0;198.4;2:26:46.369;16:27:37.532;0:34.556;1:00.723;0:31.834;295.3;Théo POURCHAIRE;;HYPERCAR;;Peugeot Totalenergies;Peugeot;GF;34.556;60.723;31.834;
94;3;67;2:05.879;0;;34.587;0;59.513;0;31.779;0;200.3;2:28:52.248;16:29:43.411;0:34.587;0:59.513;0:31.779;301.0;Théo POURCHAIRE;;HYPERCAR;;Peugeot Totalenergies;Peugeot;GF;34.587;59.513;31.779;
94;3;68;2:05.808;0;;34.511;0;59.526;0;31.771;0;200.4;2:30:58.056;16:31:49.219;0:34.511;0:59.526;0:31.771;297.7;Théo POURCHAIRE;;HYPERCAR;;Peugeot Totalenergies;Peugeot;GF;34.511;59.526;31.771;
94;3;69;2:06.104;0;;34.583;0;59.739;0;31.782;0;199.9;2:33:04.160;16:33:55.323;0:34.583;0:59.739;0:31.782;293.7;Théo POURCHAIRE;;HYPERCAR;;Peugeot Totalenergies;Peugeot;GF;34.583;59.739;31.782;
94;3;70;2:06.781;0;;34.838;0;59.853;0;32.090;0;198.9;2:35:10.941;16:36:02.104;0:34.838;0:59.853;0:32.090;296.1;Théo POURCHAIRE;;HYPERCAR;;Peugeot Totalenergies;Peugeot;GF;34.838;59.853;32.090;
94;3;71;2:09.527;0;;35.819;0;1:01.716;0;31.992;0;194.7;2:37:20.468;16:38:11.631;0:35.819;1:01.716;0:31.992;309.6;Théo POURCHAIRE;;HYPERCAR;;Peugeot Totalenergies;Peugeot;GF;35.819;61.716;31.992;
94;3;72;2:06.817;0;;34.588;0;1:00.460;0;31.769;0;198.8;2:39:27.285;16:40:18.448;0:34.588;1:00.460;0:31.769;295.3;Théo POURCHAIRE;;HYPERCAR;;Peugeot Totalenergies;Peugeot;GF;34.588;60.460;31.769;
94;3;73;2:08.650;0;;34.893;0;1:01.745;0;32.012;0;196.0;2:41:35.935;16:42:27.098;0:34.893;1:01.745;0:32.012;296.9;Théo POURCHAIRE;;HYPERCAR;;Peugeot Totalenergies;Peugeot;GF;34.893;61.745;32.012;
94;3;74;2:07.499;0;;34.792;0;1:00.827;0;31.880;0;197.8;2:43:43.434;16:44:34.597;0:34.792;1:00.827;0:31.880;291.3;Théo POURCHAIRE;;HYPERCAR;;Peugeot Totalenergies;Peugeot;GF;34.792;60.827;31.880;
94;3;75;3:26.757;0;;34.596;0;1:27.091;0;1:25.070;0;122.0;2:47:10.191;16:48:01.354;0:34.596;1:27.091;1:25.070;293.7;Théo POURCHAIRE;;HYPERCAR;;Peugeot Totalenergies;Peugeot;GF;34.596;87.091;85.070;
94;3;76;2:09.177;0;;36.811;0;1:00.144;0;32.222;0;195.2;2:49:19.368;16:50:10.531;0:36.811;1:00.144;0:32.222;311.4;Théo POURCHAIRE;;HYPERCAR;;Peugeot Totalenergies;Peugeot;GF;36.811;60.144;32.222;
94;3;77;2:12.687;0;B;35.302;0;59.774;0;37.611;0;190.0;2:51:32.055;16:52:23.218;0:35.302;0:59.774;0:37.611;306.1;Théo POURCHAIRE;;HYPERCAR;;Peugeot Totalenergies;Peugeot;GF;35.302;59.774;37.611;
94;3;78;3:06.758;0;;1:33.403;0;1:01.276;0;32.079;0;135.0;2:54:38.813;16:55:29.976;1:33.403;1:01.276;0:32.079;306.1;Théo POURCHAIRE;0:01:09.212;HYPERCAR;;Peugeot Totalenergies;Peugeot;GF;93.403;61.276;32.079;
94;3;79;2:07.515;0;;34.665;0;1:00.782;0;32.068;0;197.7;2:56:46.328;16:57:37.491;0:34.665;1:00.782;0:32.068;307.0;Théo POURCHAIRE;;HYPERCAR;;Peugeot Totalenergies;Peugeot;GF;34.665;60.782;32.068;
94;3;80;2:07.457;0;;34.626;0;1:00.781;0;32.050;0;197.8;2:58:53.785;16:59:44.948;0:34.626;1:00.781;0:32.050;305.2;Théo POURCHAIRE;;HYPERCAR;;Peugeot Totalenergies;Peugeot;GF;34.626;60.781;32.050;
94;3;81;2:08.693;0;;34.717;0;1:01.452;0;32.524;0;195.9;3:01:02.478;17:01:53.641;0:34.717;1:01.452;0:32.524;312.3;Théo POURCHAIRE;;HYPERCAR;;Peugeot Totalenergies;Peugeot;GF;34.717;61.452;32.524;
94;3;82;2:10.469;0;;36.603;0;1:01.310;0;32.556;0;193.3;3:03:12.947;17:04:04.110;0:36.603;1:01.310;0:32.556;306.1;Théo POURCHAIRE;;HYPERCAR;;Peugeot Totalenergies;Peugeot;GF;36.603;61.310;32.556;
94;3;83;2:07.073;0;;34.865;0;1:00.230;0;31.978;0;198.4;3:05:20.020;17:06:11.183;0:34.865;1:00.230;0:31.978;305.2;Théo POURCHAIRE;;HYPERCAR;;Peugeot Totalenergies;Peugeot;GF;34.865;60.230;31.978;
94;3;84;2:07.596;0;;35.144;0;1:00.410;0;32.042;0;197.6;3:07:27.616;17:08:18.779;0:35.144;1:00.410;0:32.042;307.8;Théo POURCHAIRE;;HYPERCAR;;Peugeot Totalenergies;Peugeot;GF;35.144;60.410;32.042;
94;3;85;2:06.773;0;;34.730;0;1:00.057;0;31.986;0;198.9;3:09:34.389;17:10:25.552;0:34.730;1:00.057;0:31.986;306.1;Théo POURCHAIRE;;HYPERCAR;;Peugeot Totalenergies;Peugeot;GF;34.730;60.057;31.986;
94;3;86;2:06.629;0;;34.762;0;1:00.048;0;31.819;0;199.1;3:11:41.018;17:12:32.181;0:34.762;1:00.048;0:31.819;302.7;Théo POURCHAIRE;;HYPERCAR;;Peugeot Totalenergies;Peugeot;GF;34.762;60.048;31.819;
94;3;87;2:06.561;0;;34.725;0;59.898;0;31.938;0;199.2;3:13:47.579;17:14:38.742;0:34.725;0:59.898;0:31.938;306.1;Théo POURCHAIRE;;HYPERCAR;;Peugeot Totalenergies;Peugeot;GF;34.725;59.898;31.938;
94;3;88;2:06.894;0;;34.754;0;1:00.313;0;31.827;0;198.7;3:15:54.473;17:16:45.636;0:34.754;1:00.313;0:31.827;306.1;Théo POURCHAIRE;;HYPERCAR;;Peugeot Totalenergies;Peugeot;GF;34.754;60.313;31.827;
94;3;89;2:06.936;0;;34.730;0;1:00.140;0;32.066;0;198.6;3:18:01.409;17:18:52.572;0:34.730;1:00.140;0:32.066;304.4;Théo POURCHAIRE;;HYPERCAR;;Peugeot Totalenergies;Peugeot;GF;34.730;60.140;32.066;
94;3;90;2:07.799;0;;34.701;0;1:00.983;0;32.115;0;197.3;3:20:09.208;17:21:00.371;0:34.701;1:00.983;0:32.115;304.4;Théo POURCHAIRE;;HYPERCAR;;Peugeot Totalenergies;Peugeot;GF;34.701;60.983;32.115;
94;3;91;2:08.055;0;;34.786;0;1:00.626;0;32.643;0;196.9;3:22:17.263;17:23:08.426;0:34.786;1:00.626;0:32.643;309.6;Théo POURCHAIRE;;HYPERCAR;;Peugeot Totalenergies;Peugeot;GF;34.786;60.626;32.643;
94;3;92;2:08.921;0;;34.715;0;1:01.308;0;32.898;0;195.6;3:24:26.184;17:25:17.347;0:34.715;1:01.308;0:32.898;307.8;Théo POURCHAIRE;;HYPERCAR;;Peugeot Totalenergies;Peugeot;GF;34.715;61.308;32.898;
94;3;93;2:08.257;0;;34.977;0;1:00.986;0;32.294;0;196.6;3:26:34.441;17:27:25.604;0:34.977;1:00.986;0:32.294;312.3;Théo POURCHAIRE;;HYPERCAR;;Peugeot Totalenergies;Peugeot;GF;34.977;60.986;32.294;
94;3;94;2:07.020;0;;34.729;0;1:00.317;0;31.974;0;198.5;3:28:41.461;17:29:32.624;0:34.729;1:00.317;0:31.974;308.7;Théo POURCHAIRE;;HYPERCAR;;Peugeot Totalenergies;Peugeot;GF;34.729;60.317;31.974;
94;3;95;2:07.527;0;;35.284;0;1:00.289;0;31.954;0;197.7;3:30:48.988;17:31:40.151;0:35.284;1:00.289;0:31.954;313.2;Théo POURCHAIRE;;HYPERCAR;;Peugeot Totalenergies;Peugeot;GF;35.284;60.289;31.954;
94;3;96;2:08.508;0;;34.730;0;1:01.131;0;32.647;0;196.2;3:32:57.496;17:33:48.659;0:34.730;1:01.131;0:32.647;310.5;Théo POURCHAIRE;;HYPERCAR;;Peugeot Totalenergies;Peugeot;GF;34.730;61.131;32.647;
94;3;97;2:06.854;0;;34.769;0;1:00.229;0;31.856;0;198.8;3:35:04.350;17:35:55.513;0:34.769;1:00.229;0:31.856;308.7;Théo POURCHAIRE;;HYPERCAR;;Peugeot Totalenergies;Peugeot;GF;34.769;60.229;31.856;
94;3;98;2:07.049;0;;34.768;0;1:00.320;0;31.961;0;198.5;3:37:11.399;17:38:02.562;0:34.768;1:00.320;0:31.961;310.5;Théo POURCHAIRE;;HYPERCAR;;Peugeot Totalenergies;Peugeot;GF;34.768;60.320;31.961;
94;3;99;2:07.002;0;;34.733;0;1:00.449;0;31.820;0;198.5;3:39:18.401;17:40:09.564;0:34.733;1:00.449;0:31.820;307.0;Théo POURCHAIRE;;HYPERCAR;;Peugeot Totalenergies;Peugeot;GF;34.733;60.449;31.820;
94;3;100;2:08.316;0;;34.634;0;1:01.145;0;32.537;0;196.5;3:41:26.717;17:42:17.880;0:34.634;1:01.145;0:32.537;307.0;Théo POURCHAIRE;;HYPERCAR;;Peugeot Totalenergies;Peugeot;GF;34.634;61.145;32.537;
94;3;101;2:08.960;0;;35.973;0;1:00.841;0;32.146;0;195.5;3:43:35.677;17:44:26.840;0:35.973;1:00.841;0:32.146;308.7;Théo POURCHAIRE;;HYPERCAR;;Peugeot Totalenergies;Peugeot;GF;35.973;60.841;32.146;
94;3;102;2:14.876;0;B;34.641;0;1:01.030;0;39.205;0;186.9;3:45:50.553;17:46:41.716;0:34.641;1:01.030;0:39.205;310.5;Théo POURCHAIRE;;HYPERCAR;;Peugeot Totalenergies;Peugeot;GF;34.641;61.030;39.205;
94;2;103;5:40.967;0;B;1:54.967;0;2:17.031;1;1:28.969;0;73.9;3:51:31.520;17:52:22.683;1:54.967;2:17.031;1:28.969;245.7;Malthe JAKOBSEN;0:01:26.996;HYPERCAR;;Peugeot Totalenergies;Peugeot;GF;114.967;137.031;88.969;
